step,dc_ITE_total_power_kW,dc_CT_total_power_kW,dc_Compressor_total_power_kW,dc_HVAC_total_power_kW,dc_total_power_kW,dc_crac_setpoint_delta,dc_crac_setpoint,dc_cpu_workload_fraction,dc_int_temperature,dc_exterior_ambient_temp,dc_power_lb_kW,dc_power_ub_kW,dc_CW_pump_power_kW,dc_CT_pump_power_kW,dc_water_usage,ls_original_workload,ls_shifted_workload,ls_action,ls_norm_load_left,ls_unasigned_day_load_left,ls_penalty_flag,ls_queue_max_len,ls_tasks_in_queue,ls_norm_tasks_in_queue,ls_tasks_dropped,ls_current_hour,ls_tasks_processed,ls_enforced,ls_oldest_task_age,ls_average_task_age,ls_overdue_penalty,ls_computed_tasks,ls_task_age_histogram,bat_action,bat_SOC,bat_CO2_footprint,bat_avg_CI,bat_total_energy_without_battery_KWh,bat_total_energy_with_battery_KWh,bat_max_bat_cap,bat_a_t,bat_dcload_min,bat_dcload_max,outside_temp,day,hour,norm_CI,forecast_CI,isterminal
0,953.4095333333332,15.003465333460422,325.6850080804455,340.68847341390597,1294.098006747239,0,18,0.32,32.14183952119426,8.288764951043294,591.0951,4831.445428973613,379.3103448275862,379.3103448275862,1098.6018,0.3153445817815899,0.32,1,0,0,0,1000,0,0.0,0,0.0,0,0,0.0,0.0,0,32,[0. 0. 0. 0. 0.],2,0.0,79853.87650437224,246.8248187943285,323.52450168680974,323.52450168680974,4.831445428973614,idle,147.773775,1207.8613572434033,8.291987314317206,1,0.25,0.44781026417445335,"[0.44781026 0.44914762 0.45045454 0.44112537 0.4317962  0.42246704
 0.41310151 0.39152363]",False
1,953.4095333333332,15.005894616704724,325.6796134195243,340.685508036229,1294.095041369562,0,18,0.32,32.14183952119426,8.291987314317206,591.0951,4831.445428973613,379.3103448275862,379.3103448275862,1098.6351,0.3226791741826214,0.32,1,0,0,0,1000,0,0.0,0,0.25,0,0,0.0,0.0,0,32,[0. 0. 0. 0. 0.],2,0.0,79912.43387243064,247.00638304852168,323.5237603423905,323.5237603423905,4.831445428973614,idle,147.773775,1207.8613572434033,8.294806901184463,1,0.5,0.4491476226815907,"[0.44914762 0.45045454 0.44112537 0.4317962  0.42246704 0.41310151
 0.39152363 0.36994575]",False
2,959.3241333333333,15.668862674155593,330.99650282691346,346.665365501069,1305.9894988344024,0,18,0.33,32.232522188729604,8.294806901184463,591.0951,4831.445428973613,379.3103448275862,379.3103448275862,1106.7422,0.3300551383716291,0.33,1,0,0,0,1000,0,0.0,0,0.5,0,0,0.0,0.0,0,33,[0. 0. 0. 0. 0.],2,0.0,80706.21585394432,247.18794730271486,326.4973747086006,326.4973747086006,4.831445428973614,idle,147.773775,1207.8613572434033,8.305017704050734,1,0.75,0.45045454018887343,"[0.45045454 0.44112537 0.4317962  0.42246704 0.41310151 0.39152363
 0.36994575 0.34836786]",False
3,959.3241333333333,15.676904507647501,330.97901794008664,346.65592244773416,1305.9800557810674,0,18,0.33,32.232522188729604,8.305017704050734,591.0951,4831.445428973613,379.3103448275862,379.3103448275862,1106.8533,0.337472474348613,0.33,1,0,0,0,1000,0,0.0,0,0.75,0,0,0.0,0.0,0,33,[0. 0. 0. 0. 0.],2,0.0,80764.91212540654,247.36951155690804,326.49501394526686,326.49501394526686,4.831445428973614,idle,147.773775,1207.8613572434033,8.299213832673443,1,1.0,0.44112537234704124,"[0.44112537 0.4317962  0.42246704 0.41310151 0.39152363 0.36994575
 0.34836786 0.32682978]",False
4,965.2387333333335,16.355634958647013,336.36067064939175,352.7163056080388,1317.955038941372,0,18,0.34,32.322823152716616,8.299213832673443,591.0951,4831.445428973613,379.3103448275862,379.3103448275862,1114.8304,0.3449311821135732,0.34,1,0,0,0,1000,0,0.0,0,1.0,0,0,0.0,0.0,0,34,[0. 0. 0. 0. 0.],2,0.0,81563.93523831696,247.546943039368,329.488759735343,329.488759735343,4.831445428973614,idle,147.773775,1207.8613572434033,8.8689236380487,1,1.25,0.43179620450520906,"[0.4317962  0.42246704 0.41310151 0.39152363 0.36994575 0.34836786
 0.32682978 0.31816608]",False
5,977.0679333333336,18.310507675544343,346.1872815451711,364.49778922071545,1341.565722554049,0,18,0.36,32.50229204043178,8.8689236380487,591.0951,4831.445428973613,379.3103448275862,379.3103448275862,1135.8982,0.3524408271076976,0.36,1,0,0,0,1000,0,0.0,0,1.25,0,0,0.0,0.0,0,36,[0. 0. 0. 0. 0.],2,0.0,82600.33035420577,246.2803840782477,335.39143063851225,335.39143063851225,4.831445428973614,idle,147.773775,1207.8613572434033,9.438166508515705,1,1.5,0.4224670366633769,"[0.42246704 0.41310151 0.39152363 0.36994575 0.34836786 0.32682978
 0.31816608 0.30950239]",False
6,977.0679333333336,18.849669631705993,345.0633522080401,363.913021839746,1340.9809551730796,0,18,0.36,32.50229204043178,9.438166508515705,591.0951,4831.445428973613,379.3103448275862,379.3103448275862,1140.9733,0.36233656591998714,0.36,1,0,0,0,1000,0,0.0,0,1.5,0,0,0.0,0.0,0,36,[0. 0. 0. 0. 0.],2,0.0,82139.71830904385,245.0138251171274,335.2452387932699,335.2452387932699,4.831445428973614,idle,147.773775,1207.8613572434033,10.003845476973236,1,1.75,0.41310151418507174,"[0.41310151 0.39152363 0.36994575 0.34836786 0.32682978 0.31816608
 0.30950239 0.30083869]",False
7,982.9825333333334,20.228472322574362,349.34447047953444,369.57294280210874,1352.5554761354422,0,18,0.37,32.5914659165071,10.003845476973236,591.0951,4831.445428973613,379.3103448275862,379.3103448275862,1153.9527,0.374618398550442,0.37,1,0,0,0,1000,0,0.0,0,1.75,0,0,0.0,0.0,0,37,[0. 0. 0. 0. 0.],2,0.0,82420.42490808763,243.7472661560071,338.13886903386054,338.13886903386054,4.831445428973614,idle,147.773775,1207.8613572434033,10.552360510806507,1,2.0,0.39152363036242893,"[0.39152363 0.36994575 0.34836786 0.32682978 0.31816608 0.30950239
 0.30083869 0.29219221]",False
8,994.8117333333336,22.587664759230286,359.1376682651742,381.72533302440445,1376.537066357738,0,18,0.39,32.76870717010592,10.552360510806507,591.0951,4831.445428973613,379.3103448275862,379.3103448275862,1174.5869,0.38928632499906207,0.39,1,0,0,0,1000,0,0.0,0,2.0,0,0,0.0,0.0,0,39,[0. 0. 0. 0. 0.],2,0.0,83444.22181429887,242.47577156811025,344.1342665894345,344.1342665894345,4.831445428973614,idle,147.773775,1207.8613572434033,10.686967136840956,1,2.25,0.3699457465397859,"[0.36994575 0.34836786 0.32682978 0.31816608 0.30950239 0.30083869
 0.29219221 0.28891537]",False
9,1006.6409333333331,24.64960175548211,370.01301801411364,394.6626197695957,1401.3035531029288,0,18,0.41000000000000003,32.944492237126845,10.686967136840956,591.0951,4831.445428973613,379.3103448275862,379.3103448275862,1191.9531,0.40631493788300527,0.41000000000000003,1,0,0,0,1000,0,0.0,0,2.25,0,0,0.0,0.0,0,41,[0. 0. 0. 0. 0.],2,0.0,83919.26544253313,239.54628604690072,350.3258882757322,350.3258882757322,4.831445428973614,idle,147.773775,1207.8613572434033,10.820220514958361,1,2.5,0.34836786271714326,"[0.34836786 0.32682978 0.31816608 0.30950239 0.30083869 0.29219221
 0.28891537 0.28563852]",False
10,1012.5555333333335,25.825515302933866,375.3478670681407,401.1733823710746,1413.728915704408,0,18,0.42000000000000004,33.031845763224666,10.820220514958361,591.0951,4831.445428973613,379.3103448275862,379.3103448275862,1201.4266,0.4184270429400031,0.42000000000000004,1,0,0,0,1000,0,0.0,0,2.5,0,0,0.0,0.0,0,42,[0. 0. 0. 0. 0.],2,0.0,83628.00321115789,236.61680052569116,353.432228926102,353.432228926102,4.831445428973614,idle,147.773775,1207.8613572434033,10.929826000227122,1,2.75,0.32682978289137204,"[0.32682978 0.31816608 0.30950239 0.30083869 0.29219221 0.28891537
 0.28563852 0.28236168]",False
11,1018.4701333333333,27.01483621999415,380.77868764614834,407.7935238661425,1426.2636571994756,0,18,0.43,33.118843656639825,10.929826000227122,591.0951,4831.445428973613,379.3103448275862,379.3103448275862,1210.6057,0.4256226401700556,0.43,1,0,0,0,1000,0,0.0,0,2.75,0,0,0.0,0.0,0,43,[0. 0. 0. 0. 0.],2,0.0,83324.93113485447,233.68731500448166,356.5659142998689,356.5659142998689,4.831445428973614,idle,147.773775,1207.8613572434033,11.050555725878557,1,3.0,0.3181660847204326,"[0.31816608 0.30950239 0.30083869 0.29219221 0.28891537 0.28563852
 0.28236168 0.27901781]",False
12,1018.4701333333333,27.187010657289306,380.4613153235786,407.6483259808679,1426.1184593142013,0,18,0.43,33.118843656639825,11.050555725878557,591.0951,4831.445428973613,379.3103448275862,379.3103448275862,1212.1584,0.4279017295731627,0.43,1,0,0,0,1000,0,0.0,0,3.0,0,0,0.0,0.0,0,43,[0. 0. 0. 0. 0.],2,0.0,82273.92672309166,230.7632334067282,356.52961482855034,356.52961482855034,4.831445428973614,idle,147.773775,1207.8613572434033,11.318061886796045,1,3.25,0.3095023865494932,"[0.30950239 0.30083869 0.29219221 0.28891537 0.28563852 0.28236168
 0.27901781 0.25549372]",False
13,1018.4701333333333,27.5737513024536,379.74860544406596,407.3223567465196,1425.7924900798528,0,18,0.43,33.118843656639825,11.318061886796045,591.0951,4831.445428973613,379.3103448275862,379.3103448275862,1215.0605,0.4252797023375067,0.43,1,0,0,0,1000,0,0.0,0,3.25,0,0,0.0,0.0,0,43,[0. 0. 0. 0. 0.],2,0.0,81835.86252946615,229.58702082904884,356.4481225199632,356.4481225199632,4.831445428973614,idle,147.773775,1207.8613572434033,11.585962762132944,1,3.5,0.3008386883785537,"[0.30083869 0.29219221 0.28891537 0.28563852 0.28236168 0.27901781
 0.25549372 0.23196964]",False
14,1012.5555333333335,26.891490960584054,373.34540973226234,400.2369006928464,1412.7924340261798,0,18,0.42000000000000004,33.031845763224666,11.585962762132944,591.0951,4831.445428973613,379.3103448275862,379.3103448275862,1210.2171,0.42224107081827594,0.42000000000000004,1,0,0,0,1000,0,0.0,0,3.5,0,0,0.0,0.0,0,42,[0. 0. 0. 0. 0.],2,0.0,80674.26543683483,228.41080825136947,353.19810850654494,353.19810850654494,4.831445428973614,idle,147.773775,1207.8613572434033,11.839350705264017,1,3.75,0.2921922084647618,"[0.29219221 0.28891537 0.28563852 0.28236168 0.27901781 0.25549372
 0.23196964 0.20844556]",False
15,1012.5555333333335,27.257126125072638,372.6599429158066,399.91706904087926,1412.4726023742128,0,18,0.42000000000000004,33.031845763224666,11.839350705264017,591.0951,4831.445428973613,379.3103448275862,379.3103448275862,1212.9623,0.4187858350154704,0.42000000000000004,1,0,0,0,1000,0,0.0,0,3.75,0,0,0.0,0.0,0,42,[0. 0. 0. 0. 0.],2,0.0,80240.66017516727,227.2345956736901,353.1181505935532,353.1181505935532,4.831445428973614,idle,147.773775,1207.8613572434033,12.107997992043215,1,4.0,0.28891536502994497,"[0.28891537 0.28563852 0.28236168 0.27901781 0.25549372 0.23196964
 0.20844556 0.18493871]",False
16,1012.5555333333335,27.652055914726162,371.9210286151925,399.5730845299187,1412.1286178632522,0,18,0.42000000000000004,33.031845763224666,12.107997992043215,591.0951,4831.445428973613,379.3103448275862,379.3103448275862,1215.8768,0.41491399492909,0.42000000000000004,1,0,0,0,1000,0,0.0,0,4.0,0,0,0.0,0.0,0,42,[0. 0. 0. 0. 0.],2,0.0,79806.70327025044,226.06072070406483,353.03215446581305,353.03215446581305,4.831445428973614,idle,147.773775,1207.8613572434033,12.389045537166279,1,4.25,0.28563852159512815,"[0.28563852 0.28236168 0.27901781 0.25549372 0.23196964 0.20844556
 0.18493871 0.16644546]",False
17,1006.6409333333331,26.98292539374754,365.55230897846616,392.53523437221367,1399.1761677055467,0,18,0.41000000000000003,32.944492237126845,12.389045537166279,591.0951,4831.445428973613,379.3103448275862,379.3103448275862,1210.3705,0.4106284400382631,0.41000000000000003,1,0,0,0,1000,0,0.0,0,4.25,0,0,0.0,0.0,0,41,[0. 0. 0. 0. 0.],2,0.0,78919.07852124031,225.6158455033052,349.7940419263867,349.7940419263867,4.831445428973614,idle,147.773775,1207.8613572434033,12.689915861981943,1,4.5,0.2823616781603115,"[0.28236168 0.27901781 0.25549372 0.23196964 0.20844556 0.18493871
 0.16644546 0.14795222]",False
18,1006.6409333333331,27.425662185237528,364.7126903883033,392.1383525735408,1398.7792859068738,0,18,0.41000000000000003,32.944492237126845,12.689915861981943,591.0951,4831.445428973613,379.3103448275862,379.3103448275862,1212.866,0.4069884774667866,0.41000000000000003,1,0,0,0,1000,0,0.0,0,4.5,0,0,0.0,0.0,0,41,[0. 0. 0. 0. 0.],2,0.0,78741.12226168814,225.17097030254556,349.69482147671846,349.69482147671846,4.831445428973614,idle,147.773775,1207.8613572434033,12.96890725791238,1,4.75,0.2790178061964519,"[0.27901781 0.25549372 0.23196964 0.20844556 0.18493871 0.16644546
 0.14795222 0.12945898]",False
19,1006.6409333333331,27.844900469308126,363.9208902624625,391.7657907317706,1398.4067240651038,0,18,0.41000000000000003,32.944492237126845,12.96890725791238,591.0951,4831.445428973613,379.3103448275862,379.3103448275862,1215.1185,0.4039941072146605,0.41000000000000003,1,0,0,0,1000,0,0.0,0,4.75,0,0,0.0,0.0,0,41,[0. 0. 0. 0. 0.],2,0.0,78564.62061580787,224.72609510178594,349.60168101627596,349.60168101627596,4.831445428973614,idle,147.773775,1207.8613572434033,13.24507872698568,1,5.0,0.25549372433358875,"[0.25549372 0.23196964 0.20844556 0.18493871 0.16644546 0.14795222
 0.12945898 0.11104276]",False
20,1006.6409333333331,28.26835932330971,363.1247229940642,391.39308231737397,1398.034015650707,0,18,0.41000000000000003,32.944492237126845,13.24507872698568,591.0951,4831.445428973613,379.3103448275862,379.3103448275862,1217.339,0.4016453292818847,0.41000000000000003,1,0,0,0,1000,0,0.0,0,5.0,0,0,0.0,0.0,0,41,[0. 0. 0. 0. 0.],2,0.0,78385.0130900597,224.27211988422425,349.50850391267676,349.50850391267676,4.831445428973614,idle,147.773775,1207.8613572434033,13.389874762181288,1,5.25,0.23196964247072596,"[0.23196964 0.20844556 0.18493871 0.16644546 0.14795222 0.12945898
 0.11104276 0.11431611]",False
21,994.8117333333336,26.294709725134435,351.79838135255073,378.0930910776852,1372.9048244110188,0,18,0.39,32.76870717010592,13.389874762181288,591.0951,4831.445428973613,379.3103448275862,379.3103448275862,1201.3253,0.39993123903694855,0.39,1,0,0,0,1000,0,0.0,0,5.25,0,0,0.0,0.0,0,39,[0. 0. 0. 0. 0.],2,0.0,75879.90460949342,221.07841202188555,343.2262061027547,343.2262061027547,4.831445428973614,idle,147.773775,1207.8613572434033,13.533813747701052,1,5.5,0.2084455606078626,"[0.20844556 0.18493871 0.16644546 0.14795222 0.12945898 0.11104276
 0.11431611 0.11758946]",False
22,994.8117333333336,26.50372995463816,351.391970148356,377.89570010299417,1372.7074334363276,0,18,0.39,32.76870717010592,13.533813747701052,591.0951,4831.445428973613,379.3103448275862,379.3103448275862,1200.9614,0.39481792723573106,0.39,1,0,0,0,1000,0,0.0,0,5.5,0,0,0.0,0.0,0,39,[0. 0. 0. 0. 0.],2,0.0,74772.9882579713,217.8847041595469,343.1768583590819,343.1768583590819,4.831445428973614,idle,147.773775,1207.8613572434033,13.693391482293805,1,5.75,0.1849387076419597,"[0.18493871 0.16644546 0.14795222 0.12945898 0.11104276 0.11431611
 0.11758946 0.1208628 ]",False
23,988.8971333333333,25.67132837799269,345.5757735867202,371.24710196471284,1360.1442352980462,0,18,0.38,32.680269994622535,13.693391482293805,591.0951,4831.445428973613,379.3103448275862,379.3103448275862,1192.8931,0.38630539387823215,0.38,1,0,0,0,1000,0,0.0,0,5.75,0,0,0.0,0.0,0,38,[0. 0. 0. 0. 0.],2,0.0,73002.68024601047,214.6909962972082,340.03605882451154,340.03605882451154,4.831445428973614,idle,147.773775,1207.8613572434033,13.8463194072648,1,6.0,0.1664454636913622,"[0.16644546 0.14795222 0.12945898 0.11104276 0.11431611 0.11758946
 0.1208628  0.12411836]",False
24,982.9825333333334,24.847159236816143,339.84046522296,364.68762445977615,1347.6701577931096,0,18,0.37,32.5914659165071,13.8463194072648,591.0951,4831.445428973613,379.3103448275862,379.3103448275862,1184.7191,0.37439363896445194,0.37,1,0,0,0,1000,0,0.0,0,6.0,0,0,0.0,0.0,0,37,[0. 0. 0. 0. 0.],2,0.0,71257.93408728883,211.49962748742007,336.9175394482774,336.9175394482774,4.831445428973614,idle,147.773775,1207.8613572434033,13.964900929138837,1,6.25,0.14795221974076517,"[0.14795222 0.12945898 0.11104276 0.11431611 0.11758946 0.1208628
 0.12411836 0.12252042]",False
25,977.0679333333336,23.994951865707463,334.2606080866209,358.2555599523283,1335.3234932856617,0,18,0.36,32.50229204043178,13.964900929138837,591.0951,4831.445428973613,379.3103448275862,379.3103448275862,1177.4333,0.35911472837588987,0.36,1,0,0,0,1000,0,0.0,0,6.25,0,0,0.0,0.0,0,36,[0. 0. 0. 0. 0.],2,0.0,69766.95466952148,208.98892296983334,333.8308733214154,333.8308733214154,4.831445428973614,idle,147.773775,1207.8613572434033,14.079582170711312,1,6.5,0.12945897579016793,"[0.12945898 0.11104276 0.11431611 0.11758946 0.1208628  0.12411836
 0.12252042 0.12092248]",False
26,977.0679333333336,24.14837951517153,333.9470315337914,358.0954110489629,1335.1633443822966,0,18,0.36,32.50229204043178,14.079582170711312,591.0951,4831.445428973613,379.3103448275862,379.3103448275862,1178.0479,0.35069295111074067,0.36,1,0,0,0,1000,0,0.0,0,6.5,0,0,0.0,0.0,0,36,[0. 0. 0. 0. 0.],2,0.0,68920.53717270002,206.47821845224667,333.79083609557415,333.79083609557415,4.831445428973614,idle,147.773775,1207.8613572434033,14.202951272671823,1,6.75,0.11104275973217949,"[0.11104276 0.11431611 0.11758946 0.1208628  0.12411836 0.12252042
 0.12092248 0.11932454]",False
27,965.2387333333335,22.352814078933168,323.2747249829722,345.62753906190534,1310.8662723952389,0,18,0.34,32.322823152716616,14.202951272671823,591.0951,4831.445428973613,379.3103448275862,379.3103448275862,1162.7716,0.3491283071690042,0.34,1,0,0,0,1000,0,0.0,0,6.75,0,0,0.0,0.0,0,34,[0. 0. 0. 0. 0.],2,0.0,66843.53367031291,203.96751393465996,327.7165680988097,327.7165680988097,4.831445428973614,idle,147.773775,1207.8613572434033,14.322582536502741,1,7.0,0.11431610737026462,"[0.11431611 0.11758946 0.1208628  0.12411836 0.12252042 0.12092248
 0.11932454 0.11773657]",False
28,977.0679333333336,24.477829241690394,333.27657412530664,357.754403366997,1334.8223367003304,0,18,0.36,32.50229204043178,14.322582536502741,591.0951,4831.445428973613,379.3103448275862,379.3103448275862,1179.427,0.3544207965506806,0.36,1,0,0,0,1000,0,0.0,0,7.0,0,0,0.0,0.0,0,36,[0. 0. 0. 0. 0.],2,0.0,67230.75202000009,201.46726698084464,333.7055841750826,333.7055841750826,4.831445428973614,idle,147.773775,1207.8613572434033,14.472530960882095,1,7.25,0.11758945500834997,"[0.11758946 0.1208628  0.12411836 0.12252042 0.12092248 0.11932454
 0.11773657 0.11878455]",False
29,982.9825333333334,25.72945301930572,338.0804973407457,363.8099503600514,1346.7924836933848,0,18,0.37,32.5914659165071,14.472530960882095,591.0951,4831.445428973613,379.3103448275862,379.3103448275862,1186.2906,0.3665288220910574,0.37,1,0,0,0,1000,0,0.0,0,7.25,0,0,0.0,0.0,0,37,[0. 0. 0. 0. 0.],2,0.0,67983.27906687833,201.9116675805732,336.6981209233462,336.6981209233462,4.831445428973614,idle,147.773775,1207.8613572434033,14.620216748096421,1,7.5,0.12086280264643531,"[0.1208628  0.12411836 0.12252042 0.12092248 0.11932454 0.11773657
 0.11878455 0.11983254]",False
30,982.9825333333334,25.943601359508296,337.6574479611201,363.6010493206284,1346.583582653962,0,18,0.37,32.5914659165071,14.620216748096421,591.0951,4831.445428973613,379.3103448275862,379.3103448275862,1185.1852,0.3737751814769225,0.37,1,0,0,0,1000,0,0.0,0,7.5,0,0,0.0,0.0,0,37,[0. 0. 0. 0. 0.],2,0.0,68122.33981550005,202.3560681803018,336.6458956634905,336.6458956634905,4.831445428973614,idle,147.773775,1207.8613572434033,14.774155224850542,1,7.75,0.12411835563544461,"[0.12411836 0.12252042 0.12092248 0.11932454 0.11773657 0.11878455
 0.11983254 0.12088052]",False
31,988.8971333333333,27.267084113460353,342.46436984825374,369.73145396171407,1358.6285872950475,0,18,0.38,32.680269994622535,14.774155224850542,591.0951,4831.445428973613,379.3103448275862,379.3103448275862,1192.0602,0.37615987470827594,0.38,1,0,0,0,1000,0,0.0,0,7.75,0,0,0.0,0.0,0,38,[0. 0. 0. 0. 0.],2,0.0,68882.62860034652,202.8004687800304,339.6571468237619,339.6571468237619,4.831445428973614,idle,147.773775,1207.8613572434033,14.911376045644312,1,8.0,0.1225204180889947,"[0.12252042 0.12092248 0.11932454 0.11773657 0.11878455 0.11983254
 0.12088052 0.12195746]",False
32,982.9825333333334,26.37280201777486,336.81466605611604,363.1874680738909,1346.1700014072244,0,18,0.37,32.5914659165071,14.911376045644312,591.0951,4831.445428973613,379.3103448275862,379.3103448275862,1182.9272,0.37368290178511754,0.37,1,0,0,0,1000,0,0.0,0,8.0,0,0,0.0,0.0,0,37,[0. 0. 0. 0. 0.],2,0.0,68399.72348485708,203.24245351881305,336.5425003518061,336.5425003518061,4.831445428973614,idle,147.773775,1207.8613572434033,15.072414417720415,1,8.25,0.12092248054254502,"[0.12092248 0.11932454 0.11773657 0.11878455 0.11983254 0.12088052
 0.12195746 0.13046692]",False
33,982.9825333333334,26.614262208598568,336.34359709843767,362.9578593070362,1345.9403926403697,0,18,0.37,32.5914659165071,15.072414417720415,591.0951,4831.445428973613,379.3103448275862,379.3103448275862,1181.4547,0.3663804576401238,0.37,1,0,0,0,1000,0,0.0,0,8.25,0,0,0.0,0.0,0,37,[0. 0. 0. 0. 0.],2,0.0,68315.05939643593,203.02551218459334,336.48509816009243,336.48509816009243,4.831445428973614,idle,147.773775,1207.8613572434033,15.250492303482378,1,8.5,0.11932454299609532,"[0.11932454 0.11773657 0.11878455 0.11983254 0.12088052 0.12195746
 0.13046692 0.13897638]",False
34,982.9825333333334,26.884715694002914,335.8186424195296,362.70335811353254,1345.6858914468662,0,18,0.37,32.5914659165071,15.250492303482378,591.0951,4831.445428973613,379.3103448275862,379.3103448275862,1180.1716,0.3636096674804357,0.37,1,0,0,0,1000,0,0.0,0,8.5,0,0,0.0,0.0,0,37,[0. 0. 0. 0. 0.],2,0.0,68229.1581144625,202.80857085037366,336.42147286171655,336.42147286171655,4.831445428973614,idle,147.773775,1207.8613572434033,15.41255777746456,1,8.75,0.11773657295391951,"[0.11773657 0.11878455 0.11983254 0.12088052 0.12195746 0.13046692
 0.13897638 0.14748584]",False
35,982.9825333333334,27.13404474978385,335.3372359650217,362.4712807148056,1345.4538140481388,0,18,0.37,32.5914659165071,15.41255777746456,591.0951,4831.445428973613,379.3103448275862,379.3103448275862,1178.7105,0.3653705313060534,0.37,1,0,0,0,1000,0,0.0,0,8.75,0,0,0.0,0.0,0,37,[0. 0. 0. 0. 0.],2,0.0,68144.42015668421,202.59162951615397,336.3634535120347,336.3634535120347,4.831445428973614,idle,147.773775,1207.8613572434033,15.564617186357454,1,9.0,0.11878455472378684,"[0.11878455 0.11983254 0.12088052 0.12195746 0.13046692 0.13897638
 0.14748584 0.15597357]",False
36,982.9825333333334,27.370791194227618,334.8824149347592,362.25320612898685,1345.2357394623202,0,18,0.37,32.5914659165071,15.564617186357454,591.0951,4831.445428973613,379.3103448275862,379.3103448275862,1177.1416,0.37166304911697695,0.37,1,0,0,0,1000,0,0.0,0,9.0,0,0,0.0,0.0,0,37,[0. 0. 0. 0. 0.],2,0.0,68060.87092675045,202.3760414035798,336.30893486558006,336.30893486558006,4.831445428973614,idle,147.773775,1207.8613572434033,15.573526985426534,1,9.25,0.11983253649365416,"[0.11983254 0.12088052 0.12195746 0.13046692 0.13897638 0.14748584
 0.15597357 0.15904187]",False
37,988.8971333333333,28.533461606669544,340.0582853355905,368.59174694226,1357.4888802755934,0,18,0.38,32.680269994622535,15.573526985426534,591.0951,4831.445428973613,379.3103448275862,379.3103448275862,1185.1514,0.38245576581144786,0.38,1,0,0,0,1000,0,0.0,0,9.25,0,0,0.0,0.0,0,38,[0. 0. 0. 0. 0.],2,0.0,68729.09149180571,202.51831890616307,339.37222006889834,339.37222006889834,4.831445428973614,idle,147.773775,1207.8613572434033,15.563330631481023,1,9.5,0.12088051826352147,"[0.12088052 0.12195746 0.13046692 0.13897638 0.14748584 0.15597357
 0.15904187 0.16211018]",False
38,994.8117333333336,29.70178856860744,345.33937649476127,375.0411650633687,1369.8528983967024,0,18,0.39,32.76870717010592,15.563330631481023,591.0951,4831.445428973613,379.3103448275862,379.3103448275862,1192.9163,0.3895163623766192,0.39,1,0,0,0,1000,0,0.0,0,9.5,0,0,0.0,0.0,0,39,[0. 0. 0. 0. 0.],2,0.0,69403.80134533138,202.66059640874636,342.4632245991756,342.4632245991756,4.831445428973614,idle,147.773775,1207.8613572434033,15.547332154924753,1,9.75,0.1219574601134097,"[0.12195746 0.13046692 0.13897638 0.14748584 0.15597357 0.15904187
 0.16211018 0.16517848]",False
39,994.8117333333336,29.674619019315973,345.38935061634106,375.06396963565703,1369.8757029689905,0,18,0.39,32.76870717010592,15.547332154924753,591.0951,4831.445428973613,379.3103448275862,379.3103448275862,1192.7386,0.3928448388124909,0.39,1,0,0,0,1000,0,0.0,0,9.75,0,0,0.0,0.0,0,39,[0. 0. 0. 0. 0.],2,0.0,69453.68236585356,202.80287391132964,342.4689257422476,342.4689257422476,4.831445428973614,idle,147.773775,1207.8613572434033,15.554350940402015,1,10.0,0.13046692132391166,"[0.13046692 0.13897638 0.14748584 0.15597357 0.15904187 0.16211018
 0.16517848 0.1680939 ]",False
40,994.8117333333336,29.68653464991732,345.367430433951,375.0539650838683,1369.8656984172017,0,18,0.39,32.76870717010592,15.554350940402015,591.0951,4831.445428973613,379.3103448275862,379.3103448275862,1192.8143,0.39244119511906295,0.39,1,0,0,0,1000,0,0.0,0,10.0,0,0,0.0,0.0,0,39,[0. 0. 0. 0. 0.],2,0.0,69503.24687660381,202.94908313102715,342.4664246043004,342.4664246043004,4.831445428973614,idle,147.773775,1207.8613572434033,14.848893282991988,1,10.25,0.13897638253441363,"[0.13897638 0.14748584 0.15597357 0.15904187 0.16211018 0.16517848
 0.1680939  0.13396056]",False
41,994.8117333333336,28.520094669845786,347.5368751361176,376.0569698059634,1370.868703139297,0,18,0.39,32.76870717010592,14.848893282991988,591.0951,4831.445428973613,379.3103448275862,379.3103448275862,1183.0485,0.3883119342718651,0.39,1,0,0,0,1000,0,0.0,0,10.25,0,0,0.0,0.0,0,39,[0. 0. 0. 0. 0.],2,0.0,69950.06844828927,204.10435598421125,342.71717578482424,342.71717578482424,4.831445428973614,idle,147.773775,1207.8613572434033,14.1352657282244,1,10.5,0.1474858437449158,"[0.14748584 0.15597357 0.15904187 0.16211018 0.16517848 0.1680939
 0.13396056 0.09982721]",False
42,988.8971333333333,26.30830220506787,344.3238669001735,370.6321691052414,1359.5293024385746,0,18,0.38,32.680269994622535,14.1352657282244,591.0951,4831.445428973613,379.3103448275862,379.3103448275862,1165.3138,0.3822074110824522,0.38,1,0,0,0,1000,0,0.0,0,10.5,0,0,0.0,0.0,0,38,[0. 0. 0. 0. 0.],2,0.0,69764.12000302621,205.25962883739535,339.88232560964366,339.88232560964366,4.831445428973614,idle,147.773775,1207.8613572434033,13.426347771445746,1,10.75,0.15597356517606037,"[0.15597357 0.15904187 0.16211018 0.16517848 0.1680939  0.13396056
 0.09982721 0.06569387]",False
43,982.9825333333334,24.277928243525583,340.98947337360454,365.2674016171301,1348.2499349504635,0,18,0.37,32.5914659165071,13.426347771445746,591.0951,4831.445428973613,379.3103448275862,379.3103448275862,1147.5987,0.3741276255508243,0.37,1,0,0,0,1000,0,0.0,0,10.75,0,0,0.0,0.0,0,37,[0. 0. 0. 0. 0.],2,0.0,69574.71944428253,206.41490169057948,337.0624837376159,337.0624837376159,4.831445428973614,idle,147.773775,1207.8613572434033,12.715594729674564,1,11.0,0.15904187018174837,"[0.15904187 0.16211018 0.16517848 0.1680939  0.13396056 0.09982721
 0.06569387 0.03193503]",False
44,982.9825333333334,23.35354177694922,342.87500359417584,366.2285453711251,1349.2110787044585,0,18,0.37,32.5914659165071,12.715594729674564,591.0951,4831.445428973613,379.3103448275862,379.3103448275862,1137.7761,0.36407257767698137,0.37,1,0,0,0,1000,0,0.0,0,11.0,0,0,0.0,0.0,0,37,[0. 0. 0. 0. 0.],2,0.0,70012.99923844713,207.56722307876427,337.3027696761146,337.3027696761146,4.831445428973614,idle,147.773775,1207.8613572434033,12.566948792182261,1,11.25,0.16211017518743637,"[0.16211018 0.16517848 0.1680939  0.13396056 0.09982721 0.06569387
 0.03193503 0.08646876]",False
45,977.0679333333336,22.224980405150603,337.9322946313342,360.1572750364848,1337.2252083698183,0,18,0.36,32.50229204043178,12.566948792182261,591.0951,4831.445428973613,379.3103448275862,379.3103448275862,1127.8775,0.35207356890671027,0.36,1,0,0,0,1000,0,0.0,0,11.25,0,0,0.0,0.0,0,36,[0. 0. 0. 0. 0.],2,0.0,69530.29052871547,207.98378640641485,334.3063020924546,334.3063020924546,4.831445428973614,idle,147.773775,1207.8613572434033,12.422826600495151,1,11.5,0.16517848019312456,"[0.16517848 0.1680939  0.13396056 0.09982721 0.06569387 0.03193503
 0.08646876 0.14100248]",False
46,965.2387333333335,20.2730080956902,327.769727873755,348.0427359694453,1313.2814693027785,0,18,0.34,32.322823152716616,12.422826600495151,591.0951,4831.445428973613,379.3103448275862,379.3103448275862,1109.9854,0.34617353139182194,0.34,1,0,0,0,1000,0,0.0,0,11.5,0,0,0.0,0.0,0,34,[0. 0. 0. 0. 0.],2,0.0,68422.0793754916,208.40034973406543,328.32036732569463,328.32036732569463,4.831445428973614,idle,147.773775,1207.8613572434033,12.28179261881524,1,11.75,0.1680939017109261,"[0.1680939  0.13396056 0.09982721 0.06569387 0.03193503 0.08646876
 0.14100248 0.1955362 ]",False
47,965.2387333333335,20.119452258612267,328.10674854246855,348.2262008010808,1313.4649341344143,0,18,0.34,32.322823152716616,12.28179261881524,591.0951,4831.445428973613,379.3103448275862,379.3103448275862,1108.1151,0.34637246513231645,0.34,1,0,0,0,1000,0,0.0,0,11.75,0,0,0.0,0.0,0,34,[0. 0. 0. 0. 0.],2,0.0,68568.42324018964,208.81691306171604,328.3662335336036,328.3662335336036,4.831445428973614,idle,147.773775,1207.8613572434033,12.141030649504708,1,12.0,0.13396055799777998,"[0.13396056 0.09982721 0.06569387 0.03193503 0.08646876 0.14100248
 0.1955362  0.24990312]",False
48,977.0679333333336,21.72045828741437,338.9937761529303,360.7142344403447,1337.782167773678,0,18,0.36,32.50229204043178,12.141030649504708,591.0951,4831.445428973613,379.3103448275862,379.3103448275862,1122.2357,0.35267037012819397,0.36,1,0,0,0,1000,0,0.0,0,12.0,0,0,0.0,0.0,0,36,[0. 0. 0. 0. 0.],2,0.0,69970.26166126112,209.21272041682192,334.4455419434195,334.4455419434195,4.831445428973614,idle,147.773775,1207.8613572434033,12.148659562978898,1,12.25,0.09982721428463362,"[0.09982721 0.06569387 0.03193503 0.08646876 0.14100248 0.1955362
 0.24990312 0.26598358]",False
49,982.9825333333334,22.649565675671234,344.324302031169,366.9738677068402,1349.9564010401737,0,18,0.37,32.5914659165071,12.148659562978898,591.0951,4831.445428973613,379.3103448275862,379.3103448275862,1130.2643,0.3650293940710731,0.37,1,0,0,0,1000,0,0.0,0,12.25,0,0,0.0,0.0,0,37,[0. 0. 0. 0. 0.],2,0.0,69043.0691643001,204.57866375862443,337.4891002600434,337.4891002600434,4.831445428973614,idle,147.773775,1207.8613572434033,12.146566244751773,1,12.5,0.06569387057148726,"[0.06569387 0.03193503 0.08646876 0.14100248 0.1955362  0.24990312
 0.26598358 0.28206405]",False
50,982.9825333333334,22.64701913724764,344.3295615481031,366.9765806853507,1349.9591140186842,0,18,0.37,32.5914659165071,12.146566244751773,591.0951,4831.445428973613,379.3103448275862,379.3103448275862,1130.241,0.37383333065180685,0.37,1,0,0,0,1000,0,0.0,0,12.5,0,0,0.0,0.0,0,37,[0. 0. 0. 0. 0.],2,0.0,67479.26116352655,199.9446071004269,337.48977850467105,337.48977850467105,4.831445428973614,idle,147.773775,1207.8613572434033,12.14026628584221,1,12.75,0.03193503387441372,"[0.03193503 0.08646876 0.14100248 0.1955362  0.24990312 0.26598358
 0.28206405 0.29814451]",False
51,988.8971333333333,23.5890148554297,349.7440018855627,373.3330167409924,1362.2301500743256,0,18,0.38,32.680269994622535,12.14026628584221,591.0951,4831.445428973613,379.3103448275862,379.3103448275862,1138.0819,0.3790821798703952,0.38,1,0,0,0,1000,0,0.0,0,12.75,0,0,0.0,0.0,0,38,[0. 0. 0. 0. 0.],2,0.0,66514.48011000431,195.31055044222938,340.5575375185814,340.5575375185814,4.831445428973614,idle,147.773775,1207.8613572434033,12.12398823212469,1,13.0,0.08646875666901133,"[0.08646876 0.14100248 0.1955362  0.24990312 0.26598358 0.28206405
 0.29814451 0.31402372]",False
52,988.8971333333333,23.568404683769344,349.78571117327664,373.354115857046,1362.2512491903794,0,18,0.38,32.680269994622535,12.12398823212469,591.0951,4831.445428973613,379.3103448275862,379.3103448275862,1137.9026,0.3807759417268381,0.38,1,0,0,0,1000,0,0.0,0,13.0,0,0,0.0,0.0,0,38,[0. 0. 0. 0. 0.],2,0.0,64954.638647551015,190.72733810640352,340.56281229759486,340.56281229759486,4.831445428973614,idle,147.773775,1207.8613572434033,11.435079692936851,1,13.25,0.14100247946360872,"[0.14100248 0.1955362  0.24990312 0.26598358 0.28206405 0.29814451
 0.31402372 0.28489916]",False
53,988.8971333333333,22.7177255357061,351.5119597081412,374.2296852438473,1363.1268185771805,0,18,0.38,32.680269994622535,11.435079692936851,591.0951,4831.445428973613,379.3103448275862,379.3103448275862,1131.3416,0.3789322632634998,0.38,1,0,0,0,1000,0,0.0,0,13.25,0,0,0.0,0.0,0,38,[0. 0. 0. 0. 0.],2,0.0,67519.42616340081,198.13101831237384,340.78170464429513,340.78170464429513,4.831445428973614,idle,147.773775,1207.8613572434033,10.733263811978299,1,13.5,0.19553620225820634,"[0.1955362  0.24990312 0.26598358 0.28206405 0.29814451 0.31402372
 0.28489916 0.25577459]",False
54,988.8971333333333,21.892688163588492,353.1906689047112,375.0833570682997,1363.980490401633,0,18,0.38,32.680269994622535,10.733263811978299,591.0951,4831.445428973613,379.3103448275862,379.3103448275862,1124.6372,0.37799395346261855,0.38,1,0,0,0,1000,0,0.0,0,13.5,0,0,0.0,0.0,0,38,[0. 0. 0. 0. 0.],2,0.0,70086.3297199007,205.53469851834413,340.99512260040825,340.99512260040825,4.831445428973614,idle,147.773775,1207.8613572434033,10.029097095315407,1,13.75,0.249903118679632,"[0.24990312 0.26598358 0.28206405 0.29814451 0.31402372 0.28489916
 0.25577459 0.22665003]",False
55,988.8971333333333,21.104554706691857,354.7915413701509,375.8960960768428,1364.793229410176,0,18,0.38,32.680269994622535,10.029097095315407,591.0951,4831.445428973613,379.3103448275862,379.3103448275862,1117.9066,0.3779610123241944,0.38,1,0,0,0,1000,0,0.0,0,13.75,0,0,0.0,0.0,0,38,[0. 0. 0. 0. 0.],2,0.0,72654.21439113106,212.93837872431445,341.198307352544,341.198307352544,4.831445428973614,idle,147.773775,1207.8613572434033,9.341916597118546,1,14.0,0.2659835828165722,"[0.26598358 0.28206405 0.29814451 0.31402372 0.28489916 0.25577459
 0.22665003 0.19786688]",False
56,988.8971333333333,20.371489336715765,356.27092276656936,376.64241210328515,1365.5395454366185,0,18,0.38,32.680269994622535,9.341916597118546,591.0951,4831.445428973613,379.3103448275862,379.3103448275862,1111.3642,0.37883343984822726,0.38,1,0,0,0,1000,0,0.0,0,14.0,0,0,0.0,0.0,0,38,[0. 0. 0. 0. 0.],2,0.0,75213.71768108616,220.31941274036785,341.3848863591546,341.3848863591546,4.831445428973614,idle,147.773775,1207.8613572434033,9.207837042057037,1,14.25,0.2820640469535126,"[0.28206405 0.29814451 0.31402372 0.28489916 0.25577459 0.22665003
 0.19786688 0.24351223]",False
57,988.8971333333333,20.232431220169044,356.54984266930404,376.7822738894731,1365.6794072228065,0,18,0.38,32.680269994622535,9.207837042057037,591.0951,4831.445428973613,379.3103448275862,379.3103448275862,1110.6321,0.3806060800476333,0.38,1,0,0,0,1000,0,0.0,0,14.25,0,0,0.0,0.0,0,38,[0. 0. 0. 0. 0.],2,0.0,75966.7877218565,222.5025502181062,341.4198518057016,341.4198518057016,4.831445428973614,idle,147.773775,1207.8613572434033,9.09126870719,1,14.5,0.2981445110904528,"[0.29814451 0.31402372 0.28489916 0.25577459 0.22665003 0.19786688
 0.24351223 0.28915758]",False
58,988.8971333333333,20.11256119754964,356.7897232798792,376.90228447742885,1365.7994178107624,0,18,0.38,32.680269994622535,9.09126870719,591.0951,4831.445428973613,379.3103448275862,379.3103448275862,1110.0945,0.3821362623268064,0.38,1,0,0,0,1000,0,0.0,0,14.5,0,0,0.0,0.0,0,38,[0. 0. 0. 0. 0.],2,0.0,76718.89536134883,224.68568769584456,341.4498544526906,341.4498544526906,4.831445428973614,idle,147.773775,1207.8613572434033,8.969261759261956,1,14.75,0.314023719964203,"[0.31402372 0.28489916 0.25577459 0.22665003 0.19786688 0.24351223
 0.28915758 0.33480293]",False
59,988.8971333333333,19.988110579858372,357.0381825705792,377.02629315043754,1365.9234264837708,0,18,0.38,32.680269994622535,8.969261759261956,591.0951,4831.445428973613,379.3103448275862,379.3103448275862,1109.4965,0.38342398668574657,0.38,1,0,0,0,1000,0,0.0,0,14.75,0,0,0.0,0.0,0,38,[0. 0. 0. 0. 0.],2,0.0,77471.36076086198,226.8688251735829,341.4808566209427,341.4808566209427,4.831445428973614,idle,147.773775,1207.8613572434033,8.83398543447173,1,15.0,0.28489915575398495,"[0.28489916 0.25577459 0.22665003 0.19786688 0.24351223 0.28915758
 0.33480293 0.38021985]",False
60,988.8971333333333,19.851322222354174,357.31052575260236,377.1618479749566,1366.0589813082897,0,18,0.38,32.680269994622535,8.83398543447173,591.0951,4831.445428973613,379.3103448275862,379.3103448275862,1108.7498,0.3844692531244538,0.38,1,0,0,0,1000,0,0.0,0,15.0,0,0,0.0,0.0,0,38,[0. 0. 0. 0. 0.],2,0.0,78215.2914547088,229.02463956512668,341.51474532707243,341.51474532707243,4.831445428973614,idle,147.773775,1207.8613572434033,8.833219471691507,1,15.25,0.2557745915437669,"[0.25577459 0.22665003 0.19786688 0.24351223 0.28915758 0.33480293
 0.38021985 0.37705843]",False
61,988.8971333333333,19.85055125711087,357.3120583921937,377.16260964930456,1366.0597429826378,0,18,0.38,32.680269994622535,8.833219471691507,591.0951,4831.445428973613,379.3103448275862,379.3103448275862,1108.7413,0.3852725546819964,0.38,1,0,0,0,1000,0,0.0,0,15.25,0,0,0.0,0.0,0,38,[0. 0. 0. 0. 0.],2,0.0,76864.9686040633,225.07059152841234,341.51493574565944,341.51493574565944,4.831445428973614,idle,147.773775,1207.8613572434033,8.843050830987721,1,15.5,0.2266500273335489,"[0.22665003 0.19786688 0.24351223 0.28915758 0.33480293 0.38021985
 0.37705843 0.37389701]",False
62,988.8971333333333,19.860449857681942,357.2923784364014,377.15282829408335,1366.0499616274167,0,18,0.38,32.680269994622535,8.843050830987721,591.0951,4831.445428973613,379.3103448275862,379.3103448275862,1108.8505,0.3857496926087495,0.38,1,0,0,0,1000,0,0.0,0,15.5,0,0,0.0,0.0,0,38,[0. 0. 0. 0. 0.],2,0.0,75514.06143800526,221.116543491698,341.51249040685417,341.51249040685417,4.831445428973614,idle,147.773775,1207.8613572434033,8.851089965640389,1,15.75,0.197866878259407,"[0.19786688 0.24351223 0.28915758 0.33480293 0.38021985 0.37705843
 0.37389701 0.37073559]",False
63,988.8971333333333,19.86854886736543,357.2762730626203,377.1448219299857,1366.0419552633189,0,18,0.38,32.680269994622535,8.851089965640389,591.0951,4831.445428973613,379.3103448275862,379.3103448275862,1108.9398,0.38590066690471303,0.38,1,0,0,0,1000,0,0.0,0,15.75,0,0,0.0,0.0,0,38,[0. 0. 0. 0. 0.],2,0.0,74163.26997529686,217.16249545498366,341.5104888158297,341.5104888158297,4.831445428973614,idle,147.773775,1207.8613572434033,8.86542437891333,1,16.0,0.24351222884959636,"[0.24351223 0.28915758 0.33480293 0.38021985 0.37705843 0.37389701
 0.37073559 0.36739305]",False
64,988.8971333333333,19.883000972445956,357.24752687509454,377.13052784754046,1366.0276611808738,0,18,0.38,32.680269994622535,8.86542437891333,591.0951,4831.445428973613,379.3103448275862,379.3103448275862,1109.103,0.38572547756988707,0.38,1,0,0,0,1000,0,0.0,0,16.0,0,0,0.0,0.0,0,38,[0. 0. 0. 0. 0.],2,0.0,72827.98860454194,213.25479907657268,341.50691529521845,341.50691529521845,4.831445428973614,idle,147.773775,1207.8613572434033,8.443829419157487,1,16.25,0.28915757943978576,"[0.28915758 0.33480293 0.38021985 0.37705843 0.37389701 0.37073559
 0.36739305 0.32645632]",False
65,988.8971333333333,19.463730904530536,358.0773784029319,377.5411093074625,1366.4382426407956,0,18,0.38,32.680269994622535,8.443829419157487,591.0951,4831.445428973613,379.3103448275862,379.3103448275862,1106.5947,0.38521453950302725,0.38,1,0,0,0,1000,0,0.0,0,16.25,0,0,0.0,0.0,0,38,[0. 0. 0. 0. 0.],2,0.0,74966.82075728886,219.45176420825885,341.6095606601989,341.6095606601989,4.831445428973614,idle,147.773775,1207.8613572434033,8.052892828078564,1,16.5,0.3348029300299749,"[0.33480293 0.38021985 0.37705843 0.37389701 0.37073559 0.36739305
 0.32645632 0.2855196 ]",False
66,988.8971333333333,19.08541885934173,358.81773790825935,377.90315676760105,1366.8002901009345,0,18,0.38,32.680269994622535,8.052892828078564,591.0951,4831.445428973613,379.3103448275862,379.3103448275862,1104.427,0.38245797927020064,0.38,1,0,0,0,1000,0,0.0,0,16.5,0,0,0.0,0.0,0,38,[0. 0. 0. 0. 0.],2,0.0,77104.18718068603,225.64872933994502,341.7000725252336,341.7000725252336,4.831445428973614,idle,147.773775,1207.8613572434033,7.618580563239997,1,16.75,0.3802198471028898,"[0.38021985 0.37705843 0.37389701 0.37073559 0.36739305 0.32645632
 0.2855196  0.24458287]",False
67,988.8971333333333,18.676540446347474,359.60690959653886,378.2834500428864,1367.1805833762196,0,18,0.38,32.680269994622535,7.618580563239997,591.0951,4831.445428973613,379.3103448275862,379.3103448275862,1101.7774,0.3774557968714072,0.38,1,0,0,0,1000,0,0.0,0,16.75,0,0,0.0,0.0,0,38,[0. 0. 0. 0. 0.],2,0.0,79243.73295524737,231.84569447163116,341.7951458440549,341.7951458440549,4.831445428973614,idle,147.773775,1207.8613572434033,7.1901225804964195,1,17.0,0.37705842668516454,"[0.37705843 0.37389701 0.37073559 0.36739305 0.32645632 0.2855196
 0.24458287 0.20405627]",False
68,982.9825333333334,17.548431170879475,354.7344923686047,372.28292353948416,1355.2654568728176,0,18,0.37,32.5914659165071,7.1901225804964195,591.0951,4831.445428973613,379.3103448275862,379.3103448275862,1091.279,0.370207992306647,0.37,1,0,0,0,1000,0,0.0,0,17.0,0,0,0.0,0.0,0,37,[0. 0. 0. 0. 0.],2,0.0,80642.24077873299,238.01164670664429,338.8163642182044,338.8163642182044,4.831445428973614,idle,147.773775,1207.8613572434033,7.064504008789059,1,17.25,0.37389700626743944,"[0.37389701 0.37073559 0.36739305 0.32645632 0.2855196  0.24458287
 0.20405627 0.24667015]",False
69,977.0679333333336,16.731569735277965,349.3727918083168,366.10436154359473,1343.1722948769282,0,18,0.36,32.50229204043178,7.064504008789059,591.0951,4831.445428973613,379.3103448275862,379.3103448275862,1082.5832,0.36075201776371174,0.36,1,0,0,0,1000,0,0.0,0,17.25,0,0,0.0,0.0,0,36,[0. 0. 0. 0. 0.],2,0.0,79778.53836684374,237.58244171989466,335.79307371923204,335.79307371923204,4.831445428973614,idle,147.773775,1207.8613572434033,6.925164605483468,1,17.5,0.37073558584971417,"[0.37073559 0.36739305 0.32645632 0.2855196  0.24458287 0.20405627
 0.24667015 0.28928402]",False
70,977.0679333333336,16.617313901380804,349.59429085227816,366.211604753659,1343.2795380869925,0,18,0.36,32.50229204043178,6.925164605483468,591.0951,4831.445428973613,379.3103448275862,379.3103448275862,1081.6788,0.3567157474456657,0.36,1,0,0,0,1000,0,0.0,0,17.5,0,0,0.0,0.0,0,36,[0. 0. 0. 0. 0.],2,0.0,79640.77257368357,237.15323673314506,335.8198845217481,335.8198845217481,4.831445428973614,idle,147.773775,1207.8613572434033,6.81069494736764,1,17.75,0.3673930509501225,"[0.36739305 0.32645632 0.2855196  0.24458287 0.20405627 0.24667015
 0.28928402 0.3318979 ]",False
71,977.0679333333336,16.524227929944473,349.77357583259345,366.2978037625379,1343.3657370958715,0,18,0.36,32.50229204043178,6.81069494736764,591.0951,4831.445428973613,379.3103448275862,379.3103448275862,1081.0506,0.3580991813525086,0.36,1,0,0,0,1000,0,0.0,0,17.75,0,0,0.0,0.0,0,36,[0. 0. 0. 0. 0.],2,0.0,79501.73834882575,236.72403174639544,335.8414342739679,335.8414342739679,4.831445428973614,idle,147.773775,1207.8613572434033,6.695078026364709,1,18.0,0.3264563243145497,"[0.32645632 0.2855196  0.24458287 0.20405627 0.24667015 0.28928402
 0.3318979  0.37436009]",False
72,982.9825333333334,17.126737779387707,355.5332747577499,372.66001253713756,1355.642545870471,0,18,0.37,32.5914659165071,6.695078026364709,591.0951,4831.445428973613,379.3103448275862,379.3103448275862,1088.3522,0.36490231948424057,0.37,1,0,0,0,1000,0,0.0,0,18.0,0,0,0.0,0.0,0,37,[0. 0. 0. 0. 0.],2,0.0,80074.49675694559,236.27023805314104,338.91063646761773,338.91063646761773,4.831445428973614,idle,147.773775,1207.8613572434033,6.695270016172075,1,18.25,0.2855195976789781,"[0.2855196  0.24458287 0.20405627 0.24667015 0.28928402 0.3318979
 0.37436009 0.38677321]",False
73,988.8971333333333,17.8453239136067,361.16594060810127,379.011264521708,1367.9083978550414,0,18,0.38,32.680269994622535,6.695270016172075,591.0951,4831.445428973613,379.3103448275862,379.3103448275862,1096.2652,0.3771049091271107,0.38,1,0,0,0,1000,0,0.0,0,18.25,0,0,0.0,0.0,0,38,[0. 0. 0. 0. 0.],2,0.0,78898.40230631031,230.71253142396822,341.97709946376034,341.97709946376034,4.831445428973614,idle,147.773775,1207.8613572434033,6.689869978053903,1,18.5,0.2445828710434063,"[0.24458287 0.20405627 0.24667015 0.28928402 0.3318979  0.37436009
 0.38677321 0.39918633]",False
74,994.8117333333336,18.581945712988244,366.8598448865828,385.441790599571,1380.2535239329045,0,18,0.39,32.76870717010592,6.689869978053903,591.0951,4831.445428973613,379.3103448275862,379.3103448275862,1104.0833,0.3907824511180644,0.39,1,0,0,0,1000,0,0.0,0,18.5,0,0,0.0,0.0,0,39,[0. 0. 0. 0. 0.],2,0.0,77692.68508837807,225.15482479479556,345.0633809832261,345.0633809832261,4.831445428973614,idle,147.773775,1207.8613572434033,6.674763130509028,1,18.75,0.20405626724049244,"[0.20405627 0.24667015 0.28928402 0.3318979  0.37436009 0.38677321
 0.39918633 0.41159945]",False
75,1006.6409333333331,20.121130445775755,378.4133209418871,398.53445138766284,1405.1753847209961,0,18,0.41000000000000003,32.944492237126845,6.674763130509028,591.0951,4831.445428973613,379.3103448275862,379.3103448275862,1119.5748,0.40593494545710174,0.41000000000000003,1,0,0,0,1000,0,0.0,0,18.75,0,0,0.0,0.0,0,41,[0. 0. 0. 0. 0.],2,0.0,77143.11625050029,219.59711816562287,351.29384618024903,351.29384618024903,4.831445428973614,idle,147.773775,1207.8613572434033,6.666462678008963,1,19.0,0.24667014558345005,"[0.24667015 0.28928402 0.3318979  0.37436009 0.38677321 0.39918633
 0.41159945 0.42399265]",False
76,1012.5555333333335,20.92581522690841,384.2712126005529,405.1970278274613,1417.7525611607948,0,18,0.42000000000000004,33.031845763224666,6.666462678008963,591.0951,4831.445428973613,379.3103448275862,379.3103448275862,1127.2633,0.4225623921442227,0.42000000000000004,1,0,0,0,1000,0,0.0,0,19.0,0,0,0.0,0.0,0,42,[0. 0. 0. 0. 0.],2,0.0,75883.46596343456,214.0950911809447,354.4381402901987,354.4381402901987,4.831445428973614,idle,147.773775,1207.8613572434033,6.523973265392136,1,19.25,0.2892840239264064,"[0.28928402 0.3318979  0.37436009 0.38677321 0.39918633 0.41159945
 0.42399265 0.43252646]",False
77,1024.3847333333335,22.470662324216242,396.3726207732214,418.8432830974376,1443.2280164307713,0,18,0.44,33.205488659091465,6.523973265392136,591.0951,4831.445428973613,379.3103448275862,379.3103448275862,1140.7138,0.44065249573621657,0.44,1,0,0,0,1000,0,0.0,0,19.25,0,0,0.0,0.0,0,44,[0. 0. 0. 0. 0.],2,0.0,79334.4221298242,219.88049352319297,360.8070041076928,360.8070041076928,4.831445428973614,idle,147.773775,1207.8613572434033,6.37182518861883,1,19.5,0.33189790226936294,"[0.3318979  0.37436009 0.38677321 0.39918633 0.41159945 0.42399265
 0.43252646 0.44106028]",False
78,1036.2139333333334,24.085832696223903,408.72134203145436,432.8071747276783,1469.0211080610115,0,18,0.45999999999999996,33.37773081087316,6.37182518861883,591.0951,4831.445428973613,379.3103448275862,379.3103448275862,1153.9323,0.4576592357639951,0.45999999999999996,1,0,0,0,1000,0,0.0,0,19.5,0,0,0.0,0.0,0,46,[0. 0. 0. 0. 0.],2,0.0,82876.99109895776,225.66589586544106,367.2552770152529,367.2552770152529,4.831445428973614,idle,147.773775,1207.8613572434033,6.217507590329386,1,19.75,0.3743600873168441,"[0.37436009 0.38677321 0.39918633 0.41159945 0.42399265 0.43252646
 0.44106028 0.44959409]",False
79,1042.1285333333333,24.829690006066485,415.12484049650857,439.95453050257504,1482.0830638359084,0,18,0.47,33.463333297706605,6.217507590329386,591.0951,4831.445428973613,379.3103448275862,379.3103448275862,1159.4087,0.47358261222755826,0.47,1,0,0,0,1000,0,0.0,0,19.75,0,0,0.0,0.0,0,47,[0. 0. 0. 0. 0.],2,0.0,85757.51229411262,231.45129820768918,370.5207659589771,370.5207659589771,4.831445428973614,idle,147.773775,1207.8613572434033,6.0729126949710315,1,20.0,0.38677320956073197,"[0.38677321 0.39918633 0.41159945 0.42399265 0.43252646 0.44106028
 0.44959409 0.45810973]",False
80,1053.9577333333334,26.57315836367999,427.812003166032,454.38516152971204,1508.3428948630453,0,18,0.49,33.63351422389688,6.0729126949710315,591.0951,4831.445428973613,379.3103448275862,379.3103448275862,1172.5275,0.48842262512690604,0.49,1,0,0,0,1000,0,0.0,0,20.0,0,0,0.0,0.0,0,49,[0. 0. 0. 0. 0.],2,0.0,89450.80706908982,237.21610616188644,377.08572371576133,377.08572371576133,4.831445428973614,idle,147.773775,1207.8613572434033,6.084615650654375,1,20.25,0.3991863318046203,"[0.39918633 0.41159945 0.42399265 0.43252646 0.44106028 0.44959409
 0.45810973 0.46318178]",False
81,1065.786933333333,28.61965167178433,440.4376743364337,469.05732600821807,1534.844259341551,0,18,0.51,33.80234693643912,6.084615650654375,591.0951,4831.445428973613,379.3103448275862,379.3103448275862,1187.2541,0.502191318498159,0.51,1,0,0,0,1000,0,0.0,0,20.25,0,0,0.0,0.0,0,51,[0. 0. 0. 0. 0.],2,0.0,91669.09257516154,238.90135306493607,383.71106483538773,383.71106483538773,4.831445428973614,idle,147.773775,1207.8613572434033,6.087213701087863,1,20.5,0.41159945404850823,"[0.41159945 0.42399265 0.43252646 0.44106028 0.44959409 0.45810973
 0.46318178 0.46825382]",False
82,1071.7015333333331,29.683047926460524,446.8391556338518,476.52220356031233,1548.2237368936458,0,18,0.52,33.88626405409558,6.087213701087863,591.0951,4831.445428973613,379.3103448275862,379.3103448275862,1194.3152,0.5174099487177892,0.52,1,0,0,0,1000,0,0.0,0,20.5,0,0,0.0,0.0,0,52,[0. 0. 0. 0. 0.],2,0.0,93120.4712122429,240.58659996798576,387.05593422341144,387.05593422341144,4.831445428973614,idle,147.773775,1207.8613572434033,6.090391712570562,1,20.75,0.423992648344635,"[0.42399265 0.43252646 0.44106028 0.44959409 0.45810973 0.46318178
 0.46825382 0.47332587]",False
83,1077.6161333333332,30.777666446534308,453.2948862459274,484.0725526924617,1561.6886860257948,0,18,0.53,33.96985167468354,6.090391712570562,591.0951,4831.445428973613,379.3103448275862,379.3103448275862,1201.3533,0.5340785157857963,0.53,1,0,0,0,1000,0,0.0,0,20.75,0,0,0.0,0.0,0,53,[0. 0. 0. 0. 0.],2,0.0,94588.30055026746,242.2718468710354,390.4221715064487,390.4221715064487,4.831445428973614,idle,147.773775,1207.8613572434033,6.104253762968006,1,21.0,0.432526463424363,"[0.43252646 0.44106028 0.44959409 0.45810973 0.46318178 0.46825382
 0.47332587 0.47833499]",False
84,1095.3599333333332,34.257349254766766,472.9873950453078,507.2447443000745,1602.6046776334076,0,18,0.56,34.21866206230589,6.104253762968006,591.0951,4831.445428973613,379.3103448275862,379.3103448275862,1223.2296,0.5521970197021806,0.56,1,0,0,0,1000,0,0.0,0,21.0,0,0,0.0,0.0,0,56,[0. 0. 0. 0. 0.],2,0.0,97740.61095044324,243.95438828938998,400.6511694083519,400.6511694083519,4.831445428973614,idle,147.773775,1207.8613572434033,6.106027650116522,1,21.25,0.44106027850409146,"[0.44106028 0.44959409 0.45810973 0.46318178 0.46825382 0.47332587
 0.47833499 0.47167831]",False
85,1101.2745333333332,35.477650855739824,479.66969217659926,515.1473430323391,1616.4218763656722,0,18,0.5700000000000001,34.30095607509909,6.106027650116522,591.0951,4831.445428973613,379.3103448275862,379.3103448275862,1230.5802,0.571732470562791,0.5700000000000001,1,0,0,0,1000,0,0.0,0,21.25,0,0,0.0,0.0,0,57,[0. 0. 0. 0. 0.],2,0.0,99051.49071405336,245.11296750513816,404.10546909141806,404.10546909141806,4.831445428973614,idle,147.773775,1207.8613572434033,6.102902428337075,1,21.5,0.4495940935838197,"[0.44959409 0.45810973 0.46318178 0.46825382 0.47332587 0.47833499
 0.47167831 0.46502163]",False
86,1107.1891333333333,36.72260485044299,486.4193170177129,523.1419218681559,1630.3310552014893,0,18,0.58,34.38293265443695,6.102902428337075,591.0951,4831.445428973613,379.3103448275862,379.3103448275862,1237.8481,0.5859492413319427,0.58,1,0,0,0,1000,0,0.0,0,21.5,0,0,0.0,0.0,0,57,[0. 0. 0. 0. 0.],2,0.0,100376.0376578914,246.2715467208864,407.58276380037233,407.58276380037233,4.831445428973614,idle,147.773775,1207.8613572434033,6.109704059065897,1,21.75,0.4581097304242272,"[0.45810973 0.46318178 0.46825382 0.47332587 0.47833499 0.47167831
 0.46502163 0.45836495]",False
87,1113.1037333333334,38.01924964719134,493.20406224599265,531.223311893184,1644.3270452265174,0,18,0.59,34.46459413821611,6.109704059065897,591.0951,4831.445428973613,379.3103448275862,379.3103448275862,1245.1983,0.5948473320096357,0.59,1,0,0,0,1000,0,0.0,0,21.75,0,0,0.0,0.0,0,59,[0. 0. 0. 0. 0.],2,0.0,101714.01197035286,247.4301259366346,411.08176130662935,411.08176130662935,4.831445428973614,idle,147.773775,1207.8613572434033,6.1064202674095265,1,22.0,0.4631817764507547,"[0.46318178 0.46825382 0.47332587 0.47833499 0.47167831 0.46502163
 0.45836495 0.45175728]",False
88,1113.1037333333334,38.01319858317464,493.2113787936904,531.2245773768651,1644.3283107101984,0,18,0.59,34.46459413821611,6.1064202674095265,591.0951,4831.445428973613,379.3103448275862,379.3103448275862,1245.1624,0.59842674259587,0.59,1,0,0,0,1000,0,0.0,0,22.0,0,0,0.0,0.0,0,59,[0. 0. 0. 0. 0.],2,0.0,102189.34687595273,248.58623721394505,411.0820776775496,411.0820776775496,4.831445428973614,idle,147.773775,1207.8613572434033,5.827695705356396,1,22.25,0.46825382247728226,"[0.46825382 0.47332587 0.47833499 0.47167831 0.46502163 0.45836495
 0.45175728 0.45404571]",False
89,1113.1037333333334,37.504236408655494,493.8208516010171,531.3250880096726,1644.4288213430061,0,18,0.59,34.46459413821611,5.827695705356396,591.0951,4831.445428973613,379.3103448275862,379.3103448275862,1242.3028,0.5966943376354809,0.59,1,0,0,0,1000,0,0.0,0,22.25,0,0,0.0,0.0,0,59,[0. 0. 0. 0. 0.],2,0.0,102478.68082252676,249.27483510981605,411.10720533575153,411.10720533575153,4.831445428973614,idle,147.773775,1207.8613572434033,5.565558362823511,1,22.5,0.47332586850380953,"[0.47332587 0.47833499 0.47167831 0.46502163 0.45836495 0.45175728
 0.45404571 0.45633413]",False
90,1113.1037333333334,37.033821001796966,494.3731236330948,531.4069446348917,1644.5106779682253,0,18,0.59,34.46459413821611,5.565558362823511,591.0951,4831.445428973613,379.3103448275862,379.3103448275862,1239.6275,0.5913048590449119,0.59,1,0,0,0,1000,0,0.0,0,22.5,0,0,0.0,0.0,0,59,[0. 0. 0. 0. 0.],2,0.0,102766.88366986187,249.96343300568705,411.1276694920563,411.1276694920563,4.831445428973614,idle,147.773775,1207.8613572434033,5.287600463879617,1,22.75,0.47833498643168015,"[0.47833499 0.47167831 0.46502163 0.45836495 0.45175728 0.45404571
 0.45633413 0.45862256]",False
91,1107.1891333333333,35.308891170360525,488.1058434552444,523.414734625605,1630.6038679589383,0,18,0.58,34.38293265443695,5.287600463879617,591.0951,4831.445428973613,379.3103448275862,379.3103448275862,1229.5019,0.5822583068241631,0.58,1,0,0,0,1000,0,0.0,0,22.75,0,0,0.0,0.0,0,57,[0. 0. 0. 0. 0.],2,0.0,102178.54277496095,250.65203090155802,407.65096698973457,407.65096698973457,4.831445428973614,idle,147.773775,1207.8613572434033,4.986091460369113,1,23.0,0.471678305985189,"[0.47167831 0.46502163 0.45836495 0.45175728 0.45404571 0.45633413
 0.45862256 0.46090503]",False
92,1101.2745333333332,0.0,481.89668116852687,481.89668116852687,1583.17121450186,0,18,0.5700000000000001,34.30095607509909,4.986091460369113,591.0951,4831.445428973613,379.3103448275862,379.3103448275862,1219.0865,0.5695546809732343,0.5700000000000001,1,0,0,0,1000,0,0.0,0,23.0,0,0,0.0,0.0,0,57,[0. 0. 0. 0. 0.],2,0.0,99475.43074870792,251.33208546874081,395.792803625465,395.792803625465,4.831445428973614,idle,147.773775,1207.8613572434033,4.839578482985543,1,23.25,0.4650216255386979,"[0.46502163 0.45836495 0.45175728 0.45404571 0.45633413 0.45862256
 0.46090503 0.46212806]",False
93,1095.3599333333332,0.0,475.43011128975564,475.43011128975564,1570.7900446230888,0,18,0.56,34.21866206230589,4.839578482985543,591.0951,4831.445428973613,379.3103448275862,379.3103448275862,1210.3727,0.5532253049044558,0.56,1,0,0,0,1000,0,0.0,0,23.25,0,0,0.0,0.0,0,56,[0. 0. 0. 0. 0.],2,0.0,98342.59067713747,250.42835231549938,392.6975111557722,392.6975111557722,4.831445428973614,idle,147.773775,1207.8613572434033,4.685577686028114,1,23.5,0.4583649450922068,"[0.45836495 0.45175728 0.45404571 0.45633413 0.45862256 0.46090503
 0.46212806 0.4633511 ]",False
94,1083.5307333333335,0.0,462.3954932871822,462.3954932871822,1545.9262266205155,0,18,0.54,34.05311226190976,4.685577686028114,591.0951,4831.445428973613,379.3103448275862,379.3103448275862,1194.1592,0.538896206677599,0.54,1,0,0,0,1000,0,0.0,0,23.5,0,0,0.0,0.0,0,54,[0. 0. 0. 0. 0.],2,0.0,96436.66323760766,249.52461916225795,386.4815566551289,386.4815566551289,4.831445428973614,idle,147.773775,1207.8613572434033,4.532651807076376,1,23.75,0.45175727893304957,"[0.45175728 0.45404571 0.45633413 0.45862256 0.46090503 0.46212806
 0.4633511  0.46457413]",False
95,1077.6161333333332,0.0,456.07389702495124,456.07389702495124,1533.6900303582845,0,18,0.53,33.96985167468354,4.532651807076376,591.0951,4831.445428973613,379.3103448275862,379.3103448275862,1185.288,0.5265673862926638,0.53,1,0,0,0,1000,0,0.0,0,23.75,0,0,0.0,0.0,0,53,[0. 0. 0. 0. 0.],2,0.0,95326.84355271803,248.62088600901652,383.4225075895711,383.4225075895711,4.831445428973614,idle,147.773775,1207.8613572434033,4.387635214812468,2,0.0,0.4540457059249375,"[0.45404571 0.45633413 0.45862256 0.46090503 0.46212806 0.4633511
 0.46457413 0.46577166]",False
96,1071.7015333333331,0.0,449.78144876426416,449.78144876426416,1521.4829820975974,0,18,0.52,33.88626405409558,4.387635214812468,591.0951,4831.445428973613,379.3103448275862,379.3103448275862,1176.4749,0.5162388437496501,0.52,1,0,0,0,1000,0,0.0,0,0.0,0,0,0.0,0.0,0,52,[0. 0. 0. 0. 0.],2,0.0,94226.88922842714,247.7238071990025,380.37074552439935,380.37074552439935,4.831445428973614,idle,147.773775,1207.8613572434033,4.385957243954966,2,0.25,0.4563341329168254,"[0.45633413 0.45862256 0.46090503 0.46212806 0.4633511  0.46457413
 0.46577166 0.46252658]",False
97,1065.786933333333,0.0,443.3223938719562,443.3223938719562,1509.1093272052894,0,18,0.51,33.80234693643912,4.385957243954966,591.0951,4831.445428973613,379.3103448275862,379.3103448275862,1168.9808,0.5078998178585762,0.51,1,0,0,0,1000,0,0.0,0,0.25,0,0,0.0,0.0,0,51,[0. 0. 0. 0. 0.],2,0.0,93577.79121752191,248.03449168475572,377.27733180132236,377.27733180132236,4.831445428973614,idle,147.773775,1207.8613572434033,4.38812910424783,2,0.5,0.4586225599087135,"[0.45862256 0.46090503 0.46212806 0.4633511  0.46457413 0.46577166
 0.46252658 0.4592815 ]",False
98,1053.9577333333334,0.0,430.563986046263,430.563986046263,1484.5217193795963,0,18,0.49,33.63351422389688,4.38812910424783,591.0951,4831.445428973613,379.3103448275862,379.3103448275862,1153.965,0.499693566542868,0.49,1,0,0,0,1000,0,0.0,0,0.5,0,0,0.0,0.0,0,49,[0. 0. 0. 0. 0.],2,0.0,92168.45198206817,248.34517617050895,371.1304298448991,371.1304298448991,4.831445428973614,idle,147.773775,1207.8613572434033,4.367694520598433,2,0.75,0.46090502751574625,"[0.46090503 0.46212806 0.4633511  0.46457413 0.46577166 0.46252658
 0.4592815  0.45603642]",False
99,1053.9577333333334,0.0,430.59299139840414,430.59299139840414,1484.5507247317375,0,18,0.49,33.63351422389688,4.367694520598433,591.0951,4831.445428973613,379.3103448275862,379.3103448275862,1153.7379,0.4916200898025255,0.49,1,0,0,0,1000,0,0.0,0,0.75,0,0,0.0,0.0,0,49,[0. 0. 0. 0. 0.],2,0.0,92285.559536512,248.6558606562622,371.1376811829344,371.1376811829344,4.831445428973614,idle,147.773775,1207.8613572434033,4.3573805155723315,2,1.0,0.4621280624396847,"[0.46212806 0.4633511  0.46457413 0.46577166 0.46252658 0.4592815
 0.45603642 0.45273058]",False
100,1048.0431333333333,0.0,424.31260511044206,424.31260511044206,1472.3557384437754,0,18,0.48,33.54859356935155,4.3573805155723315,591.0951,4831.445428973613,379.3103448275862,379.3103448275862,1146.0608,0.48367938763754853,0.48,1,0,0,0,1000,0,0.0,0,1.0,0,0,0.0,0.0,0,48,[0. 0. 0. 0. 0.],2,0.0,91641.53254685855,248.9657360760388,368.08893461094385,368.08893461094385,4.831445428973614,idle,147.773775,1207.8613572434033,4.096559039343929,2,1.25,0.46335109736362307,"[0.4633511  0.46457413 0.46577166 0.46252658 0.4592815  0.45603642
 0.45273058 0.43904849]",False
101,1048.0431333333333,0.0,424.66590619493144,424.66590619493144,1472.7090395282646,0,18,0.48,33.54859356935155,4.096559039343929,591.0951,4831.445428973613,379.3103448275862,379.3103448275862,1143.9974,0.4758912554182531,0.48,1,0,0,0,1000,0,0.0,0,1.25,0,0,0.0,0.0,0,48,[0. 0. 0. 0. 0.],2,0.0,91724.65588131707,249.13177937903646,368.17725988206615,368.17725988206615,4.831445428973614,idle,147.773775,1207.8613572434033,3.821363743402855,2,1.5,0.4645741322875615,"[0.46457413 0.46577166 0.46252658 0.4592815  0.45603642 0.45273058
 0.43904849 0.42536641]",False
102,1042.1285333333333,0.0,418.7668935753436,418.7668935753436,1460.8954269086767,0,18,0.47,33.463333297706605,3.821363743402855,591.0951,4831.445428973613,379.3103448275862,379.3103448275862,1134.1792,0.47159567181183665,0.47,1,0,0,0,1000,0,0.0,0,1.5,0,0,0.0,0.0,0,47,[0. 0. 0. 0. 0.],2,0.0,91049.51227361844,249.2978226820341,365.22385672716916,365.22385672716916,4.831445428973614,idle,147.773775,1207.8613572434033,3.5294458828087536,2,1.75,0.4657716642647607,"[0.46577166 0.46252658 0.4592815  0.45603642 0.45273058 0.43904849
 0.42536641 0.41168432]",False
103,1042.1285333333333,0.0,419.11500869043095,419.11500869043095,1461.2435420237641,0,18,0.47,33.463333297706605,3.5294458828087536,591.0951,4831.445428973613,379.3103448275862,379.3103448275862,1131.7703,0.47079263681829914,0.47,1,0,0,0,1000,0,0.0,0,1.75,0,0,0.0,0.0,0,47,[0. 0. 0. 0. 0.],2,0.0,91131.86578472736,249.46386598503176,365.31088550594103,365.31088550594103,4.831445428973614,idle,147.773775,1207.8613572434033,3.2444168155188287,2,2.0,0.46252658291999554,"[0.46252658 0.4592815  0.45603642 0.45273058 0.43904849 0.42536641
 0.41168432 0.39811563]",False
104,1042.1285333333333,0.0,419.434492347381,419.434492347381,1461.5630256807142,0,18,0.47,33.463333297706605,3.2444168155188287,591.0951,4831.445428973613,379.3103448275862,379.3103448275862,1129.4428,0.4734821504376407,0.47,1,0,0,0,1000,0,0.0,0,2.0,0,0,0.0,0.0,0,47,[0. 0. 0. 0. 0.],2,0.0,91211.19626362801,249.62644692286725,365.39075642017855,365.39075642017855,4.831445428973614,idle,147.773775,1207.8613572434033,3.23438717820601,2,2.25,0.4592815015752306,"[0.4592815  0.45603642 0.45273058 0.43904849 0.42536641 0.41168432
 0.39811563 0.40353591]",False
105,1048.0431333333333,0.0,425.7120100139394,425.7120100139394,1473.7551433472727,0,18,0.48,33.54859356935155,3.23438717820601,591.0951,4831.445428973613,379.3103448275862,379.3103448275862,1139.4182,0.4796463055436222,0.48,1,0,0,0,1000,0,0.0,0,2.25,0,0,0.0,0.0,0,48,[0. 0. 0. 0. 0.],2,0.0,91809.74449316759,249.18588384945497,368.43878583681817,368.43878583681817,4.831445428973614,idle,147.773775,1207.8613572434033,3.2354213555470626,2,2.5,0.4560364202304655,"[0.45603642 0.45273058 0.43904849 0.42536641 0.41168432 0.39811563
 0.40353591 0.40895619]",False
106,1048.0431333333333,0.0,425.71086795195936,425.71086795195936,1473.7540012852926,0,18,0.48,33.54859356935155,3.2354213555470626,591.0951,4831.445428973613,379.3103448275862,379.3103448275862,1141.9213,0.4865359101410943,0.48,1,0,0,0,1000,0,0.0,0,2.5,0,0,0.0,0.0,0,48,[0. 0. 0. 0. 0.],2,0.0,91647.35294867164,248.74532077604272,368.43850032132315,368.43850032132315,4.831445428973614,idle,147.773775,1207.8613572434033,3.2310500331650958,2,2.75,0.4527305755077049,"[0.45273058 0.43904849 0.42536641 0.41168432 0.39811563 0.40353591
 0.40895619 0.41437647]",False
107,1053.9577333333334,0.0,432.0380722246686,432.0380722246686,1485.995805558002,0,18,0.49,33.63351422389688,3.2310500331650958,591.0951,4831.445428973613,379.3103448275862,379.3103448275862,1151.9293,0.49415096423005705,0.49,1,0,0,0,1000,0,0.0,0,2.75,0,0,0.0,0.0,0,49,[0. 0. 0. 0. 0.],2,0.0,92244.95711155121,248.30475770263044,371.4989513895005,371.4989513895005,4.831445428973614,idle,147.773775,1207.8613572434033,3.224389292210147,2,3.0,0.439048490413151,"[0.43904849 0.42536641 0.41168432 0.39811563 0.40353591 0.40895619
 0.41437647 0.41973683]",False
108,1065.786933333333,0.0,444.8585499922263,444.8585499922263,1510.6454833255593,0,18,0.51,33.80234693643912,3.224389292210147,591.0951,4831.445428973613,379.3103448275862,379.3103448275862,1169.3792,0.5024914678105104,0.51,1,0,0,0,1000,0,0.0,0,3.0,0,0,0.0,0.0,0,51,[0. 0. 0. 0. 0.],2,0.0,93605.61602925263,247.85594519023144,377.66137083138983,377.66137083138983,4.831445428973614,idle,147.773775,1207.8613572434033,3.2244290769021533,2,3.25,0.425366405318597,"[0.42536641 0.41168432 0.39811563 0.40353591 0.40895619 0.41437647
 0.41973683 0.41525312]",False
109,1065.786933333333,0.0,444.85850356282526,444.85850356282526,1510.6454368961583,0,18,0.51,33.80234693643912,3.2244290769021533,591.0951,4831.445428973613,379.3103448275862,379.3103448275862,1169.3796,0.5115575170959146,0.51,1,0,0,0,1000,0,0.0,0,3.25,0,0,0.0,0.0,0,51,[0. 0. 0. 0. 0.],2,0.0,92904.0975340894,245.998419655573,377.6613592240396,377.6613592240396,4.831445428973614,idle,147.773775,1207.8613572434033,3.2292565673926132,2,3.5,0.41168432022404294,"[0.41168432 0.39811563 0.40353591 0.40895619 0.41437647 0.41973683
 0.41525312 0.4107694 ]",False
110,1071.7015333333331,0.0,451.3437023835695,451.3437023835695,1523.0452357169027,0,18,0.52,33.88626405409558,3.2292565673926132,591.0951,4831.445428973613,379.3103448275862,379.3103448275862,1176.9087,0.5209911018000846,0.52,1,0,0,0,1000,0,0.0,0,3.5,0,0,0.0,0.0,0,52,[0. 0. 0. 0. 0.],2,0.0,92959.40640863091,244.14089412091454,380.76130892922566,380.76130892922566,4.831445428973614,idle,147.773775,1207.8613572434033,3.2266391993350365,2,3.75,0.3981156281735257,"[0.39811563 0.40353591 0.40895619 0.41437647 0.41973683 0.41525312
 0.4107694  0.40628569]",False
111,1077.6161333333332,0.0,457.8943283851354,457.8943283851354,1535.5104617184686,0,18,0.53,33.96985167468354,3.2266391993350365,591.0951,4831.445428973613,379.3103448275862,379.3103448275862,1184.3258,0.5307922219230203,0.53,1,0,0,0,1000,0,0.0,0,3.75,0,0,0.0,0.0,0,53,[0. 0. 0. 0. 0.],2,0.0,93007.161791147,242.28336858625607,383.87761542961715,383.87761542961715,4.831445428973614,idle,147.773775,1207.8613572434033,3.2194735347861445,2,4.0,0.40353590972816034,"[0.40353591 0.40895619 0.41437647 0.41973683 0.41525312 0.4107694
 0.40628569 0.40172486]",False
112,1083.5307333333335,0.0,464.5075389820405,464.5075389820405,1548.038272315374,0,18,0.54,34.05311226190976,3.2194735347861445,591.0951,4831.445428973613,379.3103448275862,379.3103448275862,1191.6664,0.5409608774647219,0.54,1,0,0,0,1000,0,0.0,0,4.0,0,0,0.0,0.0,0,54,[0. 0. 0. 0. 0.],2,0.0,93053.05953888963,240.44123766969093,387.0095680788435,387.0095680788435,4.831445428973614,idle,147.773775,1207.8613572434033,2.790202355333104,2,4.25,0.4089561912827949,"[0.40895619 0.41437647 0.41973683 0.41525312 0.4107694  0.40628569
 0.40172486 0.3847311 ]",False
113,1095.3599333333332,0.0,478.4102326705819,478.4102326705819,1573.770166003915,0,18,0.56,34.21866206230589,2.790202355333104,591.0951,4831.445428973613,379.3103448275862,379.3103448275862,1202.6363,0.551492270492764,0.56,1,0,0,0,1000,0,0.0,0,4.25,0,0,0.0,0.0,0,56,[0. 0. 0. 0. 0.],2,0.0,94889.33636260824,241.1771131830496,393.44254150097873,393.44254150097873,4.831445428973614,idle,147.773775,1207.8613572434033,2.3686239641321514,2,4.5,0.41437647283742957,"[0.41437647 0.41973683 0.41525312 0.4107694  0.40628569 0.40172486
 0.3847311  0.36773734]",False
114,1095.3599333333332,0.0,478.86959778348916,478.86959778348916,1574.2295311168223,0,18,0.56,34.21866206230589,2.3686239641321514,591.0951,4831.445428973613,379.3103448275862,379.3103448275862,1198.9442,0.5617677357161157,0.56,1,0,0,0,1000,0,0.0,0,4.5,0,0,0.0,0.0,0,56,[0. 0. 0. 0. 0.],2,0.0,95206.642691654,241.9129886964083,393.55738277920557,393.55738277920557,4.831445428973614,idle,147.773775,1207.8613572434033,1.943537261691723,2,4.75,0.41973683295543546,"[0.41973683 0.41525312 0.4107694  0.40628569 0.40172486 0.3847311
 0.36773734 0.35074358]",False
115,1101.2745333333332,0.0,486.08116367567897,486.08116367567897,1587.3556970090121,0,18,0.5700000000000001,34.30095607509909,1.943537261691723,591.0951,4831.445428973613,379.3103448275862,379.3103448275862,1202.544,0.5717872731347771,0.5700000000000001,1,0,0,0,1000,0,0.0,0,4.75,0,0,0.0,0.0,0,57,[0. 0. 0. 0. 0.],2,0.0,96292.51424403494,242.64886420976697,396.83892425225304,396.83892425225304,4.831445428973614,idle,147.773775,1207.8613572434033,1.5275197958979314,2,5.0,0.41525311856918473,"[0.41525312 0.4107694  0.40628569 0.40172486 0.3847311  0.36773734
 0.35074358 0.33382275]",False
116,1107.1891333333333,0.0,493.30241453348617,493.30241453348617,1600.4915478668195,0,18,0.58,34.38293265443695,1.5275197958979314,591.0951,4831.445428973613,379.3103448275862,379.3103448275862,1208.7727,0.5815508827487483,0.58,1,0,0,0,1000,0,0.0,0,5.0,0,0,0.0,0.0,0,57,[0. 0. 0. 0. 0.],2,0.0,97380.54964826837,243.37660458890875,400.12288696670487,400.12288696670487,4.831445428973614,idle,147.773775,1207.8613572434033,1.465900231593546,2,5.25,0.4107694041829342,"[0.4107694  0.40628569 0.40172486 0.3847311  0.36773734 0.35074358
 0.33382275 0.32844452]",False
117,1113.1037333333334,0.0,500.2774763968449,500.2774763968449,1613.3812097301784,0,18,0.59,34.46459413821611,1.465900231593546,591.0951,4831.445428973613,379.3103448275862,379.3103448275862,1216.0473,0.5910209477309938,0.59,1,0,0,0,1000,0,0.0,0,5.25,0,0,0.0,0.0,0,59,[0. 0. 0. 0. 0.],2,0.0,97919.28420538263,242.76788056000387,403.3453024325446,403.3453024325446,4.831445428973614,idle,147.773775,1207.8613572434033,1.4080643816677116,2,5.5,0.40628568979668367,"[0.40628569 0.40172486 0.3847311  0.36773734 0.35074358 0.33382275
 0.32844452 0.32306629]",False
118,1113.1037333333334,0.0,500.3230545942183,500.3230545942183,1613.4267879275517,0,18,0.59,34.46459413821611,1.4080643816677116,591.0951,4831.445428973613,379.3103448275862,379.3103448275862,1216.0473,0.5939619672898244,0.59,1,0,0,0,1000,0,0.0,0,5.5,0,0,0.0,0.0,0,59,[0. 0. 0. 0. 0.],2,0.0,97676.51752230407,242.15915653109903,403.3566969818879,403.3566969818879,4.831445428973614,idle,147.773775,1207.8613572434033,1.3658751956153456,2,5.75,0.4017248586875405,"[0.40172486 0.3847311  0.36773734 0.35074358 0.33382275 0.32844452
 0.32306629 0.31768806]",False
119,1113.1037333333334,0.0,500.35562784417885,500.35562784417885,1613.4593611775122,0,18,0.59,34.46459413821611,1.3658751956153456,591.0951,4831.445428973613,379.3103448275862,379.3103448275862,1216.0473,0.59037394142524,0.59,1,0,0,0,1000,0,0.0,0,5.75,0,0,0.0,0.0,0,59,[0. 0. 0. 0. 0.],2,0.0,97432.9516292855,241.55043250219418,403.36484029437804,403.36484029437804,4.831445428973614,idle,147.773775,1207.8613572434033,1.308028515232978,2,6.0,0.3847310981432462,"[0.3847311  0.36773734 0.35074358 0.33382275 0.32844452 0.32306629
 0.31768806 0.31237305]",False
120,1107.1891333333333,0.0,493.47095819530153,493.47095819530153,1600.6600915286347,0,18,0.58,34.38293265443695,1.308028515232978,591.0951,4831.445428973613,379.3103448275862,379.3103448275862,1208.7727,0.5802568701372404,0.58,1,0,0,0,1000,0,0.0,0,6.0,0,0,0.0,0.0,0,57,[0. 0. 0. 0. 0.],2,0.0,96412.25470728589,240.93123884962216,400.16502288215867,400.16502288215867,4.831445428973614,idle,147.773775,1207.8613572434033,1.347014085640045,2,6.25,0.3677373375989519,"[0.36773734 0.35074358 0.33382275 0.32844452 0.32306629 0.31768806
 0.31237305 0.31688397]",False
121,1101.2745333333332,0.0,486.5727086431756,486.5727086431756,1587.847241976509,0,18,0.5700000000000001,34.30095607509909,1.347014085640045,591.0951,4831.445428973613,379.3103448275862,379.3103448275862,1201.4701,0.563680555193026,0.5700000000000001,1,0,0,0,1000,0,0.0,0,6.25,0,0,0.0,0.0,0,57,[0. 0. 0. 0. 0.],2,0.0,94724.6584170136,238.62410920361063,396.96181049412723,396.96181049412723,4.831445428973614,idle,147.773775,1207.8613572434033,1.3862137673014103,2,6.5,0.3507435770546576,"[0.35074358 0.33382275 0.32844452 0.32306629 0.31768806 0.31237305
 0.31688397 0.32139488]",False
122,1095.3599333333332,0.0,479.7330979996857,479.7330979996857,1575.0930313330189,0,18,0.56,34.21866206230589,1.3862137673014103,591.0951,4831.445428973613,379.3103448275862,379.3103448275862,1194.1392,0.5519235724807432,0.56,1,0,0,0,1000,0,0.0,0,6.5,0,0,0.0,0.0,0,56,[0. 0. 0. 0. 0.],2,0.0,93055.30692171045,236.3169795575991,393.7732578332547,393.7732578332547,4.831445428973614,idle,147.773775,1207.8613572434033,1.4252833068734883,2,6.75,0.3338227450807907,"[0.33382275 0.32844452 0.32306629 0.31768806 0.31237305 0.31688397
 0.32139488 0.3259058 ]",False
123,1083.5307333333335,0.0,466.2576964168321,466.2576964168321,1549.7884297501655,0,18,0.54,34.05311226190976,1.4252833068734883,591.0951,4831.445428973613,379.3103448275862,379.3103448275862,1179.3916,0.5449859220003916,0.54,1,0,0,0,1000,0,0.0,0,6.75,0,0,0.0,0.0,0,54,[0. 0. 0. 0. 0.],2,0.0,90666.4394601378,234.00984991158757,387.4471074375414,387.4471074375414,4.831445428973614,idle,147.773775,1207.8613572434033,1.4410316492408584,2,7.0,0.3284445168446094,"[0.32844452 0.32306629 0.31768806 0.31237305 0.31688397 0.32139488
 0.3259058  0.3304759 ]",False
124,1083.5307333333335,0.0,466.24639138819794,466.24639138819794,1549.7771247215312,0,18,0.54,34.05311226190976,1.4410316492408584,591.0951,4831.445428973613,379.3103448275862,379.3103448275862,1179.3916,0.5428676037519713,0.54,1,0,0,0,1000,0,0.0,0,7.0,0,0,0.0,0.0,0,54,[0. 0. 0. 0. 0.],2,0.0,89775.72999677998,231.7126212916871,387.4442811803828,387.4442811803828,4.831445428973614,idle,147.773775,1207.8613572434033,1.3668064976706273,2,7.25,0.3230662886084281,"[0.32306629 0.31768806 0.31237305 0.31688397 0.32139488 0.3259058
 0.3304759  0.34408173]",False
125,1083.5307333333335,0.0,466.29904133933286,466.29904133933286,1549.8297746726664,0,18,0.54,34.05311226190976,1.3668064976706273,591.0951,4831.445428973613,379.3103448275862,379.3103448275862,1179.3916,0.5455318071904254,0.54,1,0,0,0,1000,0,0.0,0,7.25,0,0,0.0,0.0,0,54,[0. 0. 0. 0. 0.],2,0.0,89495.87157640488,230.98245507718926,387.4574436681666,387.4574436681666,4.831445428973614,idle,147.773775,1207.8613572434033,1.286818443695496,2,7.5,0.31768806037224684,"[0.31768806 0.31237305 0.31688397 0.32139488 0.3259058  0.3304759
 0.34408173 0.35768757]",False
126,1083.5307333333335,0.0,466.3539795099718,466.3539795099718,1549.8847128433051,0,18,0.54,34.05311226190976,1.286818443695496,591.0951,4831.445428973613,379.3103448275862,379.3103448275862,1179.3916,0.5470356762963363,0.54,1,0,0,0,1000,0,0.0,0,7.5,0,0,0.0,0.0,0,54,[0. 0. 0. 0. 0.],2,0.0,89216.12565136656,230.25228886269142,387.4711782108263,387.4711782108263,4.831445428973614,idle,147.773775,1207.8613572434033,1.2211444465469772,2,7.75,0.31237305041471597,"[0.31237305 0.31688397 0.32139488 0.3259058  0.3304759  0.34408173
 0.35768757 0.3712934 ]",False
127,1083.5307333333335,0.0,466.3976898497204,466.3976898497204,1549.9284231830538,0,18,0.54,34.05311226190976,1.2211444465469772,591.0951,4831.445428973613,379.3103448275862,379.3103448275862,1179.3916,0.547379211069704,0.54,1,0,0,0,1000,0,0.0,0,7.75,0,0,0.0,0.0,0,54,[0. 0. 0. 0. 0.],2,0.0,88935.71541043554,229.52212264819357,387.48210579576346,387.48210579576346,4.831445428973614,idle,147.773775,1207.8613572434033,1.1638434162855902,2,8.0,0.3168839671959896,"[0.31688397 0.32139488 0.3259058  0.3304759  0.34408173 0.35768757
 0.3712934  0.38486923]",False
128,1083.5307333333335,0.0,466.4347981419496,466.4347981419496,1549.965531475283,0,18,0.54,34.05311226190976,1.1638434162855902,591.0951,4831.445428973613,379.3103448275862,379.3103448275862,1179.3916,0.5465624115105283,0.54,1,0,0,0,1000,0,0.0,0,8.0,0,0,0.0,0.0,0,54,[0. 0. 0. 0. 0.],2,0.0,88658.23731953815,228.8005391581883,387.4913828688207,387.4913828688207,4.831445428973614,idle,147.773775,1207.8613572434033,1.222672071754467,2,8.25,0.321394883977263,"[0.32139488 0.3259058  0.3304759  0.34408173 0.35768757 0.3712934
 0.38486923 0.39394391]",False
129,1083.5307333333335,0.0,466.3966874264164,466.3966874264164,1549.9274207597498,0,18,0.54,34.05311226190976,1.222672071754467,591.0951,4831.445428973613,379.3103448275862,379.3103448275862,1179.3916,0.5446250884642065,0.54,1,0,0,0,1000,0,0.0,0,8.25,0,0,0.0,0.0,0,54,[0. 0. 0. 0. 0.],2,0.0,88893.35790205508,229.412956275026,387.48185518993745,387.48185518993745,4.831445428973614,idle,147.773775,1207.8613572434033,1.272765898240417,2,8.5,0.3259058007585364,"[0.3259058  0.3304759  0.34408173 0.35768757 0.3712934  0.38486923
 0.39394391 0.4030186 ]",False
130,1083.5307333333335,0.0,466.36343832547186,466.36343832547186,1549.8941716588054,0,18,0.54,34.05311226190976,1.272765898240417,591.0951,4831.445428973613,379.3103448275862,379.3103448275862,1179.3916,0.547727426474155,0.54,1,0,0,0,1000,0,0.0,0,8.5,0,0,0.0,0.0,0,54,[0. 0. 0. 0. 0.],2,0.0,89128.7463884225,230.0253733918637,387.47354291470134,387.47354291470134,4.831445428973614,idle,147.773775,1207.8613572434033,1.3190737148865892,2,8.75,0.33047589679674566,"[0.3304759  0.34408173 0.35768757 0.3712934  0.38486923 0.39394391
 0.4030186  0.41209328]",False
131,1095.3599333333332,0.0,479.78147850936136,479.78147850936136,1575.1414118426944,0,18,0.56,34.21866206230589,1.3190737148865892,591.0951,4831.445428973613,379.3103448275862,379.3103448275862,1194.1392,0.5558694255403733,0.56,1,0,0,0,1000,0,0.0,0,8.75,0,0,0.0,0.0,0,56,[0. 0. 0. 0. 0.],2,0.0,90821.78374153888,230.63779050870139,393.7853529606736,393.7853529606736,4.831445428973614,idle,147.773775,1207.8613572434033,1.376198956246555,2,9.0,0.34408173095969624,"[0.34408173 0.35768757 0.3712934  0.38486923 0.39394391 0.4030186
 0.41209328 0.42115605]",False
132,1101.2745333333332,0.0,486.55120813022336,486.55120813022336,1587.8257414635566,0,18,0.5700000000000001,34.30095607509909,1.376198956246555,591.0951,4831.445428973613,379.3103448275862,379.3103448275862,1201.4701,0.5690510856628616,0.5700000000000001,1,0,0,0,1000,0,0.0,0,9.0,0,0,0.0,0.0,0,57,[0. 0. 0. 0. 0.],2,0.0,91799.44739289088,231.25824199896394,396.95643536588915,396.95643536588915,4.831445428973614,idle,147.773775,1207.8613572434033,1.5638480765962355,2,9.25,0.35768756512264643,"[0.35768757 0.3712934  0.38486923 0.39394391 0.4030186  0.41209328
 0.42115605 0.42846205]",False
133,1107.1891333333333,0.0,493.2730607759072,493.2730607759072,1600.4621941092405,0,18,0.58,34.38293265443695,1.5638480765962355,591.0951,4831.445428973613,379.3103448275862,379.3103448275862,1208.7727,0.58725168975514,0.58,1,0,0,0,1000,0,0.0,0,9.25,0,0,0.0,0.0,0,57,[0. 0. 0. 0. 0.],2,0.0,93269.10116853162,233.10541545267012,400.1155485273101,400.1155485273101,4.831445428973614,idle,147.773775,1207.8613572434033,1.769273219120126,2,9.5,0.37129339928559685,"[0.3712934  0.38486923 0.39394391 0.4030186  0.41209328 0.42115605
 0.42846205 0.43576805]",False
134,1124.932933333333,0.0,514.0402712992185,514.0402712992185,1638.9732046325516,0,18,0.61,34.626981050051775,1.769273219120126,591.0951,4831.445428973613,379.3103448275862,379.3103448275862,1230.513,0.6075786113224768,0.61,1,0,0,0,1000,0,0.0,0,9.5,0,0,0.0,0.0,0,61,[0. 0. 0. 0. 0.],2,0.0,96270.24939414949,234.95258890637623,409.7433011581379,409.7433011581379,4.831445428973614,idle,147.773775,1207.8613572434033,1.960036386212112,2,9.75,0.38486923267110185,"[0.38486923 0.39394391 0.4030186  0.41209328 0.42115605 0.42846205
 0.43576805 0.44307406]",False
135,1136.7621333333334,0.0,528.106710850136,528.106710850136,1664.8688441834693,0,18,0.63,34.78813503559568,1.960036386212112,591.0951,4831.445428973613,379.3103448275862,379.3103448275862,1244.8689,0.6300318503648723,0.63,1,0,0,0,1000,0,0.0,0,9.75,0,0,0.0,0.0,0,63,[0. 0. 0. 0. 0.],2,0.0,98560.13666583764,236.79976236008238,416.2172110458673,416.2172110458673,4.831445428973614,idle,147.773775,1207.8613572434033,2.1661183855439052,2,10.0,0.39394391493026115,"[0.39394391 0.4030186  0.41209328 0.42115605 0.42846205 0.43576805
 0.44307406 0.45050945]",False
136,1154.505933333333,0.0,549.6975801753791,549.6975801753791,1704.203513508712,0,18,0.66,35.02759323050377,2.1661183855439052,591.0951,4831.445428973613,379.3103448275862,379.3103448275862,1266.2004,0.6546114068823263,0.66,1,0,0,0,1000,0,0.0,0,10.0,0,0,0.0,0.0,0,66,[0. 0. 0. 0. 0.],2,0.0,101674.00131784337,238.64286280811876,426.050878377178,426.050878377178,4.831445428973614,idle,147.773775,1207.8613572434033,2.3144964666138605,2,10.25,0.40301859718942024,"[0.4030186  0.41209328 0.42115605 0.42846205 0.43576805 0.44307406
 0.45050945 0.47670618]",False
137,1166.3351333333333,0.0,564.3566373910165,564.3566373910165,1730.69177072435,0,18,0.68,35.185742214977,2.3144964666138605,591.0951,4831.445428973613,379.3103448275862,379.3103448275862,1280.2886,0.6812984520324359,0.68,1,0,0,0,1000,0,0.0,0,10.25,0,0,0.0,0.0,0,68,[0. 0. 0. 0. 0.],2,0.0,103787.36672498034,239.87487195722207,432.6729426810875,432.6729426810875,4.831445428973614,idle,147.773775,1207.8613572434033,2.4605775102773784,2,10.5,0.4120932794485793,"[0.41209328 0.42115605 0.42846205 0.43576805 0.44307406 0.45050945
 0.47670618 0.50290291]",False
138,1184.0789333333337,0.0,582.2504384650315,582.2504384650315,1766.329371798365,0,18,0.71,35.42077338297563,2.4605775102773784,591.0951,4831.445428973613,379.3103448275862,379.3103448275862,1301.2256,0.7070070062901769,0.71,1,0,0,0,1000,0,0.0,0,10.5,0,0,0.0,0.0,0,71,[0. 0. 0. 0. 0.],2,0.0,106468.54146019967,241.10688110632535,441.58234294959124,441.58234294959124,4.831445428973614,idle,147.773775,1207.8613572434033,2.601634086599133,2,10.75,0.4211560493630295,"[0.42115605 0.42846205 0.43576805 0.44307406 0.45050945 0.47670618
 0.50290291 0.52909964]",False
139,1195.9081333333334,0.0,582.3975258414908,582.3975258414908,1778.305659174824,0,18,0.73,35.57602340938229,2.601634086599133,591.0951,4831.445428973613,379.3103448275862,379.3103448275862,1315.0556,0.7317370696555494,0.73,1,0,0,0,1000,0,0.0,0,10.75,0,0,0.0,0.0,0,73,[0. 0. 0. 0. 0.],2,0.0,107738.15499484383,242.33889025542862,444.576414793706,444.576414793706,4.831445428973614,idle,147.773775,1207.8613572434033,2.7474342871926036,2,11.0,0.42846205128912934,"[0.42846205 0.43576805 0.44307406 0.45050945 0.47670618 0.50290291
 0.52909964 0.55522347]",False
140,1213.6519333333333,0.0,582.5556146951922,582.5556146951922,1796.2075480285255,0,18,0.76,35.8067826435037,2.7474342871926036,591.0951,4831.445428973613,379.3103448275862,379.3103448275862,1335.6121,0.7554886421285533,0.76,1,0,0,0,1000,0,0.0,0,11.0,0,0,0.0,0.0,0,76,[0. 0. 0. 0. 0.],2,0.0,109375.245764121,243.56928214485828,449.05188700713137,449.05188700713137,4.831445428973614,idle,147.773775,1207.8613572434033,2.7530536480670436,2,11.25,0.4357680532152292,"[0.43576805 0.44307406 0.45050945 0.47670618 0.50290291 0.52909964
 0.55522347 0.57095129]",False
141,1225.4811333333332,0.0,582.5618306987736,582.5618306987736,1808.042964032107,0,18,0.78,35.95923453699553,2.7530536480670436,591.0951,4831.445428973613,379.3103448275862,379.3103448275862,1349.1928,0.7782600999422951,0.78,1,0,0,0,1000,0,0.0,0,11.25,0,0,0.0,0.0,0,78,[0. 0. 0. 0. 0.],2,0.0,110544.27537932113,244.5611693491994,452.01074100802674,452.01074100802674,4.831445428973614,idle,147.773775,1207.8613572434033,2.7636013904695687,2,11.5,0.44307405514132886,"[0.44307406 0.45050945 0.47670618 0.50290291 0.52909964 0.55522347
 0.57095129 0.5866791 ]",False
142,1231.3957333333337,0.0,582.5735229965815,582.5735229965815,1813.969256329915,0,18,0.79,36.035049987923685,2.7636013904695687,591.0951,4831.445428973613,379.3103448275862,379.3103448275862,1355.9466,0.7999106709422616,0.79,1,0,0,0,1000,0,0.0,0,11.5,0,0,0.0,0.0,0,79,[0. 0. 0. 0. 0.],2,0.0,111356.42384649086,245.5530565535405,453.49231408247874,453.49231408247874,4.831445428973614,idle,147.773775,1207.8613572434033,2.768920912574301,2,11.75,0.4505094456290741,"[0.45050945 0.47670618 0.50290291 0.52909964 0.55522347 0.57095129
 0.5866791  0.60240691]",False
143,1249.1395333333332,0.0,582.5794319427922,582.5794319427922,1831.7189652761253,0,18,0.8200000000000001,36.260876980703955,2.768920912574301,591.0951,4831.445428973613,379.3103448275862,379.3103448275862,1376.0637,0.8204403551284529,0.8200000000000001,1,0,0,0,1000,0,0.0,0,11.75,0,0,0.0,0.0,0,82,[0. 0. 0. 0. 0.],2,0.0,112900.26231856184,246.54494375788158,457.92974131903134,457.92974131903134,4.831445428973614,idle,147.773775,1207.8613572434033,2.782702373025392,2,12.0,0.4767061775553812,"[0.47670618 0.50290291 0.52909964 0.55522347 0.57095129 0.5866791
 0.60240691 0.61805367]",False
144,1260.9687333333336,0.0,582.5947784639235,582.5947784639235,1843.5635117972572,0,18,0.8400000000000001,36.41009732875452,2.782702373025392,591.0951,4831.445428973613,379.3103448275862,379.3103448275862,1389.3566,0.839849152500869,0.8400000000000001,1,0,0,0,1000,0,0.0,0,12.0,0,0,0.0,0.0,0,84,[0. 0. 0. 0. 0.],2,0.0,114095.56345888606,247.55439718516956,460.8908779493143,460.8908779493143,4.831445428973614,idle,147.773775,1207.8613572434033,2.808359471271234,2,12.25,0.5029029094816891,"[0.50290291 0.52909964 0.55522347 0.57095129 0.5866791  0.60240691
 0.61805367 0.62232977]",False
145,1272.7979333333333,0.0,582.6234953696365,582.6234953696365,1855.42142870297,0,18,0.86,36.5582698125095,2.808359471271234,591.0951,4831.445428973613,379.3103448275862,379.3103448275862,1402.5561,0.8580399628097399,0.86,1,0,0,0,1000,0,0.0,0,12.25,0,0,0.0,0.0,0,86,[0. 0. 0. 0. 0.],2,0.0,116479.16076660957,251.11095293975166,463.8553571757425,463.8553571757425,4.831445428973614,idle,147.773775,1207.8613572434033,2.8050806359561284,2,12.5,0.5290996414079963,"[0.52909964 0.55522347 0.57095129 0.5866791  0.60240691 0.61805367
 0.62232977 0.62660587]",False
146,1272.7979333333333,0.0,582.6198149143063,582.6198149143063,1855.4177482476398,0,18,0.86,36.5582698125095,2.8050806359561284,591.0951,4831.445428973613,379.3103448275862,379.3103448275862,1402.5561,0.8611656694876302,0.86,1,0,0,0,1000,0,0.0,0,12.5,0,0,0.0,0.0,0,86,[0. 0. 0. 0. 0.],2,0.0,118128.65388336929,254.66750869433386,463.85443706190995,463.85443706190995,4.831445428973614,idle,147.773775,1207.8613572434033,2.8030004452884625,2,12.75,0.5552234733195449,"[0.55522347 0.57095129 0.5866791  0.60240691 0.61805367 0.62232977
 0.62660587 0.63088197]",False
147,1260.9687333333336,0.0,582.6174815332687,582.6174815332687,1843.5862148666024,0,18,0.8400000000000001,36.41009732875452,2.8030004452884625,591.0951,4831.445428973613,379.3103448275862,379.3103448275862,1389.3566,0.8492262725345399,0.8400000000000001,1,0,0,0,1000,0,0.0,0,12.75,0,0,0.0,0.0,0,84,[0. 0. 0. 0. 0.],2,0.0,119014.58139121164,258.22406444891595,460.8965537166506,460.8965537166506,4.831445428973614,idle,147.773775,1207.8613572434033,2.7889774566633987,2,13.0,0.5709512850936935,"[0.57095129 0.5866791  0.60240691 0.61805367 0.62232977 0.62660587
 0.63088197 0.63503458]",False
148,1249.1395333333332,0.0,582.6017843389122,582.6017843389122,1831.7413176722455,0,18,0.8200000000000001,36.260876980703955,2.7889774566633987,591.0951,4831.445428973613,379.3103448275862,379.3103448275862,1376.0637,0.8222217719504692,0.8200000000000001,1,0,0,0,1000,0,0.0,0,13.0,0,0,0.0,0.0,0,82,[0. 0. 0. 0. 0.],2,0.0,119874.06229382913,261.7707230541999,457.9353294180614,457.9353294180614,4.831445428973614,idle,147.773775,1207.8613572434033,2.926012787972806,2,13.25,0.586679096867842,"[0.5866791  0.60240691 0.61805367 0.62232977 0.62660587 0.63088197
 0.63503458 0.6221392 ]",False
149,1225.4811333333332,0.0,582.7576126321076,582.7576126321076,1808.2387459654408,0,18,0.78,35.95923453699553,2.926012787972806,591.0951,4831.445428973613,379.3103448275862,379.3103448275862,1349.1928,0.7803343741727243,0.78,1,0,0,0,1000,0,0.0,0,13.25,0,0,0.0,0.0,0,78,[0. 0. 0. 0. 0.],2,0.0,119301.25606033574,263.90598327023315,452.0596864913602,452.0596864913602,4.831445428973614,idle,147.773775,1207.8613572434033,3.064146176335408,2,13.5,0.6024069086419905,"[0.60240691 0.61805367 0.62232977 0.62660587 0.63088197 0.63503458
 0.6221392  0.60924382]",False
150,1201.8227333333336,0.0,582.9201669145912,582.9201669145912,1784.742900247925,0,18,0.74,35.65322327550432,3.064146176335408,591.0951,4831.445428973613,379.3103448275862,379.3103448275862,1321.9327,0.7490545104051697,0.74,1,0,0,0,1000,0,0.0,0,13.5,0,0,0.0,0.0,0,74,[0. 0. 0. 0. 0.],2,0.0,118703.80512131087,266.0412434862664,446.18572506198126,446.18572506198126,4.831445428973614,idle,147.773775,1207.8613572434033,3.1803876215440647,2,13.75,0.6180536694885936,"[0.61805367 0.62232977 0.62660587 0.63088197 0.63503458 0.6221392
 0.60924382 0.59634844]",False
151,1195.9081333333334,0.0,583.0612113965318,583.0612113965318,1778.969344729865,0,18,0.73,35.57602340938229,3.1803876215440647,591.0951,4831.445428973613,379.3103448275862,379.3103448275862,1315.0556,0.7283821806478055,0.73,1,0,0,0,1000,0,0.0,0,13.75,0,0,0.0,0.0,0,73,[0. 0. 0. 0. 0.],2,0.0,119269.44476580656,268.17650370229967,444.74233618246626,444.74233618246626,4.831445428973614,idle,147.773775,1207.8613572434033,3.3117406227809636,2,14.0,0.6223297695644402,"[0.62232977 0.62660587 0.63088197 0.63503458 0.6221392  0.60924382
 0.59634844 0.58354215]",False
152,1189.9935333333333,0.0,583.2252595702357,583.2252595702357,1773.218792903569,0,18,0.72,35.498540780501955,3.3117406227809636,591.0951,4831.445428973613,379.3103448275862,379.3103448275862,1308.1533,0.7183173849006315,0.72,1,0,0,0,1000,0,0.0,0,14.0,0,0,0.0,0.0,0,72,[0. 0. 0. 0. 0.],2,0.0,119825.59691912541,270.3007601739122,443.30469822589225,443.30469822589225,4.831445428973614,idle,147.773775,1207.8613572434033,3.474042857223734,2,14.25,0.6266058696402869,"[0.62660587 0.63088197 0.63503458 0.6221392  0.60924382 0.59634844
 0.58354215 0.58284066]",False
153,1189.9935333333333,0.0,583.4347857497359,583.4347857497359,1773.428319083069,0,18,0.72,35.498540780501955,3.474042857223734,591.0951,4831.445428973613,379.3103448275862,379.3103448275862,1308.1533,0.7187796236897761,0.72,1,0,0,0,1000,0,0.0,0,14.25,0,0,0.0,0.0,0,72,[0. 0. 0. 0. 0.],2,0.0,120097.14115319993,270.8812977911502,443.35707977076726,443.35707977076726,4.831445428973614,idle,147.773775,1207.8613572434033,3.6263336794458656,2,14.5,0.6308819697161331,"[0.63088197 0.63503458 0.6221392  0.60924382 0.59634844 0.58354215
 0.58284066 0.58213918]",False
154,1189.9935333333333,0.0,583.6382311216094,583.6382311216094,1773.6317644549426,0,18,0.72,35.498540780501955,3.6263336794458656,591.0951,4831.445428973613,379.3103448275862,379.3103448275862,1308.1533,0.7186915214853762,0.72,1,0,0,0,1000,0,0.0,0,14.5,0,0,0.0,0.0,0,72,[0. 0. 0. 0. 0.],2,0.0,120368.3335293892,271.4618354083882,443.40794111373566,443.40794111373566,4.831445428973614,idle,147.773775,1207.8613572434033,3.7849005710765327,2,14.75,0.6350345762764945,"[0.63503458 0.6221392  0.60924382 0.59634844 0.58354215 0.58284066
 0.58213918 0.5814377 ]",False
155,1189.9935333333333,0.0,583.8570822298533,583.8570822298533,1773.8506155631862,0,18,0.72,35.498540780501955,3.7849005710765327,591.0951,4831.445428973613,379.3103448275862,379.3103448275862,1309.0475,0.7180530782874317,0.72,1,0,0,0,1000,0,0.0,0,14.75,0,0,0.0,0.0,0,72,[0. 0. 0. 0. 0.],2,0.0,120640.63271269422,272.04237302562615,443.46265389079656,443.46265389079656,4.831445428973614,idle,147.773775,1207.8613572434033,3.9351131973944833,2,15.0,0.6221391970563611,"[0.6221392  0.60924382 0.59634844 0.58354215 0.58284066 0.58213918
 0.5814377  0.58076758]",False
156,1189.9935333333333,0.0,584.0709916403656,584.0709916403656,1774.0645249736988,0,18,0.72,35.498540780501955,3.9351131973944833,591.0951,4831.445428973613,379.3103448275862,379.3103448275862,1311.1028,0.7168642940959427,0.72,1,0,0,0,1000,0,0.0,0,15.0,0,0,0.0,0.0,0,72,[0. 0. 0. 0. 0.],2,0.0,120905.22267317426,272.60614475105797,443.5161312434247,443.5161312434247,4.831445428973614,idle,147.773775,1207.8613572434033,3.7228117175895243,2,15.25,0.6092438178362274,"[0.60924382 0.59634844 0.58354215 0.58284066 0.58213918 0.5814377
 0.58076758 0.58429356]",False
157,1189.9935333333333,0.0,583.770536309268,583.770536309268,1773.764069642601,0,18,0.72,35.498540780501955,3.7228117175895243,591.0951,4831.445428973613,379.3103448275862,379.3103448275862,1308.47,0.7151328530274812,0.72,1,0,0,0,1000,0,0.0,0,15.25,0,0,0.0,0.0,0,72,[0. 0. 0. 0. 0.],2,0.0,120108.40524713667,270.8554250314418,443.44101741065026,443.44101741065026,4.831445428973614,idle,147.773775,1207.8613572434033,3.533409193527117,2,15.5,0.596348438616094,"[0.59634844 0.58354215 0.58284066 0.58213918 0.5814377  0.58076758
 0.58429356 0.58781953]",False
158,1189.9935333333333,0.0,583.5133062630962,583.5133062630962,1773.5068395964295,0,18,0.72,35.498540780501955,3.533409193527117,591.0951,4831.445428973613,379.3103448275862,379.3103448275862,1308.1533,0.7139806169906873,0.72,1,0,0,0,1000,0,0.0,0,15.5,0,0,0.0,0.0,0,72,[0. 0. 0. 0. 0.],2,0.0,119314.75885952609,269.1047053118256,443.37670989910737,443.37670989910737,4.831445428973614,idle,147.773775,1207.8613572434033,3.346793082859749,2,15.75,0.5835421472205831,"[0.58354215 0.58284066 0.58213918 0.5814377  0.58076758 0.58429356
 0.58781953 0.59134551]",False
159,1189.9935333333333,0.0,583.2698728445213,583.2698728445213,1773.2634061778547,0,18,0.72,35.498540780501955,3.346793082859749,591.0951,4831.445428973613,379.3103448275862,379.3103448275862,1308.1533,0.7134075859855609,0.72,1,0,0,0,1000,0,0.0,0,15.75,0,0,0.0,0.0,0,72,[0. 0. 0. 0. 0.],2,0.0,118522.25978661662,267.3539855922095,443.31585154446367,443.31585154446367,4.831445428973614,idle,147.773775,1207.8613572434033,3.1547799706838293,2,16.0,0.5828406639956206,"[0.58284066 0.58213918 0.5814377  0.58076758 0.58429356 0.58781953
 0.59134551 0.59475744]",False
160,1189.9935333333333,0.0,583.0298063235099,583.0298063235099,1773.023339656843,0,18,0.72,35.498540780501955,3.1547799706838293,591.0951,4831.445428973613,379.3103448275862,379.3103448275862,1308.1533,0.713413760012102,0.72,1,0,0,0,1000,0,0.0,0,16.0,0,0,0.0,0.0,0,72,[0. 0. 0. 0. 0.],2,0.0,117735.55848773783,265.6153607329834,443.25583491421077,443.25583491421077,4.831445428973614,idle,147.773775,1207.8613572434033,3.07013306429402,2,16.25,0.5821391807706586,"[0.58213918 0.5814377  0.58076758 0.58429356 0.58781953 0.59134551
 0.59475744 0.58314657]",False
161,1189.9935333333333,0.0,582.9273363967694,582.9273363967694,1772.9208697301026,0,18,0.72,35.498540780501955,3.07013306429402,591.0951,4831.445428973613,379.3103448275862,379.3103448275862,1308.1533,0.7140675490373166,0.72,1,0,0,0,1000,0,0.0,0,16.25,0,0,0.0,0.0,0,72,[0. 0. 0. 0. 0.],2,0.0,117686.54274942644,265.5201250292513,443.23021743252565,443.23021743252565,4.831445428973614,idle,147.773775,1207.8613572434033,2.9875405932868864,2,16.5,0.5814376975456962,"[0.5814377  0.58076758 0.58429356 0.58781953 0.59134551 0.59475744
 0.58314657 0.57153571]",False
162,1195.9081333333334,0.0,582.829339536982,582.829339536982,1778.7374728703155,0,18,0.73,35.57602340938229,2.9875405932868864,591.0951,4831.445428973613,379.3103448275862,379.3103448275862,1315.0556,0.7250142540571811,0.73,1,0,0,0,1000,0,0.0,0,16.5,0,0,0.0,0.0,0,73,[0. 0. 0. 0. 0.],2,0.0,118030.29921893933,265.42488932551925,444.6843682175789,444.6843682175789,4.831445428973614,idle,147.773775,1207.8613572434033,2.901115985308945,2,16.75,0.5807675824548352,"[0.58076758 0.58429356 0.58781953 0.59134551 0.59475744 0.58314657
 0.57153571 0.55992484]",False
163,1201.8227333333336,0.0,582.7288988458093,582.7288988458093,1784.5516321791429,0,18,0.74,35.65322327550432,2.901115985308945,591.0951,4831.445428973613,379.3103448275862,379.3103448275862,1321.9327,0.7462538750716958,0.74,1,0,0,0,1000,0,0.0,0,16.75,0,0,0.0,0.0,0,74,[0. 0. 0. 0. 0.],2,0.0,118373.61660907172,265.32965362178714,446.1379080447857,446.1379080447857,4.831445428973614,idle,147.773775,1207.8613572434033,2.8334260701735223,2,17.0,0.5842935585333765,"[0.58429356 0.58781953 0.59134551 0.59475744 0.58314657 0.57153571
 0.55992484 0.5482295 ]",False
164,1225.4811333333332,0.0,582.6517348989498,582.6517348989498,1808.1328682322833,0,18,0.78,35.95923453699553,2.8334260701735223,591.0951,4831.445428973613,379.3103448275862,379.3103448275862,1349.1928,0.7777864120808604,0.78,1,0,0,0,1000,0,0.0,0,17.0,0,0,0.0,0.0,0,78,[0. 0. 0. 0. 0.],2,0.0,119896.69225392572,265.2386765606278,452.0332170580708,452.0332170580708,4.831445428973614,idle,147.773775,1207.8613572434033,2.671237581897173,2,17.25,0.5878195346119179,"[0.58781953 0.59134551 0.59475744 0.58314657 0.57153571 0.55992484
 0.5482295  0.52557404]",False
165,1249.1395333333332,0.0,582.4722287343518,582.4722287343518,1831.6117620676848,0,18,0.8200000000000001,36.260876980703955,2.671237581897173,591.0951,4831.445428973613,379.3103448275862,379.3103448275862,1376.0637,0.8194525943547394,0.8200000000000001,1,0,0,0,1000,0,0.0,0,17.25,0,0,0.0,0.0,0,82,[0. 0. 0. 0. 0.],2,0.0,121672.76728592394,265.7173748405481,457.9029405169212,457.9029405169212,4.831445428973614,idle,147.773775,1207.8613572434033,2.5005218302108014,2,17.5,0.5913455106904589,"[0.59134551 0.59475744 0.58314657 0.57153571 0.55992484 0.5482295
 0.52557404 0.50291858]",False
166,1260.9687333333336,0.0,582.2915051990199,582.2915051990199,1843.2602385323537,0,18,0.8400000000000001,36.41009732875452,2.5005218302108014,591.0951,4831.445428973613,379.3103448275862,379.3103448275862,1389.3566,0.849372075247175,0.8400000000000001,1,0,0,0,1000,0,0.0,0,17.5,0,0,0.0,0.0,0,84,[0. 0. 0. 0. 0.],2,0.0,122667.15930910257,266.1960731204683,460.8150596330884,460.8150596330884,4.831445428973614,idle,147.773775,1207.8613572434033,2.3350205252215552,2,17.75,0.5947574420513844,"[0.59475744 0.58314657 0.57153571 0.55992484 0.5482295  0.52557404
 0.50291858 0.48026312]",False
167,1278.712533333333,0.0,582.1243687377773,582.1243687377773,1860.8369020711104,0,18,0.87,36.63196755002137,2.3350205252215552,591.0951,4831.445428973613,379.3103448275862,379.3103448275862,1409.1212,0.867544854758167,0.87,1,0,0,0,1000,0,0.0,0,17.75,0,0,0.0,0.0,0,87,[0. 0. 0. 0. 0.],2,0.0,124059.56386830514,266.6747714003885,465.2092255177776,465.2092255177776,4.831445428973614,idle,147.773775,1207.8613572434033,2.151847739629798,2,18.0,0.5831465737919216,"[0.58314657 0.57153571 0.55992484 0.5482295  0.52557404 0.50291858
 0.48026312 0.45798688]",False
168,1278.712533333333,0.0,581.9486662054696,581.9486662054696,1860.6611995388027,0,18,0.87,36.63196755002137,2.151847739629798,591.0951,4831.445428973613,379.3103448275862,379.3103448275862,1409.1212,0.8739709328877159,0.87,1,0,0,0,1000,0,0.0,0,18.0,0,0,0.0,0.0,0,87,[0. 0. 0. 0. 0.],2,0.0,124263.3216421908,267.1379865888355,465.1652998847007,465.1652998847007,4.831445428973614,idle,147.773775,1207.8613572434033,2.1033201811225153,2,18.25,0.5715357055324591,"[0.57153571 0.55992484 0.5482295  0.52557404 0.50291858 0.48026312
 0.45798688 0.48418276]",False
169,1278.712533333333,0.0,581.90375416386,581.90375416386,1860.616287497193,0,18,0.87,36.63196755002137,2.1033201811225153,591.0951,4831.445428973613,379.3103448275862,379.3103448275862,1409.1212,0.8687388747851252,0.87,1,0,0,0,1000,0,0.0,0,18.25,0,0,0.0,0.0,0,87,[0. 0. 0. 0. 0.],2,0.0,123527.08579145925,265.5616563641322,465.15407187429827,465.15407187429827,4.831445428973614,idle,147.773775,1207.8613572434033,2.0394768226803963,2,18.5,0.5599248372729964,"[0.55992484 0.5482295  0.52557404 0.50291858 0.48026312 0.45798688
 0.48418276 0.51037865]",False
170,1278.712533333333,0.0,581.845712784195,581.845712784195,1860.5582461175284,0,18,0.87,36.63196755002137,2.0394768226803963,591.0951,4831.445428973613,379.3103448275862,379.3103448275862,1409.1212,0.8636944329303338,0.87,1,0,0,0,1000,0,0.0,0,18.5,0,0,0.0,0.0,0,87,[0. 0. 0. 0. 0.],2,0.0,122790.01885068494,263.985326139429,465.1395615293821,465.1395615293821,4.831445428973614,idle,147.773775,1207.8613572434033,1.9816768980339872,2,18.75,0.5482294955547482,"[0.5482295  0.52557404 0.50291858 0.48026312 0.45798688 0.48418276
 0.51037865 0.53657454]",False
171,1272.7979333333333,0.0,581.7941908066446,581.7941908066446,1854.592124139978,0,18,0.86,36.5582698125095,1.9816768980339872,591.0951,4831.445428973613,379.3103448275862,379.3103448275862,1402.5561,0.8588376073233417,0.86,1,0,0,0,1000,0,0.0,0,18.75,0,0,0.0,0.0,0,86,[0. 0. 0. 0. 0.],2,0.0,121665.4142817325,262.4089959147257,463.6480310349945,463.6480310349945,4.831445428973614,idle,147.773775,1207.8613572434033,1.9410449540040844,2,19.0,0.52557403775849,"[0.52557404 0.50291858 0.48026312 0.45798688 0.48418276 0.51037865
 0.53657454 0.56273942]",False
172,1272.7979333333333,0.0,581.7585556328489,581.7585556328489,1854.5564889661823,0,18,0.86,36.5582698125095,1.9410449540040844,591.0951,4831.445428973613,379.3103448275862,379.3103448275862,1402.5561,0.854168397964149,0.86,1,0,0,0,1000,0,0.0,0,19.0,0,0,0.0,0.0,0,86,[0. 0. 0. 0. 0.],2,0.0,120926.91097414508,260.8211972913383,463.6391222415456,463.6391222415456,4.831445428973614,idle,147.773775,1207.8613572434033,1.988625386144707,2,19.25,0.5029185799622314,"[0.50291858 0.48026312 0.45798688 0.48418276 0.51037865 0.53657454
 0.56273942 0.58499798]",False
173,1260.9687333333336,0.0,581.8003330404525,581.8003330404525,1842.7690663737862,0,18,0.8400000000000001,36.41009732875452,1.988625386144707,591.0951,4831.445428973613,379.3103448275862,379.3103448275862,1389.3566,0.8496168712862944,0.8400000000000001,1,0,0,0,1000,0,0.0,0,19.25,0,0,0.0,0.0,0,84,[0. 0. 0. 0. 0.],2,0.0,118741.32023797101,257.74541673120444,460.69226659344656,460.69226659344656,4.831445428973614,idle,147.773775,1207.8613572434033,2.050847074490118,2,19.5,0.48026312216597455,"[0.48026312 0.45798688 0.48418276 0.51037865 0.53657454 0.56273942
 0.58499798 0.60725655]",False
174,1255.0541333333333,0.0,581.8559627546412,581.8559627546412,1836.9100960879746,0,18,0.8300000000000001,36.33561903537078,2.050847074490118,591.0951,4831.445428973613,379.3103448275862,379.3103448275862,1382.7219,0.8363974739601128,0.8300000000000001,1,0,0,0,1000,0,0.0,0,19.5,0,0,0.0,0.0,0,83,[0. 0. 0. 0. 0.],2,0.0,116951.30646242267,254.66963617107052,459.22752402199364,459.22752402199364,4.831445428973614,idle,147.773775,1207.8613572434033,2.1062843455702556,2,19.75,0.4579868757352024,"[0.45798688 0.48418276 0.51037865 0.53657454 0.56273942 0.58499798
 0.60725655 0.62951511]",False
175,1249.1395333333332,0.0,581.906477810509,581.906477810509,1831.0460111438422,0,18,0.8200000000000001,36.260876980703955,2.1062843455702556,591.0951,4831.445428973613,379.3103448275862,379.3103448275862,1376.0637,0.8145102059856039,0.8200000000000001,1,0,0,0,1000,0,0.0,0,19.75,0,0,0.0,0.0,0,82,[0. 0. 0. 0. 0.],2,0.0,115169.98143617641,251.59385561093683,457.76150278596054,457.76150278596054,4.831445428973614,idle,147.773775,1207.8613572434033,2.184167028444793,2,20.0,0.4841827644337334,"[0.48418276 0.51037865 0.53657454 0.56273942 0.58499798 0.60725655
 0.62951511 0.65164936]",False
176,1225.4811333333332,0.0,581.9789580829733,581.9789580829733,1807.4600914163068,0,18,0.78,35.95923453699553,2.184167028444793,591.0951,4831.445428973613,379.3103448275862,379.3103448275862,1349.1928,0.7839550673627684,0.78,1,0,0,0,1000,0,0.0,0,20.0,0,0,0.0,0.0,0,78,[0. 0. 0. 0. 0.],2,0.0,112319.88902970152,248.56955805135112,451.8650228540767,451.8650228540767,4.831445428973614,idle,147.773775,1207.8613572434033,2.2851173399446276,2,20.25,0.5103786531322662,"[0.51037865 0.53657454 0.56273942 0.58499798 0.60725655 0.62951511
 0.65164936 0.65835094]",False
177,1201.8227333333336,0.0,582.0755335204453,582.0755335204453,1783.898266853779,0,18,0.74,35.65322327550432,2.2851173399446276,591.0951,4831.445428973613,379.3103448275862,379.3103448275862,1321.9327,0.7448639258880576,0.74,1,0,0,0,1000,0,0.0,0,20.25,0,0,0.0,0.0,0,74,[0. 0. 0. 0. 0.],2,0.0,112441.78330683731,252.12599932651617,445.97456671344474,445.97456671344474,4.831445428973614,idle,147.773775,1207.8613572434033,2.370909100666919,2,20.5,0.5365745418307986,"[0.53657454 0.56273942 0.58499798 0.60725655 0.62951511 0.65164936
 0.65835094 0.66505252]",False
178,1189.9935333333333,0.0,582.1599366387206,582.1599366387206,1772.153469972054,0,18,0.72,35.498540780501955,2.370909100666919,591.0951,4831.445428973613,379.3103448275862,379.3103448275862,1308.1533,0.7136497804171041,0.72,1,0,0,0,1000,0,0.0,0,20.5,0,0,0.0,0.0,0,72,[0. 0. 0. 0. 0.],2,0.0,113277.13108079832,255.68244060168144,443.0383674930135,443.0383674930135,4.831445428973614,idle,147.773775,1207.8613572434033,2.470563047971107,2,20.75,0.5627394173591475,"[0.56273942 0.58499798 0.60725655 0.62951511 0.65164936 0.65835094
 0.66505252 0.6717541 ]",False
179,1172.2497333333333,0.0,571.6617328824935,571.6617328824935,1743.911466215827,0,18,0.6900000000000001,35.264376157137484,2.470563047971107,591.0951,4831.445428973613,379.3103448275862,379.3103448275862,1287.2935,0.6903126309499085,0.6900000000000001,1,0,0,0,1000,0,0.0,0,20.75,0,0,0.0,0.0,0,69,[0. 0. 0. 0. 0.],2,0.0,113022.41464850081,259.2388818768467,435.97786655395674,435.97786655395674,4.831445428973614,idle,147.773775,1207.8613572434033,2.5621193450018804,2,21.0,0.5849979818432315,"[0.58499798 0.60725655 0.62951511 0.65164936 0.65835094 0.66505252
 0.6717541  0.6784508 ]",False
180,1160.4205333333334,0.0,556.5939345930623,556.5939345930623,1717.0144679263956,0,18,0.67,35.1068152759463,2.5621193450018804,591.0951,4831.445428973613,379.3103448275862,379.3103448275862,1273.2576,0.6748524774864706,0.67,1,0,0,0,1000,0,0.0,0,21.0,0,0,0.0,0.0,0,67,[0. 0. 0. 0. 0.],2,0.0,112804.03563731947,262.7911127005253,429.2536169815989,429.2536169815989,4.831445428973614,idle,147.773775,1207.8613572434033,2.9220032986725335,2,21.25,0.6072565463273155,"[0.60725655 0.62951511 0.65164936 0.65835094 0.66505252 0.6717541
 0.6784508  0.6845504 ]",False
181,1160.4205333333334,0.0,556.0959879676129,556.0959879676129,1716.5165213009464,0,18,0.67,35.1068152759463,2.9220032986725335,591.0951,4831.445428973613,379.3103448275862,379.3103448275862,1273.2576,0.6672040863121376,0.67,1,0,0,0,1000,0,0.0,0,21.25,0,0,0.0,0.0,0,67,[0. 0. 0. 0. 0.],2,0.0,114068.10568170212,265.81300970001735,429.1291303252366,429.1291303252366,4.831445428973614,idle,147.773775,1207.8613572434033,3.27243747722933,2,21.5,0.6295151108113983,"[0.62951511 0.65164936 0.65835094 0.66505252 0.6717541  0.6784508
 0.6845504  0.69065   ]",False
182,1154.505933333333,0.0,548.2021867053966,548.2021867053966,1702.7081200387297,0,18,0.66,35.02759323050377,3.27243747722933,591.0951,4831.445428973613,379.3103448275862,379.3103448275862,1268.159,0.6594787243694766,0.66,1,0,0,0,1000,0,0.0,0,21.5,0,0,0.0,0.0,0,66,[0. 0. 0. 0. 0.],2,0.0,114436.84464677724,268.8349066995094,425.6770300096824,425.6770300096824,4.831445428973614,idle,147.773775,1207.8613572434033,3.621060396071774,2,21.75,0.6516493614945713,"[0.65164936 0.65835094 0.66505252 0.6717541  0.6784508  0.6845504
 0.69065    0.6967496 ]",False
183,1154.505933333333,0.0,547.641134233693,547.641134233693,1702.1470675670257,0,18,0.66,35.02759323050377,3.621060396071774,591.0951,4831.445428973613,379.3103448275862,379.3103448275862,1272.0207,0.6516763916584878,0.66,1,0,0,0,1000,0,0.0,0,21.75,0,0,0.0,0.0,0,66,[0. 0. 0. 0. 0.],2,0.0,115685.06530359991,271.8568036990013,425.53676689175643,425.53676689175643,4.831445428973614,idle,147.773775,1207.8613572434033,3.9674530017938223,2,22.0,0.6583509417504467,"[0.65835094 0.66505252 0.6717541  0.6784508  0.6845504  0.69065
 0.6967496  0.70251545]",False
184,1142.6767333333335,0.0,532.5326466925536,532.5326466925536,1675.209380025887,0,18,0.64,34.86825527426461,3.9674530017938223,591.0951,4831.445428973613,379.3103448275862,379.3103448275862,1261.6703,0.643797088179171,0.64,1,0,0,0,1000,0,0.0,0,22.0,0,0,0.0,0.0,0,64,[0. 0. 0. 0. 0.],2,0.0,115112.77621026448,274.8618234420002,418.80234500647174,418.80234500647174,4.831445428973614,idle,147.773775,1207.8613572434033,3.87493095911577,2,22.25,0.6650525220063225,"[0.66505252 0.6717541  0.6784508  0.6845504  0.69065    0.6967496
 0.70251545 0.66800874]",False
185,1136.7621333333334,0.0,525.5231544557979,525.5231544557979,1662.285287789131,0,18,0.63,34.78813503559568,3.87493095911577,591.0951,4831.445428973613,379.3103448275862,379.3103448275862,1254.8175,0.6358638397017253,0.63,1,0,0,0,1000,0,0.0,0,22.25,0,0,0.0,0.0,0,63,[0. 0. 0. 0. 0.],2,0.0,114602.79011985468,275.77165234321103,415.57132194728274,415.57132194728274,4.831445428973614,idle,147.773775,1207.8613572434033,3.7703561776143215,2,22.5,0.6717541022621979,"[0.6717541  0.6784508  0.6845504  0.69065    0.6967496  0.70251545
 0.66800874 0.63350204]",False
186,1136.7621333333334,0.0,525.6959726296925,525.6959726296925,1662.4581059630257,0,18,0.63,34.78813503559568,3.7703561776143215,591.0951,4831.445428973613,379.3103448275862,379.3103448275862,1254.9681,0.6304879450019745,0.63,1,0,0,0,1000,0,0.0,0,22.5,0,0,0.0,0.0,0,63,[0. 0. 0. 0. 0.],2,0.0,114992.84281616153,276.68148124442195,415.6145264907564,415.6145264907564,4.831445428973614,idle,147.773775,1207.8613572434033,3.6782050626528062,2,22.75,0.678450803443373,"[0.6784508  0.6845504  0.69065    0.6967496  0.70251545 0.66800874
 0.63350204 0.59899534]",False
187,1136.7621333333334,0.0,525.8452511158849,525.8452511158849,1662.6073844492184,0,18,0.63,34.78813503559568,3.6782050626528062,591.0951,4831.445428973613,379.3103448275862,379.3103448275862,1255.2568,0.6276694040799184,0.63,1,0,0,0,1000,0,0.0,0,22.75,0,0,0.0,0.0,0,63,[0. 0. 0. 0. 0.],2,0.0,115381.34052676559,277.5913101456328,415.6518461123046,415.6518461123046,4.831445428973614,idle,147.773775,1207.8613572434033,3.590511006733106,2,23.0,0.684550402088361,"[0.6845504  0.69065    0.6967496  0.70251545 0.66800874 0.63350204
 0.59899534 0.56479842]",False
188,1136.7621333333334,0.0,525.984687451024,525.984687451024,1662.7468207843574,0,18,0.63,34.78813503559568,3.590511006733106,591.0951,4831.445428973613,379.3103448275862,379.3103448275862,1255.6023,0.6274082169355575,0.63,1,0,0,0,1000,0,0.0,0,23.0,0,0,0.0,0.0,0,63,[0. 0. 0. 0. 0.],2,0.0,115768.94553308943,278.50047664737906,415.68670519608935,415.68670519608935,4.831445428973614,idle,147.773775,1207.8613572434033,3.812060239888689,2,23.25,0.6906500007333487,"[0.69065    0.6967496  0.70251545 0.66800874 0.63350204 0.59899534
 0.56479842 0.56746628]",False
189,1136.7621333333334,0.0,525.6274881103454,525.6274881103454,1662.3896214436786,0,18,0.63,34.78813503559568,3.812060239888689,591.0951,4831.445428973613,379.3103448275862,379.3103448275862,1260.7575,0.6297120088151267,0.63,1,0,0,0,1000,0,0.0,0,23.25,0,0,0.0,0.0,0,63,[0. 0. 0. 0. 0.],2,0.0,116088.2324744279,279.32857851605866,415.59740536091965,415.59740536091965,4.831445428973614,idle,147.773775,1207.8613572434033,4.027709376347429,2,23.5,0.6967495993783359,"[0.6967496  0.70251545 0.66800874 0.63350204 0.59899534 0.56479842
 0.56746628 0.57013415]",False
190,1136.7621333333334,0.0,525.2641652187873,525.2641652187873,1662.0262985521206,0,18,0.63,34.78813503559568,4.027709376347429,591.0951,4831.445428973613,379.3103448275862,379.3103448275862,1265.8471,0.635995189417249,0.63,1,0,0,0,1000,0,0.0,0,23.5,0,0,0.0,0.0,0,63,[0. 0. 0. 0. 0.],2,0.0,116406.94262862398,280.1566803847382,415.50657463803014,415.50657463803014,4.831445428973614,idle,147.773775,1207.8613572434033,4.247532513735741,2,23.75,0.7025154475903392,"[0.70251545 0.66800874 0.63350204 0.59899534 0.56479842 0.56746628
 0.57013415 0.57280201]",False
191,1142.6767333333335,0.0,532.0347782860624,532.0347782860624,1674.7115116193959,0,18,0.64,34.86825527426461,4.247532513735741,591.0951,4831.445428973613,379.3103448275862,379.3103448275862,1278.1204,0.6462577587419247,0.64,1,0,0,0,1000,0,0.0,0,23.75,0,0,0.0,0.0,0,64,[0. 0. 0. 0. 0.],2,0.0,117642.11235741698,280.9847822534177,418.67787790484897,418.67787790484897,4.831445428973614,idle,147.773775,1207.8613572434033,4.478481358031798,3,0.0,0.668008743555784,"[0.66800874 0.63350204 0.59899534 0.56479842 0.56746628 0.57013415
 0.57280201 0.57499166]",False
192,1154.505933333333,0.0,546.0805739899334,546.0805739899334,1700.5865073232665,0,18,0.66,35.02759323050377,4.478481358031798,591.0951,4831.445428973613,379.3103448275862,379.3103448275862,1297.5594,0.6604997167891531,0.66,1,0,0,0,1000,0,0.0,0,0.0,0,0,0.0,0.0,0,66,[0. 0. 0. 0. 0.],2,0.0,119792.533232286,281.76757304946557,425.1466268308166,425.1466268308166,4.831445428973614,idle,147.773775,1207.8613572434033,4.479415815472374,3,0.25,0.6335020395212262,"[0.63350204 0.59899534 0.56479842 0.56746628 0.57013415 0.57280201
 0.57499166 0.52104838]",False
193,1166.3351333333333,0.0,560.7929333676321,560.7929333676321,1727.1280667009653,0,18,0.68,35.185742214977,4.479415815472374,591.0951,4831.445428973613,379.3103448275862,379.3103448275862,1311.658,0.6786399553921432,0.68,1,0,0,0,1000,0,0.0,0,0.25,0,0,0.0,0.0,0,68,[0. 0. 0. 0. 0.],2,0.0,119639.38215110602,277.0828277479909,431.7820166752413,431.7820166752413,4.831445428973614,idle,147.773775,1207.8613572434033,4.4857824395954955,3,0.5,0.5989953354866684,"[0.59899534 0.56479842 0.56746628 0.57013415 0.57280201 0.57499166
 0.52104838 0.46710511]",False
194,1172.2497333333333,0.0,568.226742916582,568.226742916582,1740.4764762499155,0,18,0.6900000000000001,35.264376157137484,4.4857824395954955,591.0951,4831.445428973613,379.3103448275862,379.3103448275862,1318.7336,0.6903040659749439,0.6900000000000001,1,0,0,0,1000,0,0.0,0,0.5,0,0,0.0,0.0,0,69,[0. 0. 0. 0. 0.],2,0.0,118525.61366843649,272.3980824465159,435.1191190624789,435.1191190624789,4.831445428973614,idle,147.773775,1207.8613572434033,4.503596130556828,3,0.75,0.5647984195281325,"[0.56479842 0.56746628 0.57013415 0.57280201 0.57499166 0.52104838
 0.46710511 0.41316184]",False
195,1172.2497333333333,0.0,568.1897263835576,568.1897263835576,1740.439459716891,0,18,0.6900000000000001,35.264376157137484,4.503596130556828,591.0951,4831.445428973613,379.3103448275862,379.3103448275862,1318.9315,0.6954920485375549,0.6900000000000001,1,0,0,0,1000,0,0.0,0,0.75,0,0,0.0,0.0,0,69,[0. 0. 0. 0. 0.],2,0.0,116484.71396493021,267.7133371450409,435.10986492922274,435.10986492922274,4.831445428973614,idle,147.773775,1207.8613572434033,4.505230593277291,3,1.0,0.5674662846158541,"[0.56746628 0.57013415 0.57280201 0.57499166 0.52104838 0.46710511
 0.41316184 0.35995552]",False
196,1172.2497333333333,0.0,568.1863242390509,568.1863242390509,1740.4360575723845,0,18,0.6900000000000001,35.264376157137484,4.505230593277291,591.0951,4831.445428973613,379.3103448275862,379.3103448275862,1318.9608,0.694203903079976,0.6900000000000001,1,0,0,0,1000,0,0.0,0,1.0,0,0,0.0,0.0,0,69,[0. 0. 0. 0. 0.],2,0.0,114464.41110960973,263.070649706645,435.1090143930961,435.1090143930961,4.831445428973614,idle,147.773775,1207.8613572434033,4.372053082041508,3,1.25,0.5701341497035758,"[0.57013415 0.57280201 0.57499166 0.52104838 0.46710511 0.41316184
 0.35995552 0.39208937]",False
197,1166.3351333333333,0.0,561.0096380358216,561.0096380358216,1727.344771369155,0,18,0.68,35.185742214977,4.372053082041508,591.0951,4831.445428973613,379.3103448275862,379.3103448275862,1312.4712,0.6864942359031281,0.68,1,0,0,0,1000,0,0.0,0,1.25,0,0,0.0,0.0,0,68,[0. 0. 0. 0. 0.],2,0.0,113759.83813895921,263.4328479746151,431.83619284228877,431.83619284228877,4.831445428973614,idle,147.773775,1207.8613572434033,4.257734303979701,3,1.5,0.5728020147912979,"[0.57280201 0.57499166 0.52104838 0.46710511 0.41316184 0.35995552
 0.39208937 0.42422322]",False
198,1166.3351333333333,0.0,561.2358548572209,561.2358548572209,1727.570988190554,0,18,0.68,35.185742214977,4.257734303979701,591.0951,4831.445428973613,379.3103448275862,379.3103448275862,1313.196,0.6792002108752508,0.68,1,0,0,0,1000,0,0.0,0,1.5,0,0,0.0,0.0,0,68,[0. 0. 0. 0. 0.],2,0.0,113931.16717926894,263.79504624258516,431.8927470476385,431.8927470476385,4.831445428973614,idle,147.773775,1207.8613572434033,4.133249714931736,3,1.75,0.5749916579254541,"[0.57499166 0.52104838 0.46710511 0.41316184 0.35995552 0.39208937
 0.42422322 0.45635707]",False
199,1160.4205333333334,0.0,554.0782971510229,554.0782971510229,1714.4988304843562,0,18,0.67,35.1068152759463,4.133249714931736,591.0951,4831.445428973613,379.3103448275862,379.3103448275862,1306.7769,0.6723218279963445,0.67,1,0,0,0,1000,0,0.0,0,1.75,0,0,0.0,0.0,0,67,[0. 0. 0. 0. 0.],2,0.0,113224.3216943293,264.1572445105553,428.62470762108904,428.62470762108904,4.831445428973614,idle,147.773775,1207.8613572434033,4.019345004144098,3,2.0,0.5210483836454469,"[0.52104838 0.46710511 0.41316184 0.35995552 0.39208937 0.42422322
 0.45635707 0.48806175]",False
200,1160.4205333333334,0.0,554.2902959308601,554.2902959308601,1714.7108292641935,0,18,0.67,35.1068152759463,4.019345004144098,591.0951,4831.445428973613,379.3103448275862,379.3103448275862,1307.4863,0.6658590872664089,0.67,1,0,0,0,1000,0,0.0,0,2.0,0,0,0.0,0.0,0,67,[0. 0. 0. 0. 0.],2,0.0,113365.75636705948,264.4545177701043,428.6777073160484,428.6777073160484,4.831445428973614,idle,147.773775,1207.8613572434033,4.305126309721088,3,2.25,0.4671051093654367,"[0.46710511 0.41316184 0.35995552 0.39208937 0.42422322 0.45635707
 0.48806175 0.47072756]",False
201,1154.505933333333,0.0,546.4166716779097,546.4166716779097,1700.9226050112425,0,18,0.66,35.02759323050377,4.305126309721088,591.0951,4831.445428973613,379.3103448275862,379.3103448275862,1302.0854,0.6597505667152472,0.66,1,0,0,0,1000,0,0.0,0,2.25,0,0,0.0,0.0,0,66,[0. 0. 0. 0. 0.],2,0.0,109339.98208764967,257.1309988250217,425.2306512528106,425.2306512528106,4.831445428973614,idle,147.773775,1207.8613572434033,4.570443812245545,3,2.5,0.4131618350854263,"[0.41316184 0.35995552 0.39208937 0.42422322 0.45635707 0.48806175
 0.47072756 0.45339337]",False
202,1142.6767333333335,0.0,531.4282076803207,531.4282076803207,1674.1049410136543,0,18,0.64,34.86825527426461,4.570443812245545,591.0951,4831.445428973613,379.3103448275862,379.3103448275862,1289.3204,0.6466810023034305,0.64,1,0,0,0,1000,0,0.0,0,2.5,0,0,0.0,0.0,0,64,[0. 0. 0. 0. 0.],2,0.0,104550.98409229361,249.80747987993874,418.5262352534136,418.5262352534136,4.831445428973614,idle,147.773775,1207.8613572434033,4.859416196148496,3,2.75,0.3599555224871839,"[0.35995552 0.39208937 0.42422322 0.45635707 0.48806175 0.47072756
 0.45339337 0.43605918]",False
203,1136.7621333333334,0.0,523.7196632172088,523.7196632172088,1660.4817965505422,0,18,0.63,34.78813503559568,4.859416196148496,591.0951,4831.445428973613,379.3103448275862,379.3103448275862,1283.875,0.626650394030958,0.63,1,0,0,0,1000,0,0.0,0,2.75,0,0,0.0,0.0,0,63,[0. 0. 0. 0. 0.],2,0.0,100660.05077195018,242.48396093485573,415.12044913763555,415.12044913763555,4.831445428973614,idle,147.773775,1207.8613572434033,5.141968822134369,3,3.0,0.39208937263710164,"[0.39208937 0.42422322 0.45635707 0.48806175 0.47072756 0.45339337
 0.43605918 0.4188633 ]",False
204,1113.1037333333334,36.290161196824926,495.22230621201936,531.5124674088443,1644.6162007421776,0,18,0.59,34.46459413821611,5.141968822134369,591.0951,4831.445428973613,379.3103448275862,379.3103448275862,1256.6862,0.5996587418978301,0.59,1,0,0,0,1000,0,0.0,0,3.0,0,0,0.0,0.0,0,59,[0. 0. 0. 0. 0.],2,0.0,96728.30510773003,235.26049436720558,411.1540501855444,411.1540501855444,4.831445428973614,idle,147.773775,1207.8613572434033,5.135866639821809,3,3.25,0.4242232227870176,"[0.42422322 0.45635707 0.48806175 0.47072756 0.45339337 0.43605918
 0.4188633  0.41726299]",False
205,1101.2745333333332,33.8603253513919,481.6197754756303,515.4801008270222,1616.7546341603554,0,18,0.5700000000000001,34.30095607509909,5.135866639821809,591.0951,4831.445428973613,379.3103448275862,379.3103448275862,1242.6399,0.5658610242615548,0.5700000000000001,1,0,0,0,1000,0,0.0,0,3.25,0,0,0.0,0.0,0,57,[0. 0. 0. 0. 0.],2,0.0,96852.93655782312,239.6230931062033,404.18865854008885,404.18865854008885,4.831445428973614,idle,147.773775,1207.8613572434033,5.13894296137038,3,3.5,0.45635707293693534,"[0.45635707 0.48806175 0.47072756 0.45339337 0.43605918 0.4188633
 0.41726299 0.41566269]",False
206,1083.5307333333335,30.47179445201853,461.62091005890414,492.09270451092266,1575.6234378442562,0,18,0.54,34.05311226190976,5.13894296137038,591.0951,4831.445428973613,379.3103448275862,379.3103448275862,1221.1944,0.5431403623222704,0.54,1,0,0,0,1000,0,0.0,0,3.5,0,0,0.0,0.0,0,54,[0. 0. 0. 0. 0.],2,0.0,96107.39364248613,243.98569184520076,393.90585946106404,393.90585946106404,4.831445428973614,idle,147.773775,1207.8613572434033,5.14154192748758,3,3.75,0.48806174832566734,"[0.48806175 0.47072756 0.45339337 0.43605918 0.4188633  0.41726299
 0.41566269 0.41406238]",False
207,1077.6161333333332,29.40483092940521,455.06524952564996,484.47008045505515,1562.0862137883885,0,18,0.53,33.96985167468354,5.14154192748758,591.0951,4831.445428973613,379.3103448275862,379.3103448275862,1214.405,0.531496756079976,0.53,1,0,0,0,1000,0,0.0,0,3.75,0,0,0.0,0.0,0,53,[0. 0. 0. 0. 0.],2,0.0,96985.36023487228,248.34829058419848,390.5215534470971,390.5215534470971,4.831445428973614,idle,147.773775,1207.8613572434033,5.141190123471451,3,4.0,0.4707275602128793,"[0.47072756 0.45339337 0.43605918 0.4188633  0.41726299 0.41566269
 0.41406238 0.41237047]",False
208,1077.6161333333332,29.404337219148598,455.0658612758536,484.4701984950022,1562.0863318283355,0,18,0.53,33.96985167468354,5.141190123471451,591.0951,4831.445428973613,379.3103448275862,379.3103448275862,1214.9896,0.5309302055346725,0.53,1,0,0,0,1000,0,0.0,0,4.0,0,0,0.0,0.0,0,53,[0. 0. 0. 0. 0.],2,0.0,98666.30232115221,252.65262312530135,390.52158295708387,390.52158295708387,4.831445428973614,idle,147.773775,1207.8613572434033,5.049997568561064,3,4.25,0.45339337210009045,"[0.45339337 0.43605918 0.4188633  0.41726299 0.41566269 0.41406238
 0.41237047 0.40048167]",False
209,1083.5307333333335,30.342811233742935,461.7773417100194,492.1201529437623,1575.6508862770957,0,18,0.54,34.05311226190976,5.049997568561064,591.0951,4831.445428973613,379.3103448275862,379.3103448275862,1220.2692,0.541331215375104,0.54,1,0,0,0,1000,0,0.0,0,4.25,0,0,0.0,0.0,0,54,[0. 0. 0. 0. 0.],2,0.0,98596.06897519206,250.29927589645732,393.9127215692739,393.9127215692739,4.831445428973614,idle,147.773775,1207.8613572434033,4.964518554403499,3,4.5,0.43605918398730265,"[0.43605918 0.4188633  0.41726299 0.41566269 0.41406238 0.41237047
 0.40048167 0.38859288]",False
210,1095.3599333333332,0.0,475.2089776875991,475.2089776875991,1570.5689110209323,0,18,0.56,34.21866206230589,4.964518554403499,591.0951,4831.445428973613,379.3103448275862,379.3103448275862,1232.9427,0.55023803017537,0.56,1,0,0,0,1000,0,0.0,0,4.5,0,0,0.0,0.0,0,56,[0. 0. 0. 0. 0.],2,0.0,97354.04179489175,247.94592866761317,392.6422277552331,392.6422277552331,4.831445428973614,idle,147.773775,1207.8613572434033,4.864589528054114,3,4.75,0.41886329598609245,"[0.4188633  0.41726299 0.41566269 0.41406238 0.41237047 0.40048167
 0.38859288 0.37670409]",False
211,1095.3599333333332,0.0,475.3862016182311,475.3862016182311,1570.7461349515643,0,18,0.56,34.21866206230589,4.864589528054114,591.0951,4831.445428973613,379.3103448275862,379.3103448275862,1230.7082,0.5576506499354703,0.56,1,0,0,0,1000,0,0.0,0,4.75,0,0,0.0,0.0,0,56,[0. 0. 0. 0. 0.],2,0.0,96440.899516931,245.59258143876917,392.68653373789107,392.68653373789107,4.831445428973614,idle,147.773775,1207.8613572434033,4.778488411937299,3,5.0,0.4172629906970232,"[0.41726299 0.41566269 0.41406238 0.41237047 0.40048167 0.38859288
 0.37670409 0.36455787]",False
212,1101.2745333333332,0.0,482.26970289122585,482.26970289122585,1583.5442362245592,0,18,0.5700000000000001,34.30095607509909,4.778488411937299,591.0951,4831.445428973613,379.3103448275862,379.3103448275862,1235.9651,0.5635690746554051,0.5700000000000001,1,0,0,0,1000,0,0.0,0,5.0,0,0,0.0,0.0,0,57,[0. 0. 0. 0. 0.],2,0.0,96302.45502937975,243.25801029463202,395.8860590561398,395.8860590561398,4.831445428973614,idle,147.773775,1207.8613572434033,4.763473041765518,3,5.25,0.41566268540795426,"[0.41566269 0.41406238 0.41237047 0.40048167 0.38859288 0.37670409
 0.36455787 0.32412387]",False
213,1101.2745333333332,0.0,482.2961947384722,482.2961947384722,1583.5707280718054,0,18,0.5700000000000001,34.30095607509909,4.763473041765518,591.0951,4831.445428973613,379.3103448275862,379.3103448275862,1235.8125,0.5680292240270607,0.5700000000000001,1,0,0,0,1000,0,0.0,0,5.25,0,0,0.0,0.0,0,57,[0. 0. 0. 0. 0.],2,0.0,96218.05337049969,243.04074750777227,395.89268201795136,395.89268201795136,4.831445428973614,idle,147.773775,1207.8613572434033,4.74081957656825,3,5.5,0.414062380118885,"[0.41406238 0.41237047 0.40048167 0.38859288 0.37670409 0.36455787
 0.32412387 0.28368988]",False
214,1107.1891333333333,0.0,489.12765061353315,489.12765061353315,1596.3167839468665,0,18,0.58,34.38293265443695,4.74081957656825,591.0951,4831.445428973613,379.3103448275862,379.3103448275862,1242.8776,0.5751169630025104,0.58,1,0,0,0,1000,0,0.0,0,5.5,0,0,0.0,0.0,0,57,[0. 0. 0. 0. 0.],2,0.0,96905.80104911455,242.82348472091255,399.0791959867166,399.0791959867166,4.831445428973614,idle,147.773775,1207.8613572434033,4.717599092125978,3,5.75,0.4123704650202095,"[0.41237047 0.40048167 0.38859288 0.37670409 0.36455787 0.32412387
 0.28368988 0.24325588]",False
215,1107.1891333333333,0.0,489.16908101971256,489.16908101971256,1596.358214353046,0,18,0.58,34.38293265443695,4.717599092125978,591.0951,4831.445428973613,379.3103448275862,379.3103448275862,1242.6339,0.5848322915817541,0.58,1,0,0,0,1000,0,0.0,0,5.75,0,0,0.0,0.0,0,57,[0. 0. 0. 0. 0.],2,0.0,96821.60880939582,242.6062219340528,399.0895535882615,399.0895535882615,4.831445428973614,idle,147.773775,1207.8613572434033,4.681414565435033,3,6.0,0.40048167342156366,"[0.40048167 0.38859288 0.37670409 0.36455787 0.32412387 0.28368988
 0.24325588 0.20354668]",False
216,1113.1037333333334,0.0,496.08441087439866,496.08441087439866,1609.188144207732,0,18,0.59,34.46459413821611,4.681414565435033,591.0951,4831.445428973613,379.3103448275862,379.3103448275862,1249.5203,0.597175209764792,0.59,1,0,0,0,1000,0,0.0,0,6.0,0,0,0.0,0.0,0,59,[0. 0. 0. 0. 0.],2,0.0,97507.35636641388,242.3765218937048,402.297036051933,402.297036051933,4.831445428973614,idle,147.773775,1207.8613572434033,4.716251402190629,3,6.25,0.3885928818229171,"[0.38859288 0.37670409 0.36455787 0.32412387 0.28368988 0.24325588
 0.20354668 0.24247708]",False
217,1124.932933333333,0.0,509.8949972646506,509.8949972646506,1634.8279305979838,0,18,0.61,34.626981050051775,4.716251402190629,591.0951,4831.445428973613,379.3103448275862,379.3103448275862,1264.3342,0.6121095070227018,0.61,1,0,0,0,1000,0,0.0,0,6.25,0,0,0.0,0.0,0,61,[0. 0. 0. 0. 0.],2,0.0,98401.2985083049,240.76245986894017,408.70698264949596,408.70698264949596,4.831445428973614,idle,147.773775,1207.8613572434033,4.767920310391989,3,6.5,0.37670409022427126,"[0.37670409 0.36455787 0.32412387 0.28368988 0.24325588 0.20354668
 0.24247708 0.28140749]",False
218,1136.7621333333334,0.0,523.90063652063,523.90063652063,1660.6627698539633,0,18,0.63,34.78813503559568,4.767920310391989,591.0951,4831.445428973613,379.3103448275862,379.3103448275862,1279.2253,0.6257930292952831,0.63,1,0,0,0,1000,0,0.0,0,6.5,0,0,0.0,0.0,0,63,[0. 0. 0. 0. 0.],2,0.0,99286.2101925115,239.14839784417546,415.1656924634908,415.1656924634908,4.831445428973614,idle,147.773775,1207.8613572434033,4.80927296028022,3,6.75,0.3645578704145568,"[0.36455787 0.32412387 0.28368988 0.24325588 0.20354668 0.24247708
 0.28140749 0.32033789]",False
219,1142.6767333333335,0.0,530.957277011318,530.957277011318,1673.6340103446512,0,18,0.64,34.86825527426461,4.80927296028022,591.0951,4831.445428973613,379.3103448275862,379.3103448275862,1286.7831,0.6382257765825359,0.64,1,0,0,0,1000,0,0.0,0,6.75,0,0,0.0,0.0,0,64,[0. 0. 0. 0. 0.],2,0.0,99386.38576299843,237.53433581941084,418.4085025861628,418.4085025861628,4.831445428973614,idle,147.773775,1207.8613572434033,4.858402978007233,3,7.0,0.32412387465200754,"[0.32412387 0.28368988 0.24325588 0.20354668 0.24247708 0.28140749
 0.32033789 0.35911956]",False
220,1142.6767333333335,0.0,530.8580595807001,530.8580595807001,1673.5347929140335,0,18,0.64,34.86825527426461,4.858402978007233,591.0951,4831.445428973613,379.3103448275862,379.3103448275862,1287.2867,0.6494077488844602,0.64,1,0,0,0,1000,0,0.0,0,7.0,0,0,0.0,0.0,0,64,[0. 0. 0. 0. 0.],2,0.0,98690.57441443413,235.88532448157758,418.38369822850836,418.38369822850836,4.831445428973614,idle,147.773775,1207.8613572434033,4.827999737767029,3,7.25,0.2836898788894604,"[0.28368988 0.24325588 0.20354668 0.24247708 0.28140749 0.32033789
 0.35911956 0.38196424]",False
221,1154.505933333333,0.0,545.3714855621447,545.3714855621447,1699.8774188954774,0,18,0.66,35.02759323050377,4.827999737767029,591.0951,4831.445428973613,379.3103448275862,379.3103448275862,1300.5688,0.6593171312267332,0.66,1,0,0,0,1000,0,0.0,0,7.25,0,0,0.0,0.0,0,66,[0. 0. 0. 0. 0.],2,0.0,97911.18432118504,230.3958702735269,424.96935472386934,424.96935472386934,4.831445428973614,idle,147.773775,1207.8613572434033,4.784927070775057,3,7.5,0.24325588312691115,"[0.24325588 0.20354668 0.24247708 0.28140749 0.32033789 0.35911956
 0.38196424 0.40480892]",False
222,1160.4205333333334,0.0,552.7776479885656,552.7776479885656,1713.198181321899,0,18,0.67,35.1068152759463,4.784927070775057,591.0951,4831.445428973613,379.3103448275862,379.3103448275862,1306.5734,0.6651124260018793,0.67,1,0,0,0,1000,0,0.0,0,7.5,0,0,0.0,0.0,0,67,[0. 0. 0. 0. 0.],2,0.0,96327.31574275017,224.9064160654765,428.29954533047476,428.29954533047476,4.831445428973614,idle,147.773775,1207.8613572434033,4.763536759121726,3,7.75,0.20354667642158228,"[0.20354668 0.24247708 0.28140749 0.32033789 0.35911956 0.38196424
 0.40480892 0.4276536 ]",False
223,1160.4205333333334,0.0,552.8226983870121,552.8226983870121,1713.2432317203456,0,18,0.67,35.1068152759463,4.763536759121726,591.0951,4831.445428973613,379.3103448275862,379.3103448275862,1305.7616,0.6667936332098986,0.67,1,0,0,0,1000,0,0.0,0,7.75,0,0,0.0,0.0,0,67,[0. 0. 0. 0. 0.],2,0.0,93978.656206719,219.4169618574258,428.3108079300864,428.3108079300864,4.831445428973614,idle,147.773775,1207.8613572434033,4.734826853750406,3,8.0,0.2424770824241635,"[0.24247708 0.28140749 0.32033789 0.35911956 0.38196424 0.40480892
 0.4276536  0.45034405]",False
224,1160.4205333333334,0.0,552.8829141665829,552.8829141665829,1713.3034474999165,0,18,0.67,35.1068152759463,4.734826853750406,591.0951,4831.445428973613,379.3103448275862,379.3103448275862,1304.8718,0.664360752850791,0.67,1,0,0,0,1000,0,0.0,0,8.0,0,0,0.0,0.0,0,67,[0. 0. 0. 0. 0.],2,0.0,91672.83126381828,214.0259074306748,428.3258618749791,428.3258618749791,4.831445428973614,idle,147.773775,1207.8613572434033,4.7856386526837795,3,8.25,0.2814074884267468,"[0.28140749 0.32033789 0.35911956 0.38196424 0.40480892 0.4276536
 0.45034405 0.45671175]",False
225,1154.505933333333,0.0,545.4596570345932,545.4596570345932,1699.965590367926,0,18,0.66,35.02759323050377,4.7856386526837795,591.0951,4831.445428973613,379.3103448275862,379.3103448275862,1298.3346,0.657837630046827,0.66,1,0,0,0,1000,0,0.0,0,8.25,0,0,0.0,0.0,0,66,[0. 0. 0. 0. 0.],2,0.0,93205.38583714348,219.31122927487232,424.9913975919815,424.9913975919815,4.831445428973614,idle,147.773775,1207.8613572434033,4.826615500634017,3,8.5,0.320337894429328,"[0.32033789 0.35911956 0.38196424 0.40480892 0.4276536  0.45034405
 0.45671175 0.46307946]",False
226,1154.505933333333,0.0,545.3743764498274,545.3743764498274,1699.8803097831603,0,18,0.66,35.02759323050377,4.826615500634017,591.0951,4831.445428973613,379.3103448275862,379.3103448275862,1298.7455,0.6501002933724902,0.66,1,0,0,0,1000,0,0.0,0,8.5,0,0,0.0,0.0,0,66,[0. 0. 0. 0. 0.],2,0.0,95446.81372312858,224.5965511190701,424.9700774457901,424.9700774457901,4.831445428973614,idle,147.773775,1207.8613572434033,4.8732337497844505,3,8.75,0.35911956255788213,"[0.35911956 0.38196424 0.40480892 0.4276536  0.45034405 0.45671175
 0.46307946 0.46944716]",False
227,1142.6767333333335,0.0,530.8279524038139,530.8279524038139,1673.5046857371474,0,18,0.64,34.86825527426461,4.8732337497844505,591.0951,4831.445428973613,379.3103448275862,379.3103448275862,1285.0248,0.6411487428277806,0.64,1,0,0,0,1000,0,0.0,0,8.75,0,0,0.0,0.0,0,64,[0. 0. 0. 0. 0.],2,0.0,96177.09789251501,229.88187296326763,418.37617143428685,418.37617143428685,4.831445428973614,idle,147.773775,1207.8613572434033,4.94079155154713,3,9.0,0.38196424292477565,"[0.38196424 0.40480892 0.4276536  0.45034405 0.45671175 0.46307946
 0.46944716 0.47593677]",False
228,1136.7621333333334,0.0,523.5564253241727,523.5564253241727,1660.318558657506,0,18,0.63,34.78813503559568,4.94079155154713,591.0951,4831.445428973613,379.3103448275862,379.3103448275862,1278.5921,0.6309829784126981,0.63,1,0,0,0,1000,0,0.0,0,9.0,0,0,0.0,0.0,0,63,[0. 0. 0. 0. 0.],2,0.0,97604.73271606791,235.14700165729346,415.0796396643765,415.0796396643765,4.831445428973614,idle,147.773775,1207.8613572434033,5.267099777015844,3,9.25,0.4048089232916676,"[0.40480892 0.4276536  0.45034405 0.45671175 0.46307946 0.46944716
 0.47593677 0.49517059]",False
229,1130.847533333333,40.40901645437114,515.8173317089268,556.2263481632979,1687.073881496631,0,18,0.62,34.707711034202674,5.267099777015844,591.0951,4831.445428973613,379.3103448275862,379.3103448275862,1274.7629,0.619552899384054,0.62,1,0,0,0,1000,0,0.0,0,9.25,0,0,0.0,0.0,0,62,[0. 0. 0. 0. 0.],2,0.0,100485.69348005057,238.24847170512308,421.76847037415774,421.76847037415774,4.831445428973614,idle,147.773775,1207.8613572434033,5.597662274403093,3,9.5,0.42765360365856114,"[0.4276536  0.45034405 0.45671175 0.46307946 0.46944716 0.47593677
 0.49517059 0.51440441]",False
230,1124.932933333333,39.69875965598094,508.117763472358,547.816523128339,1672.749456461672,0,18,0.61,34.626981050051775,5.597662274403093,591.0951,4831.445428973613,379.3103448275862,379.3103448275862,1270.9536,0.6015543274132266,0.61,1,0,0,0,1000,0,0.0,0,9.5,0,0,0.0,0.0,0,61,[0. 0. 0. 0. 0.],2,0.0,100929.49597107687,241.3499417529525,418.187364115418,418.187364115418,4.831445428973614,idle,147.773775,1207.8613572434033,5.909829961254379,3,9.75,0.45034404750042134,"[0.45034405 0.45671175 0.46307946 0.46944716 0.47593677 0.49517059
 0.51440441 0.53363822]",False
231,1107.1891333333333,36.38109670165539,486.8361572808385,523.2172539824938,1630.4063873158273,0,18,0.58,34.38293265443695,5.909829961254379,591.0951,4831.445428973613,379.3103448275862,379.3103448275862,1252.3913,0.5769872625002163,0.58,1,0,0,0,1000,0,0.0,0,9.75,0,0,0.0,0.0,0,57,[0. 0. 0. 0. 0.],2,0.0,99638.7857970917,244.45141180078213,407.6015968289568,407.6015968289568,4.831445428973614,idle,147.773775,1207.8613572434033,6.256827483545475,3,10.0,0.4567117527541451,"[0.45671175 0.46307946 0.46944716 0.47593677 0.49517059 0.51440441
 0.53363822 0.5527534 ]",False
232,1083.5307333333335,32.15705337061235,459.471238523741,491.62829189435337,1575.159025227687,0,18,0.54,34.05311226190976,6.256827483545475,591.0951,4831.445428973613,379.3103448275862,379.3103448275862,1226.5526,0.5458517046450228,0.54,1,0,0,0,1000,0,0.0,0,10.0,0,0,0.0,0.0,0,54,[0. 0. 0. 0. 0.],2,0.0,97475.54319051256,247.5319421832284,393.78975630692173,393.78975630692173,4.831445428973614,idle,147.773775,1207.8613572434033,6.275454351214066,3,10.25,0.4630794580078689,"[0.46307946 0.46944716 0.47593677 0.49517059 0.51440441 0.53363822
 0.5527534  0.55961469]",False
233,1065.786933333333,28.885930230953612,440.06728804750696,468.95321827846055,1534.7401516117936,0,18,0.51,33.80234693643912,6.275454351214066,591.0951,4831.445428973613,379.3103448275862,379.3103448275862,1200.724,0.5083652777118222,0.51,1,0,0,0,1000,0,0.0,0,10.25,0,0,0.0,0.0,0,51,[0. 0. 0. 0. 0.],2,0.0,95305.99868573569,248.39644309988174,383.6850379029484,383.6850379029484,4.831445428973614,idle,147.773775,1207.8613572434033,6.289231254174666,3,10.5,0.46944716326159247,"[0.46944716 0.47593677 0.49517059 0.51440441 0.53363822 0.5527534
 0.55961469 0.56647599]",False
234,1048.0431333333333,25.870953949698354,421.1739626742999,447.04491662399823,1495.0880499573316,0,18,0.48,33.54859356935155,6.289231254174666,591.0951,4831.445428973613,379.3103448275862,379.3103448275862,1174.5754,0.4872726622978626,0.48,1,0,0,0,1000,0,0.0,0,10.5,0,0,0.0,0.0,0,48,[0. 0. 0. 0. 0.],2,0.0,93166.76468005124,249.26094401653506,373.7720124893329,373.7720124893329,4.831445428973614,idle,147.773775,1207.8613572434033,6.29760556196281,3,10.75,0.47593677344649604,"[0.47593677 0.49517059 0.51440441 0.53363822 0.5527534  0.55961469
 0.56647599 0.57333729]",False
235,1048.0431333333333,25.881489070996814,421.1583893150312,447.039878386028,1495.0830117193614,0,18,0.48,33.54859356935155,6.29760556196281,591.0951,4831.445428973613,379.3103448275862,379.3103448275862,1170.9716,0.4825738584031445,0.48,1,0,0,0,1000,0,0.0,0,10.75,0,0,0.0,0.0,0,48,[0. 0. 0. 0. 0.],2,0.0,93489.57587958913,250.12544493318836,373.77075292984034,373.77075292984034,4.831445428973614,idle,147.773775,1207.8613572434033,6.298768880790266,3,11.0,0.49517058950902737,"[0.49517059 0.51440441 0.53363822 0.5527534  0.55961469 0.56647599
 0.57333729 0.58007705]",False
236,1053.9577333333334,26.86603946394779,427.3897324373974,454.2557719013452,1508.2135052346785,0,18,0.49,33.63351422389688,6.298768880790266,591.0951,4831.445428973613,379.3103448275862,379.3103448275862,1174.8588,0.49426886602766684,0.49,1,0,0,0,1000,0,0.0,0,11.0,0,0,0.0,0.0,0,49,[0. 0. 0. 0. 0.],2,0.0,94642.84681865542,251.00649607014088,377.0533763086696,377.0533763086696,4.831445428973614,idle,147.773775,1207.8613572434033,6.4532401210237404,3,11.25,0.5144044055715578,"[0.51440441 0.53363822 0.5527534  0.55961469 0.56647599 0.57333729
 0.58007705 0.57441341]",False
237,1071.7015333333331,30.21579028879828,446.10674449243066,476.3225347812289,1548.0240681145622,0,18,0.52,33.88626405409558,6.4532401210237404,591.0951,4831.445428973613,379.3103448275862,379.3103448275862,1196.3216,0.522123349600311,0.52,1,0,0,0,1000,0,0.0,0,11.25,0,0,0.0,0.0,0,52,[0. 0. 0. 0. 0.],2,0.0,98151.5926162281,253.61774312920915,387.00601702864054,387.00601702864054,4.831445428973614,idle,147.773775,1207.8613572434033,6.613834170541136,3,11.5,0.533638221634089,"[0.53363822 0.5527534  0.55961469 0.56647599 0.57333729 0.58007705
 0.57441341 0.56874977]",False
238,1083.5307333333335,32.72137493252471,458.7140137607683,491.43538869329296,1574.9661220266264,0,18,0.54,34.05311226190976,6.613834170541136,591.0951,4831.445428973613,379.3103448275862,379.3103448275862,1210.2002,0.5418756976718389,0.54,1,0,0,0,1000,0,0.0,0,11.5,0,0,0.0,0.0,0,54,[0. 0. 0. 0. 0.],2,0.0,100887.9947569074,256.2289901882773,393.7415305066566,393.7415305066566,4.831445428973614,idle,147.773775,1207.8613572434033,6.757487036642051,3,11.75,0.5527533970969053,"[0.5527534  0.55961469 0.56647599 0.57333729 0.58007705 0.57441341
 0.56874977 0.56308613]",False
239,1095.3599333333332,35.36528456045797,471.55074718634626,506.91603174680426,1602.2759650801374,0,18,0.56,34.21866206230589,6.757487036642051,591.0951,4831.445428973613,379.3103448275862,379.3103448275862,1223.7748,0.5535259102422496,0.56,1,0,0,0,1000,0,0.0,0,11.75,0,0,0.0,0.0,0,56,[0. 0. 0. 0. 0.],2,0.0,103683.37273426559,258.84023724734556,400.56899127003436,400.56899127003436,4.831445428973614,idle,147.773775,1207.8613572434033,6.901972430934634,3,12.0,0.5596146934750158,"[0.55961469 0.56647599 0.57333729 0.58007705 0.57441341 0.56874977
 0.56308613 0.55750921]",False
240,1095.3599333333332,35.61677517915455,471.2171897792074,506.83396495836195,1602.193898291695,0,18,0.56,34.21866206230589,6.901972430934634,591.0951,4831.445428973613,379.3103448275862,379.3103448275862,1222.6302,0.5570739873115436,0.56,1,0,0,0,1000,0,0.0,0,12.0,0,0,0.0,0.0,0,56,[0. 0. 0. 0. 0.],2,0.0,104717.54156195071,261.43537726264856,400.54847457292374,400.54847457292374,4.831445428973614,idle,147.773775,1207.8613572434033,6.885106598489906,3,12.25,0.5664759898531259,"[0.56647599 0.57333729 0.58007705 0.57441341 0.56874977 0.56308613
 0.55750921 0.56067923]",False
241,1095.3599333333332,35.58729590981443,471.25641872857324,506.84371463838767,1602.203647971721,0,18,0.56,34.21866206230589,6.885106598489906,591.0951,4831.445428973613,379.3103448275862,379.3103448275862,1222.4428,0.5526408595341772,0.56,1,0,0,0,1000,0,0.0,0,12.25,0,0,0.0,0.0,0,56,[0. 0. 0. 0. 0.],2,0.0,105091.29696917383,262.36688975764633,400.55091199293025,400.55091199293025,4.831445428973614,idle,147.773775,1207.8613572434033,6.8773077135349805,3,12.5,0.5733372862312356,"[0.57333729 0.58007705 0.57441341 0.56874977 0.56308613 0.55750921
 0.56067923 0.56384925]",False
242,1095.3599333333332,35.57367547825921,471.27453235900634,506.8482078372656,1602.2081411705985,0,18,0.56,34.21866206230589,6.8773077135349805,591.0951,4831.445428973613,379.3103448275862,379.3103448275862,1222.3561,0.5526248917242289,0.56,1,0,0,0,1000,0,0.0,0,12.5,0,0,0.0,0.0,0,56,[0. 0. 0. 0. 0.],2,0.0,105464.71091159934,263.29840225264405,400.55203529264963,400.55203529264963,4.831445428973614,idle,147.773775,1207.8613572434033,6.8940944209976776,3,12.75,0.5800770506776441,"[0.58007705 0.57441341 0.56874977 0.56308613 0.55750921 0.56067923
 0.56384925 0.56701926]",False
243,1095.3599333333332,35.60300139740532,471.2355231886458,506.8385245860511,1602.198457919384,0,18,0.56,34.21866206230589,6.8940944209976776,591.0951,4831.445428973613,379.3103448275862,379.3103448275862,1222.5426,0.5570260838816988,0.56,1,0,0,0,1000,0,0.0,0,12.75,0,0,0.0,0.0,0,56,[0. 0. 0. 0. 0.],2,0.0,105837.19048621047,264.2299147476417,400.549614479846,400.549614479846,4.831445428973614,idle,147.773775,1207.8613572434033,6.889672453981214,3,13.0,0.5744134091533615,"[0.57441341 0.56874977 0.56308613 0.55750921 0.56067923 0.56384925
 0.56701926 0.57011273]",False
244,1101.2745333333332,36.860064479415634,477.8998728654944,514.7599373449101,1616.034470678243,0,18,0.5700000000000001,34.30095607509909,6.889672453981214,591.0951,4831.445428973613,379.3103448275862,379.3103448275862,1229.8266,0.5658444360065866,0.5700000000000001,1,0,0,0,1000,0,0.0,0,13.0,0,0,0.0,0.0,0,57,[0. 0. 0. 0. 0.],2,0.0,107120.83570681798,265.14492766199425,404.00861766956075,404.00861766956075,4.831445428973614,idle,147.773775,1207.8613572434033,6.73645647287501,3,13.25,0.5687497676290788,"[0.56874977 0.56308613 0.55750921 0.56067923 0.56384925 0.56701926
 0.57011273 0.56557453]",False
245,1107.1891333333333,37.87372268847705,484.97639092709073,522.8501136155678,1630.039246948901,0,18,0.58,34.38293265443695,6.73645647287501,591.0951,4831.445428973613,379.3103448275862,379.3103448275862,1235.7364,0.5790273751310684,0.58,1,0,0,0,1000,0,0.0,0,13.25,0,0,0.0,0.0,0,57,[0. 0. 0. 0. 0.],2,0.0,107735.81919865769,264.37601278697315,407.5098117372253,407.5098117372253,4.831445428973614,idle,147.773775,1207.8613572434033,6.58966308500141,3,13.5,0.5630861261047961,"[0.56308613 0.55750921 0.56067923 0.56384925 0.56701926 0.57011273
 0.56557453 0.56103633]",False
246,1113.1037333333334,38.91766534713132,492.1008405365625,531.0185058836938,1644.1222392170273,0,18,0.59,34.46459413821611,6.58966308500141,591.0951,4831.445428973613,379.3103448275862,379.3103448275862,1241.6896,0.5915166152059952,0.59,1,0,0,0,1000,0,0.0,0,13.5,0,0,0.0,0.0,0,59,[0. 0. 0. 0. 0.],2,0.0,108350.5730231252,263.60709791195205,411.0305598042568,411.0305598042568,4.831445428973614,idle,147.773775,1207.8613572434033,6.4233679715912615,3,13.75,0.5575092077290265,"[0.55750921 0.56067923 0.56384925 0.56701926 0.57011273 0.56557453
 0.56103633 0.55649813]",False
247,1124.932933333333,41.31727997601496,506.2358981043442,547.5531780803591,1672.4861114136925,0,18,0.61,34.626981050051775,6.4233679715912615,591.0951,4831.445428973613,379.3103448275862,379.3103448275862,1254.6172,0.6033121562313665,0.61,1,0,0,0,1000,0,0.0,0,13.75,0,0,0.0,0.0,0,61,[0. 0. 0. 0. 0.],2,0.0,109898.30266961925,262.83818303693096,418.1215278534231,418.1215278534231,4.831445428973614,idle,147.773775,1207.8613572434033,6.28203161936189,3,14.0,0.5606792264485806,"[0.56067923 0.56384925 0.56701926 0.57011273 0.56557453 0.56103633
 0.55649813 0.55195244]",False
248,1130.847533333333,42.43551851157928,513.5374966864321,555.9730151980115,1686.8205485313447,0,18,0.62,34.707711034202674,6.28203161936189,591.0951,4831.445428973613,379.3103448275862,379.3103448275862,1260.5588,0.6144139982071823,0.62,1,0,0,0,1000,0,0.0,0,14.0,0,0,0.0,0.0,0,62,[0. 0. 0. 0. 0.],2,0.0,110520.92175061407,262.0810419859795,421.70513713283617,421.70513713283617,4.831445428973614,idle,147.773775,1207.8613572434033,6.019820243163403,3,14.25,0.5638492451681352,"[0.56384925 0.56701926 0.57011273 0.56557453 0.56103633 0.55649813
 0.55195244 0.54666832]",False
249,1130.847533333333,41.899214731110185,514.1571932163625,556.0564079474727,1686.903941280806,0,18,0.62,34.707711034202674,6.019820243163403,591.0951,4831.445428973613,379.3103448275862,379.3103448275862,1259.4747,0.6247612564649,0.62,1,0,0,0,1000,0,0.0,0,14.25,0,0,0.0,0.0,0,62,[0. 0. 0. 0. 0.],2,0.0,110707.8848563691,262.51141430688114,421.7259853202015,421.7259853202015,4.831445428973614,idle,147.773775,1207.8613572434033,5.748624803985946,3,14.5,0.5670192638876893,"[0.56701926 0.57011273 0.56557453 0.56103633 0.55649813 0.55195244
 0.54666832 0.54138419]",False
250,1136.7621333333334,42.755478012935285,521.8202823998212,564.5757604127565,1701.3378937460895,0,18,0.63,34.78813503559568,5.748624803985946,591.0951,4831.445428973613,379.3103448275862,379.3103448275862,1265.4551,0.6275653794264822,0.63,1,0,0,0,1000,0,0.0,0,14.5,0,0,0.0,0.0,0,63,[0. 0. 0. 0. 0.],2,0.0,111838.20635978645,262.94178662778285,425.3344734365224,425.3344734365224,4.831445428973614,idle,147.773775,1207.8613572434033,5.490303115253206,3,14.75,0.5701127283995002,"[0.57011273 0.56557453 0.56103633 0.55649813 0.55195244 0.54666832
 0.54138419 0.53610006]",False
251,1130.847533333333,40.843429280615695,515.3435610035752,556.186990284191,1687.0345236175242,0,18,0.62,34.707711034202674,5.490303115253206,591.0951,4831.445428973613,379.3103448275862,379.3103448275862,1257.2498,0.6228263670919287,0.62,1,0,0,0,1000,0,0.0,0,14.75,0,0,0.0,0.0,0,62,[0. 0. 0. 0. 0.],2,0.0,111079.4811765282,263.3721589486845,421.75863090438105,421.75863090438105,4.831445428973614,idle,147.773775,1207.8613572434033,5.203866024256055,3,15.0,0.5655745303393716,"[0.56557453 0.56103633 0.55649813 0.55195244 0.54666832 0.54138419
 0.53610006 0.53077329]",False
252,1124.932933333333,38.95657744159309,508.941654436713,547.8982318783061,1672.8311652116395,0,18,0.61,34.626981050051775,5.203866024256055,591.0951,4831.445428973613,379.3103448275862,379.3103448275862,1248.6918,0.6105442194612405,0.61,1,0,0,0,1000,0,0.0,0,15.0,0,0,0.0,0.0,0,61,[0. 0. 0. 0. 0.],2,0.0,110319.92740226403,263.792138014853,418.20779130290987,418.20779130290987,4.831445428973614,idle,147.773775,1207.8613572434033,5.222495943897373,3,15.25,0.5610363322792425,"[0.56103633 0.55649813 0.55195244 0.54666832 0.54138419 0.53610006
 0.53077329 0.52129226]",False
253,1113.1037333333334,36.42999277234967,495.0650040905354,531.494996862885,1644.5987301962184,0,18,0.59,34.46459413821611,5.222495943897373,591.0951,4831.445428973613,379.3103448275862,379.3103448275862,1234.433,0.5908266659552425,0.59,1,0,0,0,1000,0,0.0,0,15.25,0,0,0.0,0.0,0,59,[0. 0. 0. 0. 0.],2,0.0,108204.73588541574,263.1760171005501,411.1496825490546,411.1496825490546,4.831445428973614,idle,147.773775,1207.8613572434033,5.215112130384817,3,15.5,0.5564981342191139,"[0.55649813 0.55195244 0.54666832 0.54138419 0.53610006 0.53077329
 0.52129226 0.51181123]",False
254,1101.2745333333332,33.98870017412074,481.4706335572713,515.459333731392,1616.7338670647252,0,18,0.5700000000000001,34.30095607509909,5.215112130384817,591.0951,4831.445428973613,379.3103448275862,379.3103448275862,1219.7738,0.5749403324427661,0.5700000000000001,1,0,0,0,1000,0,0.0,0,15.5,0,0,0.0,0.0,0,57,[0. 0. 0. 0. 0.],2,0.0,106122.36907432604,262.55989618624716,404.1834667661813,404.1834667661813,4.831445428973614,idle,147.773775,1207.8613572434033,5.2021791166268905,3,15.75,0.5519524428086531,"[0.55195244 0.54666832 0.54138419 0.53610006 0.53077329 0.52129226
 0.51181123 0.5023302 ]",False
255,1101.2745333333332,33.967704900830846,481.49509797021494,515.4628028710458,1616.7373362043788,0,18,0.5700000000000001,34.30095607509909,5.2021791166268905,591.0951,4831.445428973613,379.3103448275862,379.3103448275862,1219.6301,0.5628852189238116,0.5700000000000001,1,0,0,0,1000,0,0.0,0,15.75,0,0,0.0,0.0,0,57,[0. 0. 0. 0. 0.],2,0.0,105873.57036712041,261.9437752719443,404.1843340510947,404.1843340510947,4.831445428973614,idle,147.773775,1207.8613572434033,5.198684455846448,3,16.0,0.5466683157836619,"[0.54666832 0.54138419 0.53610006 0.53077329 0.52129226 0.51181123
 0.5023302  0.49260103]",False
256,1095.3599333333332,32.79668445109936,474.782515370491,507.5791998215904,1602.9391331549234,0,18,0.56,34.21866206230589,5.198684455846448,591.0951,4831.445428973613,379.3103448275862,379.3103448275862,1212.2547,0.5546613253983792,0.56,1,0,0,0,1000,0,0.0,0,16.0,0,0,0.0,0.0,0,56,[0. 0. 0. 0. 0.],2,0.0,104722.67325995072,261.3266370353922,400.73478328873085,400.73478328873085,4.831445428973614,idle,147.773775,1207.8613572434033,5.067595951096178,3,16.25,0.5413841887586707,"[0.54138419 0.53610006 0.53077329 0.52129226 0.51181123 0.5023302
 0.49260103 0.45896814]",False
257,1095.3599333333332,32.59216409891627,475.0231795630972,507.61534366201346,1602.9752769953466,0,18,0.56,34.21866206230589,5.067595951096178,591.0951,4831.445428973613,379.3103448275862,379.3103448275862,1210.0202,0.5501733060845253,0.56,1,0,0,0,1000,0,0.0,0,16.25,0,0,0.0,0.0,0,56,[0. 0. 0. 0. 0.],2,0.0,104437.54469998473,260.60924631537637,400.74381924883664,400.74381924883664,4.831445428973614,idle,147.773775,1207.8613572434033,4.917395216054852,3,16.5,0.5361000617336795,"[0.53610006 0.53077329 0.52129226 0.51181123 0.5023302  0.49260103
 0.45896814 0.42533524]",False
258,1083.5307333333335,0.0,462.0065131859481,462.0065131859481,1545.5372465192816,0,18,0.54,34.05311226190976,4.917395216054852,591.0951,4831.445428973613,379.3103448275862,379.3103448275862,1192.8259,0.5398720694927058,0.54,1,0,0,0,1000,0,0.0,0,16.5,0,0,0.0,0.0,0,54,[0. 0. 0. 0. 0.],2,0.0,100418.13572241006,259.89185559536054,386.3843116298204,386.3843116298204,4.831445428973614,idle,147.773775,1207.8613572434033,4.7579675154920285,3,16.75,0.5307732949133582,"[0.53077329 0.52129226 0.51181123 0.5023302  0.49260103 0.45896814
 0.42533524 0.39170235]",False
259,1071.7015333333331,0.0,449.2055116575589,449.2055116575589,1520.907044990892,0,18,0.52,33.88626405409558,4.7579675154920285,591.0951,4831.445428973613,379.3103448275862,379.3103448275862,1175.4134,0.523757615622921,0.52,1,0,0,0,1000,0,0.0,0,16.75,0,0,0.0,0.0,0,52,[0. 0. 0. 0. 0.],2,0.0,98545.06737766406,259.1744648753447,380.226761247723,380.226761247723,4.831445428973614,idle,147.773775,1207.8613572434033,4.595063930317934,3,17.0,0.521292262190755,"[0.52129226 0.51181123 0.5023302  0.49260103 0.45896814 0.42533524
 0.39170235 0.35851906]",False
260,1065.786933333333,0.0,443.0078091189386,443.0078091189386,1508.7947424522717,0,18,0.51,33.80234693643912,4.595063930317934,591.0951,4831.445428973613,379.3103448275862,379.3103448275862,1165.3635,0.5018299444751706,0.51,1,0,0,0,1000,0,0.0,0,17.0,0,0,0.0,0.0,0,51,[0. 0. 0. 0. 0.],2,0.0,97487.48508542756,258.45128523440997,377.19868561306794,377.19868561306794,4.831445428973614,idle,147.773775,1207.8613572434033,4.468998187610273,3,17.25,0.5118112294681513,"[0.51181123 0.5023302  0.49260103 0.45896814 0.42533524 0.39170235
 0.35851906 0.36816681]",False
261,1042.1285333333333,0.0,417.9195789391902,417.9195789391902,1460.0481122725234,0,18,0.47,33.463333297706605,4.468998187610273,591.0951,4831.445428973613,379.3103448275862,379.3103448275862,1134.8152,0.4742923394950558,0.47,1,0,0,0,1000,0,0.0,0,17.25,0,0,0.0,0.0,0,47,[0. 0. 0. 0. 0.],2,0.0,93867.99282285888,257.1641085902464,365.01202806813086,365.01202806813086,4.831445428973614,idle,147.773775,1207.8613572434033,4.323836429935268,3,17.5,0.5023301967455474,"[0.5023302  0.49260103 0.45896814 0.42533524 0.39170235 0.35851906
 0.36816681 0.37781457]",False
262,1036.2139333333334,0.0,411.93299657936694,411.93299657936694,1448.1469299127002,0,18,0.45999999999999996,33.37773081087316,4.323836429935268,591.0951,4831.445428973613,379.3103448275862,379.3103448275862,1126.629,0.4609096588104434,0.45999999999999996,1,0,0,0,1000,0,0.0,0,17.5,0,0,0.0,0.0,0,46,[0. 0. 0. 0. 0.],2,0.0,92636.8483583002,255.87693194608283,362.03673247817505,362.03673247817505,4.831445428973614,idle,147.773775,1207.8613572434033,4.185694998074214,3,17.75,0.4926010284698754,"[0.49260103 0.45896814 0.42533524 0.39170235 0.35851906 0.36816681
 0.37781457 0.38746232]",False
263,1036.2139333333334,0.0,412.1138744240661,412.1138744240661,1448.3278077573996,0,18,0.45999999999999996,33.37773081087316,4.185694998074214,591.0951,4831.445428973613,379.3103448275862,379.3103448275862,1126.1465,0.4616819024213342,0.45999999999999996,1,0,0,0,1000,0,0.0,0,17.75,0,0,0.0,0.0,0,46,[0. 0. 0. 0. 0.],2,0.0,92182.35554348036,254.5897553019192,362.0819519393499,362.0819519393499,4.831445428973614,idle,147.773775,1207.8613572434033,4.077225243547582,3,18.0,0.45896813524863855,"[0.45896814 0.42533524 0.39170235 0.35851906 0.36816681 0.37781457
 0.38746232 0.39746691]",False
264,1048.0431333333333,0.0,424.69141748514124,424.69141748514124,1472.7345508184744,0,18,0.48,33.54859356935155,4.077225243547582,591.0951,4831.445428973613,379.3103448275862,379.3103448275862,1141.2066,0.47660907032772826,0.48,1,0,0,0,1000,0,0.0,0,18.0,0,0,0.0,0.0,0,48,[0. 0. 0. 0. 0.],2,0.0,93249.46158626246,253.26889094695017,368.1836377046186,368.1836377046186,4.831445428973614,idle,147.773775,1207.8613572434033,4.090596229694988,3,18.25,0.4253352420274036,"[0.42533524 0.39170235 0.35851906 0.36816681 0.37781457 0.38746232
 0.39746691 0.44109168]",False
265,1065.786933333333,0.0,443.747072897336,443.747072897336,1509.534006230669,0,18,0.51,33.80234693643912,4.090596229694988,591.0951,4831.445428973613,379.3103448275862,379.3103448275862,1163.96,0.5054858825448878,0.51,1,0,0,0,1000,0,0.0,0,18.25,0,0,0.0,0.0,0,51,[0. 0. 0. 0. 0.],2,0.0,93856.32487580286,248.70277711772425,377.3835015576673,377.3835015576673,4.831445428973614,idle,147.773775,1207.8613572434033,4.089298682657684,3,18.5,0.391702348806167,"[0.39170235 0.35851906 0.36816681 0.37781457 0.38746232 0.39746691
 0.44109168 0.48471645]",False
266,1077.6161333333332,0.0,456.7447055143115,456.7447055143115,1534.3608388476448,0,18,0.53,33.96985167468354,4.089298682657684,591.0951,4831.445428973613,379.3103448275862,379.3103448275862,1178.8672,0.5285148406383341,0.53,1,0,0,0,1000,0,0.0,0,18.5,0,0,0.0,0.0,0,53,[0. 0. 0. 0. 0.],2,0.0,93648.43386920143,244.1366632884986,383.5902097119112,383.5902097119112,4.831445428973614,idle,147.773775,1207.8613572434033,4.084593349395994,3,18.75,0.3585190604713543,"[0.35851906 0.36816681 0.37781457 0.38746232 0.39746691 0.44109168
 0.48471645 0.52834122]",False
267,1083.5307333333335,0.0,463.3343500624824,463.3343500624824,1546.8650833958156,0,18,0.54,34.05311226190976,4.084593349395994,591.0951,4831.445428973613,379.3103448275862,379.3103448275862,1186.232,0.5456959446080676,0.54,1,0,0,0,1000,0,0.0,0,18.75,0,0,0.0,0.0,0,54,[0. 0. 0. 0. 0.],2,0.0,92645.82949212482,239.5705494592727,386.7162708489539,386.7162708489539,4.831445428973614,idle,147.773775,1207.8613572434033,4.084037262545801,3,19.0,0.36816681345951946,"[0.36816681 0.37781457 0.38746232 0.39746691 0.44109168 0.48471645
 0.52834122 0.57135948]",False
268,1095.3599333333332,0.0,476.6715762886847,476.6715762886847,1572.031509622018,0,18,0.56,34.21866206230589,4.084037262545801,591.0951,4831.445428973613,379.3103448275862,379.3103448275862,1200.9718,0.5570291944540879,0.56,1,0,0,0,1000,0,0.0,0,19.0,0,0,0.0,0.0,0,56,[0. 0. 0. 0. 0.],2,0.0,92382.58357361183,235.06547548992697,393.0078774055045,393.0078774055045,4.831445428973614,idle,147.773775,1207.8613572434033,3.95775843546419,3,19.25,0.37781456644768524,"[0.37781457 0.38746232 0.39746691 0.44109168 0.48471645 0.52834122
 0.57135948 0.55785538]",False
269,1101.2745333333332,0.0,483.6205082856125,483.6205082856125,1584.8950416189457,0,18,0.5700000000000001,34.30095607509909,3.95775843546419,591.0951,4831.445428973613,379.3103448275862,379.3103448275862,1206.709,0.5625712468344835,0.5700000000000001,1,0,0,0,1000,0,0.0,0,19.25,0,0,0.0,0.0,0,57,[0. 0. 0. 0. 0.],2,0.0,93657.50493677221,236.3752866337509,396.2237604047364,396.2237604047364,4.831445428973614,idle,147.773775,1207.8613572434033,3.811846250055805,3,19.5,0.3874623194358508,"[0.38746232 0.39746691 0.44109168 0.48471645 0.52834122 0.57135948
 0.55785538 0.54435129]",False
270,1101.2745333333332,0.0,483.839787150526,483.839787150526,1585.1143204838593,0,18,0.5700000000000001,34.30095607509909,3.811846250055805,591.0951,4831.445428973613,379.3103448275862,379.3103448275862,1204.8972,0.5678506364679599,0.5700000000000001,1,0,0,0,1000,0,0.0,0,19.5,0,0,0.0,0.0,0,57,[0. 0. 0. 0. 0.],2,0.0,94189.51306321008,237.68509777757492,396.2785801209648,396.2785801209648,4.831445428973614,idle,147.773775,1207.8613572434033,3.6710344645683444,3,19.75,0.39746690866319995,"[0.39746691 0.44109168 0.48471645 0.52834122 0.57135948 0.55785538
 0.54435129 0.5308472 ]",False
271,1101.2745333333332,0.0,484.04538342122333,484.04538342122333,1585.3199167545565,0,18,0.5700000000000001,34.30095607509909,3.6710344645683444,591.0951,4831.445428973613,379.3103448275862,379.3103448275862,1203.142,0.5728673633545172,0.5700000000000001,1,0,0,0,1000,0,0.0,0,19.75,0,0,0.0,0.0,0,57,[0. 0. 0. 0. 0.],2,0.0,94720.84727900874,238.99490892139892,396.32997918863913,396.32997918863913,4.831445428973614,idle,147.773775,1207.8613572434033,3.5197607191641618,3,20.0,0.4410916774692108,"[0.44109168 0.48471645 0.52834122 0.57135948 0.55785538 0.54435129
 0.5308472  0.51780928]",False
272,1107.1891333333333,0.0,491.08655661931823,491.08655661931823,1598.2756899526514,0,18,0.58,34.38293265443695,3.5197607191641618,591.0951,4831.445428973613,379.3103448275862,379.3103448275862,1208.7727,0.5776214274941558,0.58,1,0,0,0,1000,0,0.0,0,20.0,0,0,0.0,0.0,0,57,[0. 0. 0. 0. 0.],2,0.0,96037.65529310139,240.3531653439501,399.56892248816285,399.56892248816285,4.831445428973614,idle,147.773775,1207.8613572434033,3.4703746250331258,3,20.25,0.4847164462752191,"[0.48471645 0.52834122 0.57135948 0.55785538 0.54435129 0.5308472
 0.51780928 0.54774893]",False
273,1107.1891333333333,0.0,491.1562817048813,491.1562817048813,1598.3454150382145,0,18,0.58,34.38293265443695,3.4703746250331258,591.0951,4831.445428973613,379.3103448275862,379.3103448275862,1212.225,0.5821342082646408,0.58,1,0,0,0,1000,0,0.0,0,20.25,0,0,0.0,0.0,0,57,[0. 0. 0. 0. 0.],2,0.0,98408.45275693951,246.27580954918105,399.5863537595536,399.5863537595536,4.831445428973614,idle,147.773775,1207.8613572434033,3.4269124862927707,3,20.5,0.5283412150812301,"[0.52834122 0.57135948 0.55785538 0.54435129 0.5308472  0.51780928
 0.54774893 0.57768858]",False
274,1113.1037333333334,0.0,498.10427580678595,498.10427580678595,1611.2080091401194,0,18,0.59,34.46459413821611,3.4269124862927707,591.0951,4831.445428973613,379.3103448275862,379.3103448275862,1223.1833,0.588438483667958,0.59,1,0,0,0,1000,0,0.0,0,20.5,0,0,0.0,0.0,0,59,[0. 0. 0. 0. 0.],2,0.0,101586.04214546552,252.19845375441164,402.80200228502986,402.80200228502986,4.831445428973614,idle,147.773775,1207.8613572434033,3.378185190884402,3,20.75,0.571359478834541,"[0.57135948 0.55785538 0.54435129 0.5308472  0.51780928 0.54774893
 0.57768858 0.60762823]",False
275,1113.1037333333334,0.0,498.17292338014795,498.17292338014795,1611.2766567134813,0,18,0.59,34.46459413821611,3.378185190884402,591.0951,4831.445428973613,379.3103448275862,379.3103448275862,1226.8085,0.5965342537041073,0.59,1,0,0,0,1000,0,0.0,0,20.75,0,0,0.0,0.0,0,59,[0. 0. 0. 0. 0.],2,0.0,103976.12493690649,258.1210979596426,402.81916417837033,402.81916417837033,4.831445428973614,idle,147.773775,1207.8613572434033,3.308420851818688,3,21.0,0.5578553846123794,"[0.55785538 0.54435129 0.5308472  0.51780928 0.54774893 0.57768858
 0.60762823 0.63721524]",False
276,1124.932933333333,0.0,512.2253882028307,512.2253882028307,1637.1583215361638,0,18,0.61,34.626981050051775,3.308420851818688,591.0951,4831.445428973613,379.3103448275862,379.3103448275862,1244.6382,0.6064215183730888,0.61,1,0,0,0,1000,0,0.0,0,21.0,0,0,0.0,0.0,0,61,[0. 0. 0. 0. 0.],2,0.0,108036.65105892508,263.9614010147854,409.28958038404096,409.28958038404096,4.831445428973614,idle,147.773775,1207.8613572434033,3.1963565733362627,3,21.25,0.5443512903902168,"[0.54435129 0.5308472  0.51780928 0.54774893 0.57768858 0.60762823
 0.63721524 0.63463742]",False
277,1130.847533333333,0.0,519.4521462864172,519.4521462864172,1650.2996796197506,0,18,0.62,34.707711034202674,3.1963565733362627,591.0951,4831.445428973613,379.3103448275862,379.3103448275862,1251.2583,0.6179951258082876,0.62,1,0,0,0,1000,0,0.0,0,21.25,0,0,0.0,0.0,0,62,[0. 0. 0. 0. 0.],2,0.0,108147.45515527816,262.12804011498486,412.57491990493764,412.57491990493764,4.831445428973614,idle,147.773775,1207.8613572434033,3.065137356486386,3,21.5,0.5308471961680546,"[0.5308472  0.51780928 0.54774893 0.57768858 0.60762823 0.63721524
 0.63463742 0.63205961]",False
278,1130.847533333333,0.0,519.6354397839881,519.6354397839881,1650.4829731173213,0,18,0.62,34.707711034202674,3.065137356486386,591.0951,4831.445428973613,379.3103448275862,379.3103448275862,1250.474,0.6212058592646591,0.62,1,0,0,0,1000,0,0.0,0,21.5,0,0,0.0,0.0,0,62,[0. 0. 0. 0. 0.],2,0.0,107402.98400942417,260.2946792151842,412.6207432793303,412.6207432793303,4.831445428973614,idle,147.773775,1207.8613572434033,2.9614677050565743,3,21.75,0.5178092791303406,"[0.51780928 0.54774893 0.57768858 0.60762823 0.63721524 0.63463742
 0.63205961 0.62948179]",False
279,1130.847533333333,0.0,519.7762310082719,519.7762310082719,1650.6237643416052,0,18,0.62,34.707711034202674,2.9614677050565743,591.0951,4831.445428973613,379.3103448275862,379.3103448275862,1249.9957,0.6160537187422028,0.62,1,0,0,0,1000,0,0.0,0,21.75,0,0,0.0,0.0,0,62,[0. 0. 0. 0. 0.],2,0.0,106655.5985436081,258.4613183153836,412.6559410854013,412.6559410854013,4.831445428973614,idle,147.773775,1207.8613572434033,2.8440037653540844,3,22.0,0.5477489310332253,"[0.54774893 0.57768858 0.60762823 0.63721524 0.63463742 0.63205961
 0.62948179 0.62692148]",False
280,1124.932933333333,0.0,512.8544707228465,512.8544707228465,1637.7874040561796,0,18,0.61,34.626981050051775,2.8440037653540844,591.0951,4831.445428973613,379.3103448275862,379.3103448275862,1242.1691,0.6025387042409189,0.61,1,0,0,0,1000,0,0.0,0,22.0,0,0,0.0,0.0,0,61,[0. 0. 0. 0. 0.],2,0.0,105101.42284315538,256.69124718595083,409.4468510140449,409.4468510140449,4.831445428973614,idle,147.773775,1207.8613572434033,2.794719482740488,3,22.25,0.5776885829361089,"[0.57768858 0.60762823 0.63721524 0.63463742 0.63205961 0.62948179
 0.62692148 0.62594181]",False
281,1107.1891333333333,0.0,492.0351289051218,492.0351289051218,1599.224262238455,0,18,0.58,34.38293265443695,2.794719482740488,591.0951,4831.445428973613,379.3103448275862,379.3103448275862,1220.1051,0.5808004966174414,0.58,1,0,0,0,1000,0,0.0,0,22.25,0,0,0.0,0.0,0,57,[0. 0. 0. 0. 0.],2,0.0,104251.81213916483,260.7559542480733,399.8060655596137,399.8060655596137,4.831445428973614,idle,147.773775,1207.8613572434033,2.7491572590931503,3,22.5,0.6076282348389936,"[0.60762823 0.63721524 0.63463742 0.63205961 0.62948179 0.62692148
 0.62594181 0.62496214]",False
282,1101.2745333333332,0.0,485.24434410675553,485.24434410675553,1586.5188774400888,0,18,0.5700000000000001,34.30095607509909,2.7491572590931503,591.0951,4831.445428973613,379.3103448275862,379.3103448275862,1212.5203,0.5638412115725232,0.5700000000000001,1,0,0,0,1000,0,0.0,0,22.5,0,0,0.0,0.0,0,57,[0. 0. 0. 0. 0.],2,0.0,105035.74457619837,264.8206613101956,396.6297193600222,396.6297193600222,4.831445428973614,idle,147.773775,1207.8613572434033,2.698059509702629,3,22.75,0.6372152429438405,"[0.63721524 0.63463742 0.63205961 0.62948179 0.62692148 0.62594181
 0.62496214 0.62398246]",False
283,1095.3599333333332,0.0,478.5151639363992,478.5151639363992,1573.8750972697324,0,18,0.56,34.21866206230589,2.698059509702629,591.0951,4831.445428973613,379.3103448275862,379.3103448275862,1204.8456,0.5516608491061641,0.56,1,0,0,0,1000,0,0.0,0,22.75,0,0,0.0,0.0,0,56,[0. 0. 0. 0. 0.],2,0.0,105797.99632534747,268.88536837231806,393.4687743174331,393.4687743174331,4.831445428973614,idle,147.773775,1207.8613572434033,2.642737635497214,3,23.0,0.6346374246278214,"[0.63463742 0.63205961 0.62948179 0.62692148 0.62594181 0.62496214
 0.62398246 0.62295072]",False
284,1083.5307333333335,0.0,465.1713315367139,465.1713315367139,1548.7020648700475,0,18,0.54,34.05311226190976,2.642737635497214,591.0951,4831.445428973613,379.3103448275862,379.3103448275862,1189.7092,0.5442594092183641,0.54,1,0,0,0,1000,0,0.0,0,23.0,0,0,0.0,0.0,0,54,[0. 0. 0. 0. 0.],2,0.0,105661.04990462234,272.902199335515,387.17551621751187,387.17551621751187,4.831445428973614,idle,147.773775,1207.8613572434033,2.5448324686781025,3,23.25,0.6320596063118022,"[0.63205961 0.62948179 0.62692148 0.62594181 0.62496214 0.62398246
 0.62295072 0.61726907]",False
285,1083.5307333333335,0.0,465.2745412181564,465.2745412181564,1548.80527455149,0,18,0.54,34.05311226190976,2.5448324686781025,591.0951,4831.445428973613,379.3103448275862,379.3103448275862,1189.0604,0.5415474295363516,0.54,1,0,0,0,1000,0,0.0,0,23.25,0,0,0.0,0.0,0,54,[0. 0. 0. 0. 0.],2,0.0,105532.58135049623,272.5522261177909,387.2013186378725,387.2013186378725,4.831445428973614,idle,147.773775,1207.8613572434033,2.4537720457056182,3,23.5,0.6294817879957831,"[0.62948179 0.62692148 0.62594181 0.62496214 0.62398246 0.62295072
 0.61726907 0.61158741]",False
286,1077.6161333333332,0.0,458.7475878467218,458.7475878467218,1536.363721180055,0,18,0.53,33.96985167468354,2.4537720457056182,591.0951,4831.445428973613,379.3103448275862,379.3103448275862,1181.0707,0.5355430252391126,0.53,1,0,0,0,1000,0,0.0,0,23.5,0,0,0.0,0.0,0,53,[0. 0. 0. 0. 0.],2,0.0,104550.41654478527,272.2022529000668,384.0909302950138,384.0909302950138,4.831445428973614,idle,147.773775,1207.8613572434033,2.349075327374639,3,23.75,0.626921483596464,"[0.62692148 0.62594181 0.62496214 0.62398246 0.62295072 0.61726907
 0.61158741 0.60590576]",False
287,1077.6161333333332,0.0,458.85021686031763,458.85021686031763,1536.466350193651,0,18,0.53,33.96985167468354,2.349075327374639,591.0951,4831.445428973613,379.3103448275862,379.3103448275862,1180.3464,0.5262461963266469,0.53,1,0,0,0,1000,0,0.0,0,23.75,0,0,0.0,0.0,0,53,[0. 0. 0. 0. 0.],2,0.0,104422.96998883819,271.8522796823427,384.1165875484127,384.1165875484127,4.831445428973614,idle,147.773775,1207.8613572434033,2.24278504646998,4,0.0,0.6259418101793192,"[0.62594181 0.62496214 0.62398246 0.62295072 0.61726907 0.61158741
 0.60590576 0.6000958 ]",False
288,1071.7015333333331,0.0,452.3840071191997,452.3840071191997,1524.085540452533,0,18,0.52,33.88626405409558,2.24278504646998,591.0951,4831.445428973613,379.3103448275862,379.3103448275862,1172.1568,0.5136569427989551,0.52,1,0,0,0,1000,0,0.0,0,0.0,0,0,0.0,0.0,0,52,[0. 0. 0. 0. 0.],2,0.0,103449.09084331262,271.5046842124003,381.02138511313325,381.02138511313325,4.831445428973614,idle,147.773775,1207.8613572434033,2.1391901395337185,4,0.25,0.6249621367621742,"[0.62496214 0.62398246 0.62295072 0.61726907 0.61158741 0.60590576
 0.6000958  0.58294517]",False
289,1053.9577333333334,0.0,433.1108670101978,433.1108670101978,1487.0686003435312,0,18,0.49,33.63351422389688,2.1391901395337185,591.0951,4831.445428973613,379.3103448275862,379.3103448275862,1148.7427,0.4978836816296732,0.49,1,0,0,0,1000,0,0.0,0,0.25,0,0,0.0,0.0,0,49,[0. 0. 0. 0. 0.],2,0.0,100887.0762659746,271.3716804797531,371.7671500858828,371.7671500858828,4.831445428973614,idle,147.773775,1207.8613572434033,2.0488069298771423,4,0.5,0.6239824633450293,"[0.62398246 0.62295072 0.61726907 0.61158741 0.60590576 0.6000958
 0.58294517 0.56579454]",False
290,1053.9577333333334,0.0,433.1856649620981,433.1856649620981,1487.1433982954313,0,18,0.49,33.63351422389688,2.0488069298771423,591.0951,4831.445428973613,379.3103448275862,379.3103448275862,1147.9907,0.48848456221254666,0.49,1,0,0,0,1000,0,0.0,0,0.5,0,0,0.0,0.0,0,49,[0. 0. 0. 0. 0.],2,0.0,100842.70187171175,271.23867674710584,371.78584957385783,371.78584957385783,4.831445428973614,idle,147.773775,1207.8613572434033,1.963481443444809,4,0.75,0.6229507246077614,"[0.62295072 0.61726907 0.61158741 0.60590576 0.6000958  0.58294517
 0.56579454 0.54864391]",False
291,1048.0431333333333,0.0,426.9086023233915,426.9086023233915,1474.9517356567248,0,18,0.48,33.54859356935155,1.963481443444809,591.0951,4831.445428973613,379.3103448275862,379.3103448275862,1139.7301,0.48545958454757504,0.48,1,0,0,0,1000,0,0.0,0,0.75,0,0,0.0,0.0,0,48,[0. 0. 0. 0. 0.],2,0.0,99966.94573976505,271.1056730144586,368.7379339141812,368.7379339141812,4.831445428973614,idle,147.773775,1207.8613572434033,1.8683866130616726,4,1.0,0.6172690697032636,"[0.61726907 0.61158741 0.60590576 0.6000958  0.58294517 0.56579454
 0.54864391 0.53160044]",False
292,1053.9577333333334,0.0,433.3285336286917,433.3285336286917,1487.2862669620251,0,18,0.49,33.63351422389688,1.8683866130616726,591.0951,4831.445428973613,379.3103448275862,379.3103448275862,1146.4868,0.4888087486347587,0.49,1,0,0,0,1000,0,0.0,0,1.0,0,0,0.0,0.0,0,49,[0. 0. 0. 0. 0.],2,0.0,100750.85419256354,270.9656007201901,371.8215667405063,371.8215667405063,4.831445428973614,idle,147.773775,1207.8613572434033,1.9242619581472558,4,1.25,0.6115874147987657,"[0.61158741 0.60590576 0.6000958  0.58294517 0.56579454 0.54864391
 0.53160044 0.52393197]",False
293,1053.9577333333334,0.0,433.28520597076795,433.28520597076795,1487.2429393041014,0,18,0.49,33.63351422389688,1.9242619581472558,591.0951,4831.445428973613,379.3103448275862,379.3103448275862,1146.8961,0.4984774983667288,0.49,1,0,0,0,1000,0,0.0,0,1.25,0,0,0.0,0.0,0,49,[0. 0. 0. 0. 0.],2,0.0,100461.11902744678,270.1942402885536,371.81073482602534,371.81073482602534,4.831445428973614,idle,147.773775,1207.8613572434033,1.9679005409292984,4,1.5,0.6059057598942678,"[0.60590576 0.6000958  0.58294517 0.56579454 0.54864391 0.53160044
 0.52393197 0.5162635 ]",False
294,1065.786933333333,0.0,446.1108610834984,446.1108610834984,1511.8977944168316,0,18,0.51,33.80234693643912,1.9679005409292984,591.0951,4831.445428973613,379.3103448275862,379.3103448275862,1162.2093,0.5096635343693627,0.51,1,0,0,0,1000,0,0.0,0,1.5,0,0,0.0,0.0,0,51,[0. 0. 0. 0. 0.],2,0.0,101834.964455276,269.4228798569171,377.9744486042079,377.9744486042079,4.831445428973614,idle,147.773775,1207.8613572434033,2.0267611796686147,4,1.75,0.6000957991040301,"[0.6000958  0.58294517 0.56579454 0.54864391 0.53160044 0.52393197
 0.5162635  0.50859503]",False
295,1071.7015333333331,0.0,452.5757796580424,452.5757796580424,1524.2773129913755,0,18,0.52,33.88626405409558,2.0267611796686147,591.0951,4831.445428973613,379.3103448275862,379.3103448275862,1170.1272,0.5223668566426608,0.52,1,0,0,0,1000,0,0.0,0,1.75,0,0,0.0,0.0,0,52,[0. 0. 0. 0. 0.],2,0.0,102374.85404015427,268.65151942528064,381.0693282478439,381.0693282478439,4.831445428973614,idle,147.773775,1207.8613572434033,2.081492888244069,4,2.0,0.5829451691069043,"[0.58294517 0.56579454 0.54864391 0.53160044 0.52393197 0.5162635
 0.50859503 0.50082016]",False
296,1077.6161333333332,0.0,459.09839333703,459.09839333703,1536.7145266703633,0,18,0.53,33.96985167468354,2.081492888244069,591.0951,4831.445428973613,379.3103448275862,379.3103448275862,1177.9734,0.5365874651866227,0.53,1,0,0,0,1000,0,0.0,0,2.0,0,0,0.0,0.0,0,53,[0. 0. 0. 0. 0.],2,0.0,102907.14083511083,267.8627397583915,384.1786316675908,384.1786316675908,4.831445428973614,idle,147.773775,1207.8613572434033,2.02431593735204,4,2.25,0.5657945391097798,"[0.56579454 0.54864391 0.53160044 0.52393197 0.5162635  0.50859503
 0.50082016 0.48383078]",False
297,1095.3599333333332,0.0,479.20529974990575,479.20529974990575,1574.5652330832388,0,18,0.56,34.21866206230589,2.02431593735204,591.0951,4831.445428973613,379.3103448275862,379.3103448275862,1199.7119,0.5522564215192066,0.56,1,0,0,0,1000,0,0.0,0,2.25,0,0,0.0,0.0,0,56,[0. 0. 0. 0. 0.],2,0.0,104525.27435693465,265.5343129919317,393.6413082708097,393.6413082708097,4.831445428973614,idle,147.773775,1207.8613572434033,1.9562508920429669,4,2.5,0.5486439091126545,"[0.54864391 0.53160044 0.52393197 0.5162635  0.50859503 0.50082016
 0.48383078 0.4668414 ]",False
298,1101.2745333333332,0.0,486.0694977130583,486.0694977130583,1587.3440310463914,0,18,0.5700000000000001,34.30095607509909,1.9562508920429669,591.0951,4831.445428973613,379.3103448275862,379.3103448275862,1206.4958,0.5632580628873068,0.5700000000000001,1,0,0,0,1000,0,0.0,0,2.5,0,0,0.0,0.0,0,57,[0. 0. 0. 0. 0.],2,0.0,104449.57310906966,263.20588622547206,396.83600776159784,396.83600776159784,4.831445428973614,idle,147.773775,1207.8613572434033,1.8939161526350912,4,2.75,0.5316004405059666,"[0.53160044 0.52393197 0.5162635  0.50859503 0.50082016 0.48383078
 0.4668414  0.44985202]",False
299,1101.2745333333332,0.0,486.12622158398966,486.12622158398966,1587.400754917323,0,18,0.5700000000000001,34.30095607509909,1.8939161526350912,591.0951,4831.445428973613,379.3103448275862,379.3103448275862,1206.0124,0.5695923892909234,0.5700000000000001,1,0,0,0,1000,0,0.0,0,2.75,0,0,0.0,0.0,0,57,[0. 0. 0. 0. 0.],2,0.0,103529.26902153736,260.8774594590123,396.85018872933074,396.85018872933074,4.831445428973614,idle,147.773775,1207.8613572434033,1.8373667800039681,4,3.0,0.5239319699050605,"[0.52393197 0.5162635  0.50859503 0.50082016 0.48383078 0.4668414
 0.44985202 0.43206831]",False
300,1101.2745333333332,0.0,486.1766498343085,486.1766498343085,1587.4511831676418,0,18,0.5700000000000001,34.30095607509909,1.8373667800039681,591.0951,4831.445428973613,379.3103448275862,379.3103448275862,1205.5931,0.5712594007300561,0.5700000000000001,1,0,0,0,1000,0,0.0,0,3.0,0,0,0.0,0.0,0,57,[0. 0. 0. 0. 0.],2,0.0,102614.26575697029,258.56358128055587,396.86279579191046,396.86279579191046,4.831445428973614,idle,147.773775,1207.8613572434033,1.8241069209791787,4,3.25,0.5162634993041545,"[0.5162635  0.50859503 0.50082016 0.48383078 0.4668414  0.44985202
 0.43206831 0.34618401]",False
301,1101.2745333333332,0.0,486.18833236704114,486.18833236704114,1587.4628657003743,0,18,0.5700000000000001,34.30095607509909,1.8241069209791787,591.0951,4831.445428973613,379.3103448275862,379.3103448275862,1205.6367,0.5683522553385837,0.5700000000000001,1,0,0,0,1000,0,0.0,0,3.25,0,0,0.0,0.0,0,57,[0. 0. 0. 0. 0.],2,0.0,102201.84515554796,257.5224841192299,396.8657164250936,396.8657164250936,4.831445428973614,idle,147.773775,1207.8613572434033,1.8147971577278996,4,3.5,0.5085950287032489,"[0.50859503 0.50082016 0.48383078 0.4668414  0.44985202 0.43206831
 0.34618401 0.26029972]",False
302,1101.2745333333332,0.0,486.19650243897127,486.19650243897127,1587.4710357723045,0,18,0.5700000000000001,34.30095607509909,1.8147971577278996,591.0951,4831.445428973613,379.3103448275862,379.3103448275862,1205.7242,0.5691849271532436,0.5700000000000001,1,0,0,0,1000,0,0.0,0,3.5,0,0,0.0,0.0,0,57,[0. 0. 0. 0. 0.],2,0.0,101789.19325259524,256.4813869579039,396.8677589430761,396.8677589430761,4.831445428973614,idle,147.773775,1207.8613572434033,1.7853553136079774,4,3.75,0.5008201550452139,"[0.50082016 0.48383078 0.4668414  0.44985202 0.43206831 0.34618401
 0.26029972 0.17441543]",False
303,1101.2745333333332,0.0,486.2221649041362,486.2221649041362,1587.4966982374694,0,18,0.5700000000000001,34.30095607509909,1.7853553136079774,591.0951,4831.445428973613,379.3103448275862,379.3103448275862,1205.588,0.5737574161740362,0.5700000000000001,1,0,0,0,1000,0,0.0,0,3.75,0,0,0.0,0.0,0,57,[0. 0. 0. 0. 0.],2,0.0,101377.65416222248,255.44028979657799,396.87417455936736,396.87417455936736,4.831445428973614,idle,147.773775,1207.8613572434033,1.7534130836044746,4,4.0,0.4838307766398576,"[0.48383078 0.4668414  0.44985202 0.43206831 0.34618401 0.26029972
 0.17441543 0.0894908 ]",False
304,1107.1891333333333,0.0,493.1131819583897,493.1131819583897,1600.302315291723,0,18,0.58,34.38293265443695,1.7534130836044746,591.0951,4831.445428973613,379.3103448275862,379.3103448275862,1212.7363,0.5820697224009609,0.58,1,0,0,0,1000,0,0.0,0,4.0,0,0,0.0,0.0,0,57,[0. 0. 0. 0. 0.],2,0.0,101773.12490019368,254.3847470011095,400.07557882293077,400.07557882293077,4.831445428973614,idle,147.773775,1207.8613572434033,1.406046678152205,4,4.25,0.4668413982345001,"[0.4668414  0.44985202 0.43206831 0.34618401 0.26029972 0.17441543
 0.0894908  0.08602489]",False
305,1113.1037333333334,0.0,500.3246253704121,500.3246253704121,1613.4283587037455,0,18,0.59,34.46459413821611,1.406046678152205,591.0951,4831.445428973613,379.3103448275862,379.3103448275862,1217.4555,0.5940515759597763,0.59,1,0,0,0,1000,0,0.0,0,4.25,0,0,0.0,0.0,0,59,[0. 0. 0. 0. 0.],2,0.0,101677.53407956558,252.078212288905,403.3570896759364,403.3570896759364,4.831445428973614,idle,147.773775,1207.8613572434033,1.056159424298663,4,4.5,0.4498520198291428,"[0.44985202 0.43206831 0.34618401 0.26029972 0.17441543 0.0894908
 0.08602489 0.08255899]",False
306,1124.932933333333,0.0,514.6169953839669,514.6169953839669,1639.5499287173,0,18,0.61,34.626981050051775,1.056159424298663,591.0951,4831.445428973613,379.3103448275862,379.3103448275862,1230.513,0.6033356040886982,0.61,1,0,0,0,1000,0,0.0,0,4.5,0,0,0.0,0.0,0,61,[0. 0. 0. 0. 0.],2,0.0,102378.28404161987,249.77167757670037,409.887482179325,409.887482179325,4.831445428973614,idle,147.773775,1207.8613572434033,0.7155561060217177,4,4.75,0.4320683050892892,"[0.43206831 0.34618401 0.26029972 0.17441543 0.0894908  0.08602489
 0.08255899 0.07909308]",False
307,1124.932933333333,0.0,514.8328862231732,514.8328862231732,1639.7658195565064,0,18,0.61,34.626981050051775,0.7155561060217177,591.0951,4831.445428973613,379.3103448275862,379.3103448275862,1230.513,0.609921806787727,0.61,1,0,0,0,1000,0,0.0,0,4.75,0,0,0.0,0.0,0,61,[0. 0. 0. 0. 0.],2,0.0,101446.22070021696,247.46514286449576,409.9414548891266,409.9414548891266,4.831445428973614,idle,147.773775,1207.8613572434033,0.363116353257054,4,5.0,0.3461840129197214,"[0.34618401 0.26029972 0.17441543 0.0894908  0.08602489 0.08255899
 0.07909308 0.0755674 ]",False
308,1130.847533333333,0.0,522.1313053709728,522.1313053709728,1652.9788387043059,0,18,0.62,34.707711034202674,0.363116353257054,591.0951,4831.445428973613,379.3103448275862,379.3103448275862,1237.7046,0.6138101840568626,0.62,1,0,0,0,1000,0,0.0,0,5.0,0,0,0.0,0.0,0,62,[0. 0. 0. 0. 0.],2,0.0,101265.93281708426,245.05076640052326,413.24470967607647,413.24470967607647,4.831445428973614,idle,147.773775,1207.8613572434033,0.3477063031495474,4,5.25,0.2602997207501538,"[0.26029972 0.17441543 0.0894908  0.08602489 0.08255899 0.07909308
 0.0755674  0.06701759]",False
309,1130.847533333333,0.0,522.1384745511536,522.1384745511536,1652.9860078844868,0,18,0.62,34.707711034202674,0.3477063031495474,591.0951,4831.445428973613,379.3103448275862,379.3103448275862,1237.7046,0.6150084896466198,0.62,1,0,0,0,1000,0,0.0,0,5.25,0,0,0.0,0.0,0,62,[0. 0. 0. 0. 0.],2,0.0,96447.94337375421,233.39082826766224,413.2465019711217,413.2465019711217,4.831445428973614,idle,147.773775,1207.8613572434033,0.3202883305748153,4,5.5,0.17441542858059123,"[0.17441543 0.0894908  0.08602489 0.08255899 0.07909308 0.0755674
 0.06701759 0.05846778]",False
310,1130.847533333333,0.0,522.1510305838921,522.1510305838921,1652.9985639172253,0,18,0.62,34.707711034202674,0.3202883305748153,591.0951,4831.445428973613,379.3103448275862,379.3103448275862,1237.7046,0.614328708489176,0.62,1,0,0,0,1000,0,0.0,0,5.5,0,0,0.0,0.0,0,62,[0. 0. 0. 0. 0.],2,0.0,91630.21074222864,221.73089013480126,413.2496409793063,413.2496409793063,4.831445428973614,idle,147.773775,1207.8613572434033,0.30391664779608546,4,5.75,0.08949080253283577,"[0.0894908  0.08602489 0.08255899 0.07909308 0.0755674  0.06701759
 0.05846778 0.04991796]",False
311,1124.932933333333,0.0,515.0422144184478,515.0422144184478,1639.975147751781,0,18,0.61,34.626981050051775,0.30391664779608546,591.0951,4831.445428973613,379.3103448275862,379.3103448275862,1230.513,0.611770840584531,0.61,1,0,0,0,1000,0,0.0,0,5.75,0,0,0.0,0.0,0,61,[0. 0. 0. 0. 0.],2,0.0,86127.7851369351,210.07095200194095,409.99378693794523,409.99378693794523,4.831445428973614,idle,147.773775,1207.8613572434033,0.2766224104145891,4,6.0,0.08602489494209423,"[0.08602489 0.08255899 0.07909308 0.0755674  0.06701759 0.05846778
 0.04991796 0.04134471]",False
312,1124.932933333333,0.0,515.0540949765431,515.0540949765431,1639.987028309876,0,18,0.61,34.626981050051775,0.2766224104145891,591.0951,4831.445428973613,379.3103448275862,379.3103448275862,1230.513,0.607334885932685,0.61,1,0,0,0,1000,0,0.0,0,6.0,0,0,0.0,0.0,0,61,[0. 0. 0. 0. 0.],2,0.0,81401.28969720234,198.541301344541,409.996757077469,409.996757077469,4.831445428973614,idle,147.773775,1207.8613572434033,0.2954280776356496,4,6.25,0.08255898735135248,"[0.08255899 0.07909308 0.0755674  0.06701759 0.05846778 0.04991796
 0.04134471 0.03082007]",False
313,1124.932933333333,0.0,515.045935958088,515.045935958088,1639.978869291421,0,18,0.61,34.626981050051775,0.2954280776356496,591.0951,4831.445428973613,379.3103448275862,379.3103448275862,1230.513,0.6010186887370617,0.61,1,0,0,0,1000,0,0.0,0,6.25,0,0,0.0,0.0,0,61,[0. 0. 0. 0. 0.],2,0.0,81207.96450296092,198.07075816299542,409.99471732285525,409.99471732285525,4.831445428973614,idle,147.773775,1207.8613572434033,0.3397519015549222,4,6.5,0.07909307976061072,"[0.07909308 0.0755674  0.06701759 0.05846778 0.04991796 0.04134471
 0.03082007 0.02029542]",False
314,1113.1037333333334,0.0,500.9721290176659,500.9721290176659,1614.0758623509994,0,18,0.59,34.46459413821611,0.3397519015549222,591.0951,4831.445428973613,379.3103448275862,379.3103448275862,1216.0473,0.5927406990836805,0.59,1,0,0,0,1000,0,0.0,0,6.5,0,0,0.0,0.0,0,59,[0. 0. 0. 0. 0.],2,0.0,79735.43434923161,197.6002149814498,403.51896558774985,403.51896558774985,4.831445428973614,idle,147.773775,1207.8613572434033,0.3755162560426613,4,6.75,0.0755673956886338,"[0.0755674  0.06701759 0.05846778 0.04991796 0.04134471 0.03082007
 0.02029542 0.00977078]",False
315,1107.1891333333333,0.0,494.01792847130145,494.01792847130145,1601.2070618046348,0,18,0.58,34.38293265443695,0.3755162560426613,591.0951,4831.445428973613,379.3103448275862,379.3103448275862,1208.7727,0.5825009169725419,0.58,1,0,0,0,1000,0,0.0,0,6.75,0,0,0.0,0.0,0,57,[0. 0. 0. 0. 0.],2,0.0,78911.35564430914,197.12967179990417,400.3017654511587,400.3017654511587,4.831445428973614,idle,147.773775,1207.8613572434033,0.3824091590726168,4,7.0,0.06701758542196386,"[0.06701759 0.05846778 0.04991796 0.04134471 0.03082007 0.02029542
 0.00977078 0.        ]",False
316,1101.2745333333332,0.0,487.1351251438911,487.1351251438911,1588.4096584772244,0,18,0.5700000000000001,34.30095607509909,0.3824091590726168,591.0951,4831.445428973613,379.3103448275862,379.3103448275862,1201.4701,0.5702993424036455,0.5700000000000001,1,0,0,0,1000,0,0.0,0,7.0,0,0,0.0,0.0,0,57,[0. 0. 0. 0. 0.],2,0.0,78090.59216466588,196.65101316376965,397.1024146193061,397.1024146193061,4.831445428973614,idle,147.773775,1207.8613572434033,0.4028954269894938,4,7.25,0.0584677751552937,"[0.05846778 0.04991796 0.04134471 0.03082007 0.02029542 0.00977078
 0.         0.05236915]",False
317,1095.3599333333332,0.0,480.3049139520764,480.3049139520764,1575.6648472854095,0,18,0.56,34.21866206230589,0.4028954269894938,591.0951,4831.445428973613,379.3103448275862,379.3103448275862,1194.1392,0.5562198931745256,0.56,1,0,0,0,1000,0,0.0,0,7.25,0,0,0.0,0.0,0,56,[0. 0. 0. 0. 0.],2,0.0,77006.78360786692,195.49026238806033,393.91621182135236,393.91621182135236,4.831445428973614,idle,147.773775,1207.8613572434033,0.4400713451587319,4,7.5,0.049917964888624176,"[0.04991796 0.04134471 0.03082007 0.02029542 0.00977078 0.
 0.05236915 0.10473829]",False
318,1083.5307333333335,0.0,466.8207579397254,466.8207579397254,1550.3514912730589,0,18,0.54,34.05311226190976,0.4400713451587319,591.0951,4831.445428973613,379.3103448275862,379.3103448275862,1179.3916,0.5471743321940512,0.54,1,0,0,0,1000,0,0.0,0,7.5,0,0,0.0,0.0,0,54,[0. 0. 0. 0. 0.],2,0.0,75319.76203164339,194.32951161235098,387.5878728182647,387.5878728182647,4.831445428973614,idle,147.773775,1207.8613572434033,0.45298034234119855,4,7.75,0.04134470911610145,"[0.04134471 0.03082007 0.02029542 0.00977078 0.         0.05236915
 0.10473829 0.15710744]",False
319,1083.5307333333335,0.0,466.81521981567863,466.81521981567863,1550.345953149012,0,18,0.54,34.05311226190976,0.45298034234119855,591.0951,4831.445428973613,379.3103448275862,379.3103448275862,1179.3916,0.5431626594622221,0.54,1,0,0,0,1000,0,0.0,0,7.75,0,0,0.0,0.0,0,54,[0. 0. 0. 0. 0.],2,0.0,74869.60165947421,193.16876083664172,387.586488287253,387.586488287253,4.831445428973614,idle,147.773775,1207.8613572434033,0.4873666331657822,4,8.0,0.030820065856469122,"[0.03082007 0.02029542 0.00977078 0.         0.05236915 0.10473829
 0.15710744 0.20875136]",False
320,1083.5307333333335,0.0,466.80022882213706,466.80022882213706,1550.3309621554704,0,18,0.54,34.05311226190976,0.4873666331657822,591.0951,4831.445428973613,379.3103448275862,379.3103448275862,1179.3916,0.5441848749790383,0.54,1,0,0,0,1000,0,0.0,0,8.0,0,0,0.0,0.0,0,54,[0. 0. 0. 0. 0.],2,0.0,74417.75705341731,192.00482702081143,387.5827405388676,387.5827405388676,4.831445428973614,idle,147.773775,1207.8613572434033,0.6941126432674365,4,8.25,0.02029542259683596,"[0.02029542 0.00977078 0.         0.05236915 0.10473829 0.15710744
 0.20875136 0.20118683]",False
321,1095.3599333333332,0.0,480.16620948975304,480.16620948975304,1575.526142823086,0,18,0.56,34.21866206230589,0.6941126432674365,591.0951,4831.445428973613,379.3103448275862,379.3103448275862,1194.1392,0.5501702433992022,0.56,1,0,0,0,1000,0,0.0,0,8.25,0,0,0.0,0.0,0,56,[0. 0. 0. 0. 0.],2,0.0,75064.35428557807,190.57596632722317,393.8815357057715,393.8815357057715,4.831445428973614,idle,147.773775,1207.8613572434033,0.8870537891908569,4,8.5,0.009770779337203004,"[0.00977078 0.         0.05236915 0.10473829 0.15710744 0.20875136
 0.20118683 0.19362229]",False
322,1095.3599333333332,0.0,480.06009401542116,480.06009401542116,1575.4200273487543,0,18,0.56,34.21866206230589,0.8870537891908569,591.0951,4831.445428973613,379.3103448275862,379.3103448275862,1194.1392,0.5551992500228916,0.56,1,0,0,0,1000,0,0.0,0,8.5,0,0,0.0,0.0,0,56,[0. 0. 0. 0. 0.],2,0.0,74496.53458256966,189.1471056336348,393.85500683718857,393.85500683718857,4.831445428973614,idle,147.773775,1207.8613572434033,1.086970404826032,4,8.75,0.0,"[0.         0.05236915 0.10473829 0.15710744 0.20875136 0.20118683
 0.19362229 0.18605776]",False
323,1095.3599333333332,0.0,479.9382058238566,479.9382058238566,1575.2981391571898,0,18,0.56,34.21866206230589,1.086970404826032,591.0951,4831.445428973613,379.3103448275862,379.3103448275862,1194.1392,0.5592718948501068,0.56,1,0,0,0,1000,0,0.0,0,8.75,0,0,0.0,0.0,0,56,[0. 0. 0. 0. 0.],2,0.0,73928.05048497718,187.71824494004645,393.82453478929745,393.82453478929745,4.831445428973614,idle,147.773775,1207.8613572434033,1.269556158269693,4,9.0,0.05236914684006186,"[0.05236915 0.10473829 0.15710744 0.20875136 0.20118683 0.19362229
 0.18605776 0.17892263]",False
324,1095.3599333333332,0.0,479.8162855759726,479.8162855759726,1575.1762189093058,0,18,0.56,34.21866206230589,1.269556158269693,591.0951,4831.445428973613,379.3103448275862,379.3103448275862,1194.1392,0.5623881778808477,0.56,1,0,0,0,1000,0,0.0,0,9.0,0,0,0.0,0.0,0,56,[0. 0. 0. 0. 0.],2,0.0,73399.95564749344,186.3917313284923,393.79405472732645,393.79405472732645,4.831445428973614,idle,147.773775,1207.8613572434033,1.88746269695715,4,9.25,0.10473829368012078,"[0.10473829 0.15710744 0.20875136 0.20118683 0.19362229 0.18605776
 0.17892263 0.20651318]",False
325,1101.2745333333332,0.0,486.1320260851576,486.1320260851576,1587.4065594184908,0,18,0.5700000000000001,34.30095607509909,1.88746269695715,591.0951,4831.445428973613,379.3103448275862,379.3103448275862,1202.9637,0.5645389850863948,0.5700000000000001,1,0,0,0,1000,0,0.0,0,9.25,0,0,0.0,0.0,0,57,[0. 0. 0. 0. 0.],2,0.0,76791.40405028981,193.50154147887744,396.8516398546227,396.8516398546227,4.831445428973614,idle,147.773775,1207.8613572434033,2.4843565798223426,4,9.5,0.15710744052018263,"[0.15710744 0.20875136 0.20118683 0.19362229 0.18605776 0.17892263
 0.20651318 0.23410372]",False
326,1101.2745333333332,0.0,485.5412291717672,485.5412291717672,1586.8157625051003,0,18,0.5700000000000001,34.30095607509909,2.4843565798223426,591.0951,4831.445428973613,379.3103448275862,379.3103448275862,1204.8208,0.5651109294066154,0.5700000000000001,1,0,0,0,1000,0,0.0,0,9.5,0,0,0.0,0.0,0,57,[0. 0. 0. 0. 0.],2,0.0,79583.31372569161,200.61135162926217,396.7039406262751,396.7039406262751,4.831445428973614,idle,147.773775,1207.8613572434033,3.092495873280208,4,9.75,0.2087513624426068,"[0.20875136 0.20118683 0.19362229 0.18605776 0.17892263 0.20651318
 0.23410372 0.26169427]",False
327,1101.2745333333332,0.0,484.827745558186,484.827745558186,1586.1022788915193,0,18,0.5700000000000001,34.30095607509909,3.092495873280208,591.0951,4831.445428973613,379.3103448275862,379.3103448275862,1206.8029,0.5641040108415101,0.5700000000000001,1,0,0,0,1000,0,0.0,0,9.75,0,0,0.0,0.0,0,57,[0. 0. 0. 0. 0.],2,0.0,82366.75201817314,207.7211617796473,396.5255697228798,396.5255697228798,4.831445428973614,idle,147.773775,1207.8613572434033,3.6954392387645902,4,10.0,0.2011868274102358,"[0.20118683 0.19362229 0.18605776 0.17892263 0.20651318 0.23410372
 0.26169427 0.28913399]",False
328,1095.3599333333332,0.0,477.2455222193172,477.2455222193172,1572.6054555526505,0,18,0.56,34.21866206230589,3.6954392387645902,591.0951,4831.445428973613,379.3103448275862,379.3103448275862,1201.4296,0.5615182293910783,0.56,1,0,0,0,1000,0,0.0,0,10.0,0,0,0.0,0.0,0,56,[0. 0. 0. 0. 0.],2,0.0,84422.38034720188,214.73251297486786,393.1513638881626,393.1513638881626,4.831445428973614,idle,147.773775,1207.8613572434033,3.959167148855767,4,10.25,0.19362229237786419,"[0.19362229 0.18605776 0.17892263 0.20651318 0.23410372 0.26169427
 0.28913399 0.30449005]",False
329,1095.3599333333332,0.0,476.8608160780117,476.8608160780117,1572.2207494113447,0,18,0.56,34.21866206230589,3.959167148855767,591.0951,4831.445428973613,379.3103448275862,379.3103448275862,1203.1409,0.557380070556116,0.56,1,0,0,0,1000,0,0.0,0,10.25,0,0,0.0,0.0,0,56,[0. 0. 0. 0. 0.],2,0.0,83998.06573839822,213.70552645319796,393.0551873528362,393.0551873528362,4.831445428973614,idle,147.773775,1207.8613572434033,4.204795947545725,4,10.5,0.18605775734549276,"[0.18605776 0.17892263 0.20651318 0.23410372 0.26169427 0.28913399
 0.30449005 0.31984611]",False
330,1095.3599333333332,0.0,476.48424817199,476.48424817199,1571.8441815053231,0,18,0.56,34.21866206230589,4.204795947545725,591.0951,4831.445428973613,379.3103448275862,379.3103448275862,1204.651,0.5539086710017942,0.56,1,0,0,0,1000,0,0.0,0,10.5,0,0,0.0,0.0,0,56,[0. 0. 0. 0. 0.],2,0.0,83574.38138060494,212.67853993152798,392.9610453763308,392.9610453763308,4.831445428973614,idle,147.773775,1207.8613572434033,4.456862619524106,4,10.75,0.1789226280132336,"[0.17892263 0.20651318 0.23410372 0.26169427 0.28913399 0.30449005
 0.31984611 0.33520217]",False
331,1095.3599333333332,0.0,476.07958790268896,476.07958790268896,1571.439521236022,0,18,0.56,34.21866206230589,4.456862619524106,591.0951,4831.445428973613,379.3103448275862,379.3103448275862,1206.2327,0.551104030728113,0.56,1,0,0,0,1000,0,0.0,0,10.75,0,0,0.0,0.0,0,56,[0. 0. 0. 0. 0.],2,0.0,83149.4039398119,211.65155340985802,392.8598803090055,392.8598803090055,4.831445428973614,idle,147.773775,1207.8613572434033,4.712282422774817,4,11.0,0.20651317646655726,"[0.20651318 0.23410372 0.26169427 0.28913399 0.30449005 0.31984611
 0.33520217 0.35036024]",False
332,1083.5307333333335,0.0,462.35144183842806,462.35144183842806,1545.8821751717614,0,18,0.54,34.05311226190976,4.712282422774817,591.0951,4831.445428973613,379.3103448275862,379.3103448275862,1193.11,0.5489661497350726,0.54,1,0,0,0,1000,0,0.0,0,11.0,0,0,0.0,0.0,0,54,[0. 0. 0. 0. 0.],2,0.0,81422.72118764193,210.6828644391223,386.47054379294036,386.47054379294036,4.831445428973614,idle,147.773775,1207.8613572434033,4.946105484885733,4,11.25,0.23410372491987944,"[0.23410372 0.26169427 0.28913399 0.30449005 0.31984611 0.33520217
 0.35036024 0.34980461]",False
333,1083.5307333333335,0.0,461.9573052740725,461.9573052740725,1545.488038607406,0,18,0.54,34.05311226190976,4.946105484885733,591.0951,4831.445428973613,379.3103448275862,379.3103448275862,1195.1051,0.5475270919271831,0.54,1,0,0,0,1000,0,0.0,0,11.25,0,0,0.0,0.0,0,54,[0. 0. 0. 0. 0.],2,0.0,82849.22818676154,214.42864937709786,386.3720096518515,386.3720096518515,4.831445428973614,idle,147.773775,1207.8613572434033,5.182776138169044,4,11.5,0.26169427337320306,"[0.26169427 0.28913399 0.30449005 0.31984611 0.33520217 0.35036024
 0.34980461 0.34924897]",False
334,1083.5307333333335,30.53562763540844,461.54301997515444,492.0786476105628,1575.6093809438962,0,18,0.54,34.05311226190976,5.182776138169044,591.0951,4831.445428973613,379.3103448275862,379.3103448275862,1197.1318,0.5490696892573963,0.54,1,0,0,0,1000,0,0.0,0,11.5,0,0,0.0,0.0,0,54,[0. 0. 0. 0. 0.],2,0.0,85939.4213472393,218.1744343150732,393.90234523597405,393.90234523597405,4.831445428973614,idle,147.773775,1207.8613572434033,5.4029588317147095,4,11.75,0.28913398569019333,"[0.28913399 0.30449005 0.31984611 0.33520217 0.35036024 0.34980461
 0.34924897 0.34869333]",False
335,1095.3599333333332,33.11881191635962,474.3977580685832,507.51656998494286,1602.876503318276,0,18,0.56,34.21866206230589,5.4029588317147095,591.0951,4831.445428973613,379.3103448275862,379.3103448275862,1213.7228,0.5535939417257119,0.56,1,0,0,0,1000,0,0.0,0,11.75,0,0,0.0,0.0,0,56,[0. 0. 0. 0. 0.],2,0.0,88927.67626298798,221.92021925304874,400.719125829569,400.719125829569,4.831445428973614,idle,147.773775,1207.8613572434033,5.623650861985401,4,12.0,0.3044900475298665,"[0.30449005 0.31984611 0.33520217 0.35036024 0.34980461 0.34924897
 0.34869333 0.34809167]",False
336,1095.3599333333332,33.4715873712998,473.96881411918463,507.4404014904844,1602.8003348238176,0,18,0.56,34.21866206230589,5.623650861985401,591.0951,4831.445428973613,379.3103448275862,379.3103448275862,1215.5696,0.5610998493321299,0.56,1,0,0,0,1000,0,0.0,0,12.0,0,0,0.0,0.0,0,56,[0. 0. 0. 0. 0.],2,0.0,90416.18122569945,225.6455261737592,400.7000837059544,400.7000837059544,4.831445428973614,idle,147.773775,1207.8613572434033,6.11240773248257,4,12.25,0.3198461093695404,"[0.31984611 0.33520217 0.35036024 0.34980461 0.34924897 0.34869333
 0.34809167 0.34387096]",False
337,1101.2745333333332,35.48862431561643,479.6559792303935,515.1446035460099,1616.4191368793431,0,18,0.5700000000000001,34.30095607509909,6.11240773248257,591.0951,4831.445428973613,379.3103448275862,379.3103448275862,1227.4823,0.5714857864992592,0.5700000000000001,1,0,0,0,1000,0,0.0,0,12.25,0,0,0.0,0.0,0,57,[0. 0. 0. 0. 0.],2,0.0,92026.91036025467,227.7303163780199,404.1047842198358,404.1047842198358,4.831445428973614,idle,147.773775,1207.8613572434033,6.566837551866214,4,12.5,0.33520217120921336,"[0.33520217 0.35036024 0.34980461 0.34924897 0.34869333 0.34809167
 0.34387096 0.33965025]",False
338,1107.1891333333333,37.560876390107794,485.37391352670176,522.9347899168096,1630.123923250143,0,18,0.58,34.38293265443695,6.566837551866214,591.0951,4831.445428973613,379.3103448275862,379.3103448275862,1238.9853,0.5768387975523475,0.58,1,0,0,0,1000,0,0.0,0,12.5,0,0,0.0,0.0,0,57,[0. 0. 0. 0. 0.],2,0.0,93656.77579101428,229.81510658228066,407.53098081253574,407.53098081253574,4.831445428973614,idle,147.773775,1207.8613572434033,7.0577155788719175,4,12.75,0.3503602449941479,"[0.35036024 0.34980461 0.34924897 0.34869333 0.34809167 0.34387096
 0.33965025 0.33542954]",False
339,1107.1891333333333,38.47584310246032,484.2012180257936,522.677061128254,1629.8661944615872,0,18,0.58,34.38293265443695,7.0577155788719175,591.0951,4831.445428973613,379.3103448275862,379.3103448275862,1243.5907,0.5771588824913942,0.58,1,0,0,0,1000,0,0.0,0,12.75,0,0,0.0,0.0,0,57,[0. 0. 0. 0. 0.],2,0.0,94491.45056787874,231.89989678654132,407.4665486153968,407.4665486153968,4.831445428973614,idle,147.773775,1207.8613572434033,7.523609613786162,4,13.0,0.3498046062878381,"[0.34980461 0.34924897 0.34869333 0.34809167 0.34387096 0.33965025
 0.33542954 0.33158105]",False
340,1101.2745333333332,38.031402349390426,476.34374140338116,514.3751437527716,1615.6496770861047,0,18,0.5700000000000001,34.30095607509909,7.523609613786162,591.0951,4831.445428973613,379.3103448275862,379.3103448275862,1240.6221,0.5724460413164,0.5700000000000001,1,0,0,0,1000,0,0.0,0,13.0,0,0,0.0,0.0,0,57,[0. 0. 0. 0. 0.],2,0.0,94498.46402336868,233.9578074717307,403.9124192715262,403.9124192715262,4.831445428973614,idle,147.773775,1207.8613572434033,7.373559227505489,4,13.25,0.3492489675815283,"[0.34924897 0.34869333 0.34809167 0.34387096 0.33965025 0.33542954
 0.33158105 0.35673524]",False
341,1101.2745333333332,37.749717610985606,476.7219944243744,514.47171203536,1615.746245368693,0,18,0.5700000000000001,34.30095607509909,7.373559227505489,591.0951,4831.445428973613,379.3103448275862,379.3103448275862,1238.7611,0.5627707014017227,0.5700000000000001,1,0,0,0,1000,0,0.0,0,13.25,0,0,0.0,0.0,0,57,[0. 0. 0. 0. 0.],2,0.0,94473.64114728595,233.88237210658843,403.93656134217326,403.93656134217326,4.831445428973614,idle,147.773775,1207.8613572434033,7.216660181195596,4,13.5,0.34869332887521826,"[0.34869333 0.34809167 0.34387096 0.33965025 0.33542954 0.33158105
 0.35673524 0.38188943]",False
342,1095.3599333333332,36.17283001116786,470.47112308970816,506.643953100876,1602.003886434209,0,18,0.56,34.21866206230589,7.216660181195596,591.0951,4831.445428973613,379.3103448275862,379.3103448275862,1229.4931,0.5537621207676859,0.56,1,0,0,0,1000,0,0.0,0,13.5,0,0,0.0,0.0,0,56,[0. 0. 0. 0. 0.],2,0.0,93639.90533376852,233.80693674144618,400.5009716085523,400.5009716085523,4.831445428973614,idle,147.773775,1207.8613572434033,7.066168906527359,4,13.75,0.34809166759821053,"[0.34809167 0.34387096 0.33965025 0.33542954 0.33158105 0.35673524
 0.38188943 0.40704362]",False
343,1083.5307333333335,33.45550700313227,457.7062987405397,491.16180574367195,1574.6925390770054,0,18,0.54,34.05311226190976,7.066168906527359,591.0951,4831.445428973613,379.3103448275862,379.3103448275862,1212.8797,0.5454202994142898,0.54,1,0,0,0,1000,0,0.0,0,13.75,0,0,0.0,0.0,0,54,[0. 0. 0. 0. 0.],2,0.0,92013.81284113314,233.7315013763039,393.67313476925136,393.67313476925136,4.831445428973614,idle,147.773775,1207.8613572434033,6.934654044430687,4,14.0,0.3438709587163466,"[0.34387096 0.33965025 0.33542954 0.33158105 0.35673524 0.38188943
 0.40704362 0.43217062]",False
344,1083.5307333333335,33.239815410114716,458.004818003924,491.24463341403873,1574.7753667473723,0,18,0.54,34.05311226190976,6.934654044430687,591.0951,4831.445428973613,379.3103448275862,379.3103448275862,1211.2185,0.5377452373415341,0.54,1,0,0,0,1000,0,0.0,0,14.0,0,0,0.0,0.0,0,54,[0. 0. 0. 0. 0.],2,0.0,91986.49439225018,233.6498178333692,393.6938416868431,393.6938416868431,4.831445428973614,idle,147.773775,1207.8613572434033,7.367455399016354,4,14.25,0.33965024983448244,"[0.33965025 0.33542954 0.33158105 0.35673524 0.38188943 0.40704362
 0.43217062 0.45519821]",False
345,1077.6161333333332,32.76366467699873,450.53939757291204,483.3030622499108,1560.9191955832441,0,18,0.53,33.96985167468354,7.367455399016354,591.0951,4831.445428973613,379.3103448275862,379.3103448275862,1207.7997,0.5307905531247123,0.53,1,0,0,0,1000,0,0.0,0,14.25,0,0,0.0,0.0,0,53,[0. 0. 0. 0. 0.],2,0.0,90953.51291205036,233.07680030948737,390.22979889581103,390.22979889581103,4.831445428973614,idle,147.773775,1207.8613572434033,7.7974459038824016,4,14.5,0.3354295409526185,"[0.33542954 0.33158105 0.35673524 0.38188943 0.40704362 0.43217062
 0.45519821 0.47822581]",False
346,1077.6161333333332,33.470724055125366,449.51778736904214,482.9885114241675,1560.6046447575009,0,18,0.53,33.96985167468354,7.7974459038824016,591.0951,4831.445428973613,379.3103448275862,379.3103448275862,1211.7667,0.5287100428122555,0.53,1,0,0,0,1000,0,0.0,0,14.5,0,0,0.0,0.0,0,53,[0. 0. 0. 0. 0.],2,0.0,90711.62083472626,232.5037827856055,390.1511611893752,390.1511611893752,4.831445428973614,idle,147.773775,1207.8613572434033,8.223356055014829,4,14.75,0.33158104824987755,"[0.33158105 0.35673524 0.38188943 0.40704362 0.43217062 0.45519821
 0.47822581 0.5012534 ]",False
347,1077.6161333333332,34.19127303811139,448.4603102614812,482.65158329959263,1560.2677166329258,0,18,0.53,33.96985167468354,8.223356055014829,591.0951,4831.445428973613,379.3103448275862,379.3103448275862,1215.6883,0.5315037064041637,0.53,1,0,0,0,1000,0,0.0,0,14.75,0,0,0.0,0.0,0,53,[0. 0. 0. 0. 0.],2,0.0,90468.52138295917,231.93076526172365,390.06692915823146,390.06692915823146,4.831445428973614,idle,147.773775,1207.8613572434033,8.6295399343125,4,15.0,0.35673523782846706,"[0.35673524 0.38188943 0.40704362 0.43217062 0.45519821 0.47822581
 0.5012534  0.52381918]",False
348,1083.5307333333335,36.168610611886535,453.8176808164463,489.9862914283328,1573.517024761666,0,18,0.54,34.05311226190976,8.6295399343125,591.0951,4831.445428973613,379.3103448275862,379.3103448275862,1226.8159,0.5391715439004368,0.54,1,0,0,0,1000,0,0.0,0,15.0,0,0,0.0,0.0,0,54,[0. 0. 0. 0. 0.],2,0.0,91031.21747517902,231.40828104854378,393.3792561904165,393.3792561904165,4.831445428973614,idle,147.773775,1207.8613572434033,8.621010310124063,4,15.25,0.3818894274070551,"[0.38188943 0.40704362 0.43217062 0.45519821 0.47822581 0.5012534
 0.52381918 0.51104602]",False
349,1095.3599333333332,38.80053852644341,466.8209284914667,505.6214670179101,1600.981400351243,0,18,0.56,34.21866206230589,8.621010310124063,591.0951,4831.445428973613,379.3103448275862,379.3103448275862,1241.4686,0.551612626063112,0.56,1,0,0,0,1000,0,0.0,0,15.25,0,0,0.0,0.0,0,56,[0. 0. 0. 0. 0.],2,0.0,93986.93302658784,234.82329777464702,400.2453500878108,400.2453500878108,4.831445428973614,idle,147.773775,1207.8613572434033,8.617542415849341,4,15.5,0.4070436169856446,"[0.40704362 0.43217062 0.45519821 0.47822581 0.5012534  0.52381918
 0.51104602 0.49827286]",False
350,1095.3599333333332,38.79374114992588,466.8305753428566,505.62431649278244,1600.9842498261155,0,18,0.56,34.21866206230589,8.617542415849341,591.0951,4831.445428973613,379.3103448275862,379.3103448275862,1241.4301,0.5607689806873937,0.56,1,0,0,0,1000,0,0.0,0,15.5,0,0,0.0,0.0,0,56,[0. 0. 0. 0. 0.],2,0.0,95353.94730520538,238.23831450075005,400.2460624565289,400.2460624565289,4.831445428973614,idle,147.773775,1207.8613572434033,8.62216703075915,4,15.75,0.43217061723008776,"[0.43217062 0.45519821 0.47822581 0.5012534  0.52381918 0.51104602
 0.49827286 0.4854997 ]",False
351,1101.2745333333332,40.18156928114239,473.39052925363467,513.5720985347771,1614.8466318681103,0,18,0.5700000000000001,34.30095607509909,8.62216703075915,591.0951,4831.445428973613,379.3103448275862,379.3103448275862,1248.8124,0.5666406077732817,0.5700000000000001,1,0,0,0,1000,0,0.0,0,15.75,0,0,0.0,0.0,0,57,[0. 0. 0. 0. 0.],2,0.0,97558.26700284821,241.65333122685328,403.7116579670276,403.7116579670276,4.831445428973614,idle,147.773775,1207.8613572434033,8.621615096034894,4,16.0,0.45519821245949565,"[0.45519821 0.47822581 0.5012534  0.52381918 0.51104602 0.49827286
 0.4854997  0.4725517 ]",False
352,1101.2745333333332,40.18044880284447,473.39209309650846,513.5725418993529,1614.847075232686,0,18,0.5700000000000001,34.30095607509909,8.621615096034894,591.0951,4831.445428973613,379.3103448275862,379.3103448275862,1248.8376,0.5692275073207761,0.5700000000000001,1,0,0,0,1000,0,0.0,0,16.0,0,0,0.0,0.0,0,57,[0. 0. 0. 0. 0.],2,0.0,98935.48600377972,245.06465663821186,403.7117688081715,403.7117688081715,4.831445428973614,idle,147.773775,1207.8613572434033,8.506549397648227,4,16.25,0.4782258076889035,"[0.47822581 0.5012534  0.52381918 0.51104602 0.49827286 0.4854997
 0.4725517  0.44634427]",False
353,1101.2745333333332,39.947761587766784,473.71638063670645,513.6641422244732,1614.9386755578064,0,18,0.5700000000000001,34.30095607509909,8.506549397648227,591.0951,4831.445428973613,379.3103448275862,379.3103448275862,1250.6793,0.5685769706619883,0.5700000000000001,1,0,0,0,1000,0,0.0,0,16.25,0,0,0.0,0.0,0,57,[0. 0. 0. 0. 0.],2,0.0,100203.2949835689,248.19095981823156,403.7346688894516,403.7346688894516,4.831445428973614,idle,147.773775,1207.8613572434033,8.38633162211788,4,16.5,0.5012534029183101,"[0.5012534  0.52381918 0.51104602 0.49827286 0.4854997  0.4725517
 0.44634427 0.42013683]",False
354,1101.2745333333332,39.70657095020363,474.0514828708504,513.7580538210541,1615.0325871543873,0,18,0.5700000000000001,34.30095607509909,8.38633162211788,591.0951,4831.445428973613,379.3103448275862,379.3103448275862,1252.4637,0.568632640802609,0.5700000000000001,1,0,0,0,1000,0,0.0,0,16.5,0,0,0.0,0.0,0,57,[0. 0. 0. 0. 0.],2,0.0,101471.39236415633,251.31726299825127,403.75814678859683,403.75814678859683,4.831445428973614,idle,147.773775,1207.8613572434033,8.261877242831476,4,16.75,0.5238191847177535,"[0.52381918 0.51104602 0.49827286 0.4854997  0.4725517  0.44634427
 0.42013683 0.39392939]",False
355,1101.2745333333332,39.45892162100428,474.3943881339242,513.8533097549285,1615.1278430882617,0,18,0.5700000000000001,34.30095607509909,8.261877242831476,591.0951,4831.445428973613,379.3103448275862,379.3103448275862,1254.2011,0.5693945177426383,0.5700000000000001,1,0,0,0,1000,0,0.0,0,16.75,0,0,0.0,0.0,0,57,[0. 0. 0. 0. 0.],2,0.0,102739.72205729898,254.4435661782708,403.7819607720654,403.7819607720654,4.831445428973614,idle,147.773775,1207.8613572434033,8.16113923406402,4,17.0,0.5110460220137403,"[0.51104602 0.49827286 0.4854997  0.4725517  0.44634427 0.42013683
 0.39392939 0.36759502]",False
356,1101.2745333333332,39.25997105563605,474.66895139906535,513.9289224547014,1615.2034557880345,0,18,0.5700000000000001,34.30095607509909,8.16113923406402,591.0951,4831.445428973613,379.3103448275862,379.3103448275862,1256.1773,0.5708626014820761,0.5700000000000001,1,0,0,0,1000,0,0.0,0,17.0,0,0,0.0,0.0,0,57,[0. 0. 0. 0. 0.],2,0.0,103981.61853656692,257.50717202579483,403.8008639470086,403.8008639470086,4.831445428973614,idle,147.773775,1207.8613572434033,8.165243972173801,4,17.25,0.49827285930972776,"[0.49827286 0.4854997  0.4725517  0.44634427 0.42013683 0.39392939
 0.36759502 0.33171892]",False
357,1101.2745333333332,39.2680514573399,474.6578164011413,513.9258678584812,1615.2004011918143,0,18,0.5700000000000001,34.30095607509909,8.165243972173801,591.0951,4831.445428973613,379.3103448275862,379.3103448275862,1256.925,0.5729979888331017,0.5700000000000001,1,0,0,0,1000,0,0.0,0,17.25,0,0,0.0,0.0,0,57,[0. 0. 0. 0. 0.],2,0.0,103281.18115517618,255.77304482828927,403.8001002979536,403.8001002979536,4.831445428973614,idle,147.773775,1207.8613572434033,8.16087939032476,4,17.5,0.48549969660571457,"[0.4854997  0.4725517  0.44634427 0.42013683 0.39392939 0.36759502
 0.33171892 0.29584282]",False
358,1101.2745333333332,39.259459613625545,474.66965613151524,513.9291157451407,1615.203649078474,0,18,0.5700000000000001,34.30095607509909,8.16087939032476,591.0951,4831.445428973613,379.3103448275862,379.3103448275862,1257.5786,0.572814631788249,0.5700000000000001,1,0,0,0,1000,0,0.0,0,17.5,0,0,0.0,0.0,0,57,[0. 0. 0. 0. 0.],2,0.0,102581.14669129696,254.0389176307838,403.8009122696185,403.8009122696185,4.831445428973614,idle,147.773775,1207.8613572434033,8.179673521127679,4,17.75,0.47255170429594096,"[0.4725517  0.44634427 0.42013683 0.39392939 0.36759502 0.33171892
 0.29584282 0.25996672]",False
359,1101.2745333333332,39.29647441951919,474.61863764153867,513.9151120610579,1615.1896453943912,0,18,0.5700000000000001,34.30095607509909,8.179673521127679,591.0951,4831.445428973613,379.3103448275862,379.3103448275862,1258.4895,0.5703125303475178,0.5700000000000001,1,0,0,0,1000,0,0.0,0,17.75,0,0,0.0,0.0,0,57,[0. 0. 0. 0. 0.],2,0.0,101880.02124780821,252.30479043327824,403.7974113485978,403.7974113485978,4.831445428973614,idle,147.773775,1207.8613572434033,8.191803140405618,4,18.0,0.4463442666229168,"[0.44634427 0.42013683 0.39392939 0.36759502 0.33171892 0.29584282
 0.25996672 0.22506209]",False
360,1101.2745333333332,39.32038826281695,474.58566089734,513.906049160157,1615.18058249349,0,18,0.5700000000000001,34.30095607509909,8.191803140405618,591.0951,4831.445428973613,379.3103448275862,379.3103448275862,1259.3192,0.5654916845109084,0.5700000000000001,1,0,0,0,1000,0,0.0,0,18.0,0,0,0.0,0.0,0,57,[0. 0. 0. 0. 0.],2,0.0,101169.63319044196,250.54692778502303,403.7951456233725,403.7951456233725,4.831445428973614,idle,147.773775,1207.8613572434033,8.210153891446033,4,18.25,0.4201368289498927,"[0.42013683 0.39392939 0.36759502 0.33171892 0.29584282 0.25996672
 0.22506209 0.26254854]",False
361,1095.3599333333332,38.00614828576183,467.94227384811194,505.94842213387375,1601.308355467207,0,18,0.56,34.21866206230589,8.210153891446033,591.0951,4831.445428973613,379.3103448275862,379.3103448275862,1252.1921,0.5584065612016227,0.56,1,0,0,0,1000,0,0.0,0,18.25,0,0,0.0,0.0,0,56,[0. 0. 0. 0. 0.],2,0.0,98876.35475850679,246.98891858253756,400.3270888668018,400.3270888668018,4.831445428973614,idle,147.773775,1207.8613572434033,8.209032974085043,4,18.5,0.39392939127687,"[0.39392939 0.36759502 0.33171892 0.29584282 0.25996672 0.22506209
 0.26254854 0.30003499]",False
362,1095.3599333333332,38.00401079134274,467.94527338156524,505.949284172908,1601.309217506241,0,18,0.56,34.21866206230589,8.209032974085043,591.0951,4831.445428973613,379.3103448275862,379.3103448275862,1252.1797,0.5529840064882201,0.56,1,0,0,0,1000,0,0.0,0,18.5,0,0,0.0,0.0,0,56,[0. 0. 0. 0. 0.],2,0.0,97452.03975405097,243.4309093800521,400.3273043765603,400.3273043765603,4.831445428973614,idle,147.773775,1207.8613572434033,8.218898139092364,4,18.75,0.3675950248174789,"[0.36759502 0.33171892 0.29584282 0.25996672 0.22506209 0.26254854
 0.30003499 0.33752144]",False
363,1083.5307333333335,35.428382300054615,454.89896630800604,490.3273486080606,1573.8580819413942,0,18,0.54,34.05311226190976,8.218898139092364,591.0951,4831.445428973613,379.3103448275862,379.3103448275862,1237.5418,0.5492240203707003,0.54,1,0,0,0,1000,0,0.0,0,18.75,0,0,0.0,0.0,0,54,[0. 0. 0. 0. 0.],2,0.0,94381.4756457962,239.87290017756683,393.46452048534854,393.46452048534854,4.831445428973614,idle,147.773775,1207.8613572434033,8.202659484514019,4,19.0,0.3317189248090652,"[0.33171892 0.29584282 0.25996672 0.22506209 0.26254854 0.30003499
 0.33752144 0.37425935]",False
364,1083.5307333333335,35.39952718510537,454.9408596731913,490.3403868582967,1573.8711201916299,0,18,0.54,34.05311226190976,8.202659484514019,591.0951,4831.445428973613,379.3103448275862,379.3103448275862,1237.3798,0.5471266028490633,0.54,1,0,0,0,1000,0,0.0,0,19.0,0,0,0.0,0.0,0,54,[0. 0. 0. 0. 0.],2,0.0,92975.51519898498,236.2976586994355,393.46778004790747,393.46778004790747,4.831445428973614,idle,147.773775,1207.8613572434033,8.060577236049895,4,19.25,0.29584282480065377,"[0.29584282 0.25996672 0.22506209 0.26254854 0.30003499 0.33752144
 0.37425935 0.3557015 ]",False
365,1083.5307333333335,35.14838705816621,455.3045834624164,490.45297052058265,1573.983703853916,0,18,0.54,34.05311226190976,8.060577236049895,591.0951,4831.445428973613,379.3103448275862,379.3103448275862,1237.5817,0.5466141118574126,0.54,1,0,0,0,1000,0,0.0,0,19.25,0,0,0.0,0.0,0,54,[0. 0. 0. 0. 0.],2,0.0,91065.58151250004,231.4269996303646,393.495925963479,393.495925963479,4.831445428973614,idle,147.773775,1207.8613572434033,7.908979225382724,4,19.5,0.25996672479224003,"[0.25996672 0.22506209 0.26254854 0.30003499 0.33752144 0.37425935
 0.3557015  0.33714364]",False
366,1083.5307333333335,34.8830398795354,455.68705051059885,490.5700903901342,1574.1008237234676,0,18,0.54,34.05311226190976,7.908979225382724,591.0951,4831.445428973613,379.3103448275862,379.3103448275862,1237.6779,0.5419067139918906,0.54,1,0,0,0,1000,0,0.0,0,19.5,0,0,0.0,0.0,0,54,[0. 0. 0. 0. 0.],2,0.0,89155.63057432685,226.55634056129404,393.5252059308669,393.5252059308669,4.831445428973614,idle,147.773775,1207.8613572434033,7.745282692709045,4,19.75,0.2250620923318309,"[0.22506209 0.26254854 0.30003499 0.33752144 0.37425935 0.3557015
 0.33714364 0.31858578]",False
367,1077.6161333333332,33.38387130001472,449.6441977300939,483.0280690301086,1560.644202363442,0,18,0.53,33.96985167468354,7.745282692709045,591.0951,4831.445428973613,379.3103448275862,379.3103448275862,1230.2226,0.5330044092524976,0.53,1,0,0,0,1000,0,0.0,0,19.75,0,0,0.0,0.0,0,53,[0. 0. 0. 0. 0.],2,0.0,86493.11839195667,221.68568149222315,390.1610505908605,390.1610505908605,4.831445428973614,idle,147.773775,1207.8613572434033,7.60439955198212,4,20.0,0.2625485416379685,"[0.26254854 0.30003499 0.33752144 0.37425935 0.3557015  0.33714364
 0.31858578 0.30080455]",False
368,1071.7015333333331,31.976699161308165,443.5816666777078,475.558365839016,1547.2598991723492,0,18,0.52,33.88626405409558,7.60439955198212,591.0951,4831.445428973613,379.3103448275862,379.3103448275862,1222.9713,0.5199071976392333,0.52,1,0,0,0,1000,0,0.0,0,20.0,0,0,0.0,0.0,0,52,[0. 0. 0. 0. 0.],2,0.0,83918.31433525223,216.94691209961897,386.8149747930873,386.8149747930873,4.831445428973614,idle,147.773775,1207.8613572434033,7.311101139948923,4,20.25,0.30003499094410613,"[0.30003499 0.33752144 0.37425935 0.3557015  0.33714364 0.31858578
 0.30080455 0.33990098]",False
369,1065.786933333333,30.390111268427738,437.8983170803562,468.28842834878395,1534.075361682117,0,18,0.51,33.80234693643912,7.311101139948923,591.0951,4831.445428973613,379.3103448275862,379.3103448275862,1212.0807,0.5027627635188459,0.51,1,0,0,0,1000,0,0.0,0,20.25,0,0,0.0,0.0,0,51,[0. 0. 0. 0. 0.],2,0.0,85155.06502100808,222.03619756368516,383.5188404205293,383.5188404205293,4.831445428973614,idle,147.773775,1207.8613572434033,7.016766251693238,4,20.5,0.33752144025024144,"[0.33752144 0.37425935 0.3557015  0.33714364 0.31858578 0.30080455
 0.33990098 0.37899742]",False
370,1053.9577333333334,27.826192633925942,425.9654292965928,453.7916219305187,1507.749355263852,0,18,0.49,33.63351422389688,7.016766251693238,591.0951,4831.445428973613,379.3103448275862,379.3103448275862,1193.614,0.4925966916819879,0.49,1,0,0,0,1000,0,0.0,0,20.5,0,0,0.0,0.0,0,49,[0. 0. 0. 0. 0.],2,0.0,85612.07514977077,227.12548302775136,376.937338815963,376.937338815963,4.831445428973614,idle,147.773775,1207.8613572434033,6.745421065028981,4,20.75,0.37425935259839643,"[0.37425935 0.3557015  0.33714364 0.31858578 0.30080455 0.33990098
 0.37899742 0.41809385]",False
371,1053.9577333333334,27.45803539037854,426.518257031492,453.9762924218706,1507.9340257552037,0,18,0.49,33.63351422389688,6.745421065028981,591.0951,4831.445428973613,379.3103448275862,379.3103448275862,1190.4428,0.48940898212865935,0.49,1,0,0,0,1000,0,0.0,0,20.75,0,0,0.0,0.0,0,49,[0. 0. 0. 0. 0.],2,0.0,87541.13767291965,232.21476849181724,376.98350643880093,376.98350643880093,4.831445428973614,idle,147.773775,1207.8613572434033,6.478044356217179,4,21.0,0.3557014963327294,"[0.3557015  0.33714364 0.31858578 0.30080455 0.33990098 0.37899742
 0.41809385 0.45662175]",False
372,1053.9577333333334,27.10158809073802,427.04572940364767,454.1473174943856,1508.105050827719,0,18,0.49,33.63351422389688,6.478044356217179,591.0951,4831.445428973613,379.3103448275862,379.3103448275862,1187.3184,0.49319963485885976,0.49,1,0,0,0,1000,0,0.0,0,21.0,0,0,0.0,0.0,0,49,[0. 0. 0. 0. 0.],2,0.0,89431.54571818511,237.20243008032065,377.02626270692974,377.02626270692974,4.831445428973614,idle,147.773775,1207.8613572434033,6.387848209339614,4,21.25,0.3371436400670613,"[0.33714364 0.31858578 0.30080455 0.33990098 0.37899742 0.41809385
 0.45662175 0.45386633]",False
373,1065.786933333333,29.04430129016564,439.844848259212,468.88914954937763,1534.6760828827107,0,18,0.51,33.80234693643912,6.387848209339614,591.0951,4831.445428973613,379.3103448275862,379.3103448275862,1201.4642,0.5038884143267377,0.51,1,0,0,0,1000,0,0.0,0,21.25,0,0,0.0,0.0,0,51,[0. 0. 0. 0. 0.],2,0.0,90040.57897956972,234.68295357920468,383.6690207206777,383.6690207206777,4.831445428973614,idle,147.773775,1207.8613572434033,6.295342558249275,4,21.5,0.31858578380139324,"[0.31858578 0.30080455 0.33990098 0.37899742 0.41809385 0.45662175
 0.45386633 0.4511109 ]",False
374,1071.7015333333331,29.98442356738341,446.4269167504004,476.4113403177838,1548.1128736511168,0,18,0.52,33.88626405409558,6.295342558249275,591.0951,4831.445428973613,379.3103448275862,379.3103448275862,1208.0198,0.5156913456661625,0.52,1,0,0,0,1000,0,0.0,0,21.5,0,0,0.0,0.0,0,52,[0. 0. 0. 0. 0.],2,0.0,89853.81691404872,232.16347707808856,387.0282184127792,387.0282184127792,4.831445428973614,idle,147.773775,1207.8613572434033,6.210260676142929,4,21.75,0.30080454925709693,"[0.30080455 0.33990098 0.37899742 0.41809385 0.45662175 0.45386633
 0.4511109  0.44835548]",False
375,1077.6161333333332,30.95713549802122,453.05426029191125,484.01139578993246,1561.6275291232657,0,18,0.53,33.96985167468354,6.210260676142929,591.0951,4831.445428973613,379.3103448275862,379.3103448275862,1214.6286,0.5286084288771333,0.53,1,0,0,0,1000,0,0.0,0,21.75,0,0,0.0,0.0,0,53,[0. 0. 0. 0. 0.],2,0.0,89654.59829974982,229.64400057697245,390.40688228081643,390.40688228081643,4.831445428973614,idle,147.773775,1207.8613572434033,6.11760173505804,4,22.0,0.3399009834930841,"[0.33990098 0.37899742 0.41809385 0.45662175 0.45386633 0.4511109
 0.44835548 0.44539961]",False
376,1083.5307333333335,31.94049625179443,459.7573448389518,491.69784109074624,1575.2285744240796,0,18,0.54,34.05311226190976,6.11760173505804,591.0951,4831.445428973613,379.3103448275862,379.3103448275862,1221.1304,0.5426396639596509,0.54,1,0,0,0,1000,0,0.0,0,22.0,0,0,0.0,0.0,0,54,[0. 0. 0. 0. 0.],2,0.0,89484.78181720429,227.22996083262615,393.8071436060199,393.8071436060199,4.831445428973614,idle,147.773775,1207.8613572434033,6.041262768155235,4,22.25,0.37899741772907153,"[0.37899742 0.41809385 0.45662175 0.45386633 0.4511109  0.44835548
 0.44539961 0.42801184]",False
377,1095.3599333333332,34.15297117221133,473.1196979486528,507.2726691208641,1602.6326024541972,0,18,0.56,34.21866206230589,6.041262768155235,591.0951,4831.445428973613,379.3103448275862,379.3103448275862,1235.7326,0.5577543342173155,0.56,1,0,0,0,1000,0,0.0,0,22.25,0,0,0.0,0.0,0,56,[0. 0. 0. 0. 0.],2,0.0,93168.17420058383,232.537823223889,400.6581506135493,400.6581506135493,4.831445428973614,idle,147.773775,1207.8613572434033,5.965516820436119,4,22.5,0.4180938519650566,"[0.41809385 0.45662175 0.45386633 0.4511109  0.44835548 0.44539961
 0.42801184 0.41062406]",False
378,1101.2745333333332,35.23712117630003,479.9687749653381,515.2058961416382,1616.4804294749715,0,18,0.5700000000000001,34.30095607509909,5.965516820436119,591.0951,4831.445428973613,379.3103448275862,379.3103448275862,1242.9247,0.5714806442412654,0.5700000000000001,1,0,0,0,1000,0,0.0,0,22.5,0,0,0.0,0.0,0,57,[0. 0. 0. 0. 0.],2,0.0,96118.22400798745,237.8456856151519,404.1201073687429,404.1201073687429,4.831445428973614,idle,147.773775,1207.8613572434033,5.8876629616687035,4,22.75,0.4566217506794023,"[0.45662175 0.45386633 0.4511109  0.44835548 0.44539961 0.42801184
 0.41062406 0.39323629]",False
379,1107.1891333333333,36.342158931110646,486.88332597827997,523.2254849093906,1630.4146182427241,0,18,0.58,34.38293265443695,5.8876629616687035,591.0951,4831.445428973613,379.3103448275862,379.3103448275862,1250.0652,0.5838185940315004,0.58,1,0,0,0,1000,0,0.0,0,22.75,0,0,0.0,0.0,0,57,[0. 0. 0. 0. 0.],2,0.0,99110.27478681054,243.15354800641447,407.60365456068104,407.60365456068104,4.831445428973614,idle,147.773775,1207.8613572434033,5.817273247559259,4,23.0,0.4538663263476576,"[0.45386633 0.4511109  0.44835548 0.44539961 0.42801184 0.41062406
 0.39323629 0.37595585]",False
380,1113.1037333333334,37.48538129428228,493.84319795919487,531.3285792534772,1644.4323125868107,0,18,0.59,34.46459413821611,5.817273247559259,591.0951,4831.445428973613,379.3103448275862,379.3103448275862,1257.2725,0.5947681835880209,0.59,1,0,0,0,1000,0,0.0,0,23.0,0,0,0.0,0.0,0,59,[0. 0. 0. 0. 0.],2,0.0,102112.76101904678,248.38422411784416,411.10807814670267,411.10807814670267,4.831445428973614,idle,147.773775,1207.8613572434033,5.881187201134461,4,23.25,0.4511109020159127,"[0.4511109  0.44835548 0.44539961 0.42801184 0.41062406 0.39323629
 0.37595585 0.3663383 ]",False
381,1124.932933333333,40.244828007914606,507.4950036758787,547.7398316837933,1672.6727650171265,0,18,0.61,34.626981050051775,5.881187201134461,591.0951,4831.445428973613,379.3103448275862,379.3103448275862,1274.2539,0.6043132424595146,0.61,1,0,0,0,1000,0,0.0,0,23.25,0,0,0.0,0.0,0,61,[0. 0. 0. 0. 0.],2,0.0,103709.95103541078,248.01013851468764,418.1681912542816,418.1681912542816,4.831445428973614,idle,147.773775,1207.8613572434033,5.959634207225624,4,23.5,0.4483554776841678,"[0.44835548 0.44539961 0.42801184 0.41062406 0.39323629 0.37595585
 0.3663383  0.35672076]",False
382,1124.932933333333,40.39768396988892,507.3183509181553,547.7160348880442,1672.6489682213773,0,18,0.61,34.626981050051775,5.959634207225624,591.0951,4831.445428973613,379.3103448275862,379.3103448275862,1276.9311,0.6114500784169489,0.61,1,0,0,0,1000,0,0.0,0,23.5,0,0,0.0,0.0,0,61,[0. 0. 0. 0. 0.],2,0.0,103552.04709922173,247.6360529115311,418.16224205534434,418.16224205534434,4.831445428973614,idle,147.773775,1207.8613572434033,6.033763178042038,4,23.75,0.44539961022317165,"[0.44539961 0.42801184 0.41062406 0.39323629 0.37595585 0.3663383
 0.35672076 0.34710321]",False
383,1130.847533333333,41.92750414378987,514.1247758082117,556.0522799520015,1686.8998132853346,0,18,0.62,34.707711034202674,6.033763178042038,591.0951,4831.445428973613,379.3103448275862,379.3103448275862,1286.7518,0.6161786914603236,0.62,1,0,0,0,1000,0,0.0,0,23.75,0,0,0.0,0.0,0,62,[0. 0. 0. 0. 0.],2,0.0,104276.54162126538,247.26196730837455,421.72495332133366,421.72495332133366,4.831445428973614,idle,147.773775,1207.8613572434033,6.110454566237434,5,0.0,0.4280118374561026,"[0.42801184 0.41062406 0.39323629 0.37595585 0.3663383  0.35672076
 0.34710321 0.33739025]",False
384,1130.847533333333,42.08356271375821,513.9453927022028,556.028955415961,1686.8764887492944,0,18,0.62,34.707711034202674,6.110454566237434,591.0951,4831.445428973613,379.3103448275862,379.3103448275862,1289.4101,0.6184990815896386,0.62,1,0,0,0,1000,0,0.0,0,0.0,0,0,0.0,0.0,0,62,[0. 0. 0. 0. 0.],2,0.0,104105.86458139976,246.86066887703737,421.7191221873236,421.7191221873236,4.831445428973614,idle,147.773775,1207.8613572434033,6.088270223767718,5,0.25,0.4106240646890344,"[0.41062406 0.39323629 0.37595585 0.3663383  0.35672076 0.34710321
 0.33739025 0.32092087]",False
385,1130.847533333333,42.03834050710582,513.9974693649259,556.0358098720318,1686.883343205365,0,18,0.62,34.707711034202674,6.088270223767718,591.0951,4831.445428973613,379.3103448275862,379.3103448275862,1291.026,0.6183447073120761,0.62,1,0,0,0,1000,0,0.0,0,0.25,0,0,0.0,0.0,0,62,[0. 0. 0. 0. 0.],2,0.0,103110.76409700417,244.50004681669617,421.72083580134125,421.72083580134125,4.831445428973614,idle,147.773775,1207.8613572434033,6.038490478434131,5,0.5,0.39323629192196535,"[0.39323629 0.37595585 0.3663383  0.35672076 0.34710321 0.33739025
 0.32092087 0.3044515 ]",False
386,1124.932933333333,40.55211855441492,507.1388860916533,547.6910046460682,1672.6239379794013,0,18,0.61,34.626981050051775,6.038490478434131,591.0951,4831.445428973613,379.3103448275862,379.3103448275862,1285.1436,0.610840586793802,0.61,1,0,0,0,1000,0,0.0,0,0.5,0,0,0.0,0.0,0,61,[0. 0. 0. 0. 0.],2,0.0,101252.04954401038,242.13942475635508,418.1559844948503,418.1559844948503,4.831445428973614,idle,147.773775,1207.8613572434033,6.004382595912617,5,0.75,0.3759558476522923,"[0.37595585 0.3663383  0.35672076 0.34710321 0.33739025 0.32092087
 0.3044515  0.28798213]",False
387,1113.1037333333334,37.82581125273332,493.43715051291633,531.2629617656496,1644.366695098983,0,18,0.59,34.46459413821611,6.004382595912617,591.0951,4831.445428973613,379.3103448275862,379.3103448275862,1272.1612,0.5959867200348166,0.59,1,0,0,0,1000,0,0.0,0,0.75,0,0,0.0,0.0,0,59,[0. 0. 0. 0. 0.],2,0.0,98571.06933600886,239.77880269601388,411.09167377474574,411.09167377474574,4.831445428973614,idle,147.773775,1207.8613572434033,5.978561072969404,5,1.0,0.3663383032917191,"[0.3663383  0.35672076 0.34710321 0.33739025 0.32092087 0.3044515
 0.28798213 0.27167671]",False
388,1101.2745333333332,35.25935890214473,479.94124546592684,515.2006043680715,1616.4751377014047,0,18,0.5700000000000001,34.30095607509909,5.978561072969404,591.0951,4831.445428973613,379.3103448275862,379.3103448275862,1259.1455,0.5737831070351198,0.5700000000000001,1,0,0,0,1000,0,0.0,0,1.0,0,0,0.0,0.0,0,57,[0. 0. 0. 0. 0.],2,0.0,95951.03508490772,237.4327519106744,404.1187844253512,404.1187844253512,4.831445428973614,idle,147.773775,1207.8613572434033,5.978000422398613,5,1.25,0.35672075893114547,"[0.35672076 0.34710321 0.33739025 0.32092087 0.3044515  0.28798213
 0.27167671 0.26688414]",False
389,1083.5307333333335,31.72530294450746,460.0390111527887,491.76431409729616,1575.2950474306297,0,18,0.54,34.05311226190976,5.978000422398613,591.0951,4831.445428973613,379.3103448275862,379.3103448275862,1237.6625,0.5444081309551263,0.54,1,0,0,0,1000,0,0.0,0,1.25,0,0,0.0,0.0,0,54,[0. 0. 0. 0. 0.],2,0.0,92992.4399531969,236.1270419909498,393.8237618576574,393.8237618576574,4.831445428973614,idle,147.773775,1207.8613572434033,5.980621434806476,5,1.5,0.34710321457057186,"[0.34710321 0.33739025 0.32092087 0.3044515  0.28798213 0.27167671
 0.26688414 0.26209157]",False
390,1071.7015333333331,29.53026268636412,447.0459530498623,476.5762157362264,1548.2777490695596,0,18,0.52,33.88626405409558,5.980621434806476,591.0951,4831.445428973613,379.3103448275862,379.3103448275862,1223.4302,0.5206193083865307,0.52,1,0,0,0,1000,0,0.0,0,1.5,0,0,0.0,0.0,0,52,[0. 0. 0. 0. 0.],2,0.0,90892.16086318802,234.82133207122516,387.0694372673899,387.0694372673899,4.831445428973614,idle,147.773775,1207.8613572434033,5.983676528416585,5,1.75,0.3373902451938499,"[0.33739025 0.32092087 0.3044515  0.28798213 0.27167671 0.26688414
 0.26209157 0.257299  ]",False
391,1065.786933333333,28.480133091922585,440.62984937109474,469.1099824630173,1534.8969157963504,0,18,0.51,33.80234693643912,5.983676528416585,591.0951,4831.445428973613,379.3103448275862,379.3103448275862,1216.5903,0.5024166393293336,0.51,1,0,0,0,1000,0,0.0,0,1.75,0,0,0.0,0.0,0,51,[0. 0. 0. 0. 0.],2,0.0,89605.60205765102,233.5156221515005,383.7242289490876,383.7242289490876,4.831445428973614,idle,147.773775,1207.8613572434033,5.998997384807897,5,2.0,0.32092087180489626,"[0.32092087 0.3044515  0.28798213 0.27167671 0.26688414 0.26209157
 0.257299   0.25268418]",False
392,1053.9577333333334,26.47823300019156,427.94749568149587,454.4257286816874,1508.383462015021,0,18,0.49,33.63351422389688,5.998997384807897,591.0951,4831.445428973613,379.3103448275862,379.3103448275862,1202.3156,0.48980012378353466,0.49,1,0,0,0,1000,0,0.0,0,2.0,0,0,0.0,0.0,0,49,[0. 0. 0. 0. 0.],2,0.0,87560.51247219874,232.19695701311468,377.09586550375525,377.09586550375525,4.831445428973614,idle,147.773775,1207.8613572434033,6.002154637352568,5,2.25,0.30445149841594366,"[0.3044515  0.28798213 0.27167671 0.26688414 0.26209157 0.257299
 0.25268418 0.26044853]",False
393,1048.0431333333333,25.51323462774404,421.6976954999089,447.21093012765294,1495.2540634609861,0,18,0.48,33.54859356935155,6.002154637352568,591.0951,4831.445428973613,379.3103448275862,379.3103448275862,1194.7857,0.48265373666316563,0.48,1,0,0,0,1000,0,0.0,0,2.25,0,0,0.0,0.0,0,48,[0. 0. 0. 0. 0.],2,0.0,85962.5373672767,229.96101991738774,373.81351586524653,373.81351586524653,4.831445428973614,idle,147.773775,1207.8613572434033,5.998991673441855,5,2.5,0.28798212502698994,"[0.28798213 0.27167671 0.26688414 0.26209157 0.257299   0.25268418
 0.26044853 0.26821288]",False
394,1042.1285333333333,24.56808542004604,415.51391426538567,440.0819996854317,1482.2105330187649,0,18,0.47,33.463333297706605,5.998991673441855,591.0951,4831.445428973613,379.3103448275862,379.3103448275862,1187.1555,0.4727258184023466,0.47,1,0,0,0,1000,0,0.0,0,2.5,0,0,0.0,0.0,0,47,[0. 0. 0. 0. 0.],2,0.0,84384.12909770911,227.72508282166095,370.5526332546912,370.5526332546912,4.831445428973614,idle,147.773775,1207.8613572434033,5.982833249336444,5,2.75,0.2716767067910778,"[0.27167671 0.26688414 0.26209157 0.257299   0.25268418 0.26044853
 0.26821288 0.27597723]",False
395,1036.2139333333334,23.635446868864175,409.4067261438339,433.0421730126981,1469.2561063460314,0,18,0.45999999999999996,33.37773081087316,5.982833249336444,591.0951,4831.445428973613,379.3103448275862,379.3103448275862,1179.3503,0.4600163690010778,0.45999999999999996,1,0,0,0,1000,0,0.0,0,2.75,0,0,0.0,0.0,0,46,[0. 0. 0. 0. 0.],2,0.0,82825.32606814467,225.489145725934,367.31402658650785,367.31402658650785,4.831445428973614,idle,147.773775,1207.8613572434033,5.969004261210651,5,3.0,0.2668841394235449,"[0.26688414 0.26209157 0.257299   0.25268418 0.26044853 0.26821288
 0.27597723 0.28350407]",False
396,1024.3847333333335,21.872931251062187,397.3210335734772,419.1939648245394,1443.578698157873,0,18,0.44,33.205488659091465,5.969004261210651,591.0951,4831.445428973613,379.3103448275862,379.3103448275862,1163.8529,0.44452538845935907,0.44,1,0,0,0,1000,0,0.0,0,3.0,0,0,0.0,0.0,0,44,[0. 0. 0. 0. 0.],2,0.0,80578.92725869182,223.2754677289635,360.89467453946827,360.89467453946827,4.831445428973614,idle,147.773775,1207.8613572434033,5.9744151653210285,5,3.25,0.26209157205601175,"[0.26209157 0.257299   0.25268418 0.26044853 0.26821288 0.27597723
 0.28350407 0.27462384]",False
397,1018.4701333333333,21.043468550731234,391.33839512324107,412.3818636739723,1430.8519970073055,0,18,0.43,33.118843656639825,5.9744151653210285,591.0951,4831.445428973613,379.3103448275862,379.3103448275862,1156.1847,0.42638889548152936,0.43,1,0,0,0,1000,0,0.0,0,3.25,0,0,0.0,0.0,0,43,[0. 0. 0. 0. 0.],2,0.0,79635.78949047292,222.62481278856214,357.7129992518264,357.7129992518264,4.831445428973614,idle,147.773775,1207.8613572434033,5.985130503853605,5,3.5,0.2572990046884786,"[0.257299   0.25268418 0.26044853 0.26821288 0.27597723 0.28350407
 0.27462384 0.26574362]",False
398,1012.5555333333335,20.243654754213697,385.4012549996493,405.644909753863,1418.2004430871964,0,18,0.42000000000000004,33.031845763224666,5.985130503853605,591.0951,4831.445428973613,379.3103448275862,379.3103448275862,1148.5441,0.41518169592241966,0.42000000000000004,1,0,0,0,1000,0,0.0,0,3.5,0,0,0.0,0.0,0,42,[0. 0. 0. 0. 0.],2,0.0,78700.96225354221,221.97415784816076,354.5501107717991,354.5501107717991,4.831445428973614,idle,147.773775,1207.8613572434033,6.000705365144624,5,3.75,0.25268418362275,"[0.25268418 0.26044853 0.26821288 0.27597723 0.28350407 0.27462384
 0.26574362 0.25686339]",False
399,1006.6409333333331,19.47196740797946,379.51054084355553,398.982508251535,1405.623441584868,0,18,0.41000000000000003,32.944492237126845,6.000705365144624,591.0951,4831.445428973613,379.3103448275862,379.3103448275862,1140.9258,0.41090378978203035,0.41000000000000003,1,0,0,0,1000,0,0.0,0,3.75,0,0,0.0,0.0,0,41,[0. 0. 0. 0. 0.],2,0.0,77774.37596520582,221.32350290775938,351.405860396217,351.405860396217,4.831445428973614,idle,147.773775,1207.8613572434033,5.992339877605486,5,4.0,0.26044853241491633,"[0.26044853 0.26821288 0.27597723 0.28350407 0.27462384 0.26574362
 0.25686339 0.24788394]",False
400,1012.5555333333335,20.250716512804956,385.38981398686064,405.6405304996656,1418.1960638329992,0,18,0.42000000000000004,33.031845763224666,5.992339877605486,591.0951,4831.445428973613,379.3103448275862,379.3103448275862,1148.6141,0.41355517706036116,0.42000000000000004,1,0,0,0,1000,0,0.0,0,4.0,0,0,0.0,0.0,0,42,[0. 0. 0. 0. 0.],2,0.0,78247.89687069513,220.6969793984967,354.5490159582498,354.5490159582498,4.831445428973614,idle,147.773775,1207.8613572434033,5.989269464030446,5,4.25,0.26821288120708203,"[0.26821288 0.27597723 0.28350407 0.27462384 0.26574362 0.25686339
 0.24788394 0.23210501]",False
401,1012.5555333333335,20.24770856584001,385.3946879789578,405.6423965447978,1418.1979298781314,0,18,0.42000000000000004,33.031845763224666,5.989269464030446,591.0951,4831.445428973613,379.3103448275862,379.3103448275862,1149.3861,0.4230391322568737,0.42000000000000004,1,0,0,0,1000,0,0.0,0,4.25,0,0,0.0,0.0,0,42,[0. 0. 0. 0. 0.],2,0.0,78621.73536764928,221.75109330304946,354.54948246953285,354.54948246953285,4.831445428973614,idle,147.773775,1207.8613572434033,5.991718137032879,5,4.5,0.2759772299992482,"[0.27597723 0.28350407 0.27462384 0.26574362 0.25686339 0.24788394
 0.23210501 0.21632608]",False
402,1018.4701333333333,21.061089559238972,391.31039901952164,412.37148857876065,1430.8416219120938,0,18,0.43,33.118843656639825,5.991718137032879,591.0951,4831.445428973613,379.3103448275862,379.3103448275862,1157.9693,0.43272609785485106,0.43,1,0,0,0,1000,0,0.0,0,4.5,0,0,0.0,0.0,0,43,[0. 0. 0. 0. 0.],2,0.0,79699.7410128464,222.80520720760214,357.71040547802346,357.71040547802346,4.831445428973614,idle,147.773775,1207.8613572434033,6.012406183108575,5,4.75,0.28350407058579424,"[0.28350407 0.27462384 0.26574362 0.25686339 0.24788394 0.23210501
 0.21632608 0.20054715]",False
403,1024.3847333333335,21.918907810659878,397.24931869830385,419.16822650896376,1443.5529598422972,0,18,0.44,33.205488659091465,6.012406183108575,591.0951,4831.445428973613,379.3103448275862,379.3103448275862,1166.7238,0.44261607385429325,0.44,1,0,0,0,1000,0,0.0,0,4.75,0,0,0.0,0.0,0,44,[0. 0. 0. 0. 0.],2,0.0,80788.19639493461,223.85932111215487,360.8882399605743,360.8882399605743,4.831445428973614,idle,147.773775,1207.8613572434033,6.013566806630551,5,5.0,0.27462384432818016,"[0.27462384 0.26574362 0.25686339 0.24788394 0.23210501 0.21632608
 0.20054715 0.18473962]",False
404,1036.2139333333334,23.670620448326904,409.35384337351456,433.02446382184144,1469.2383971551747,0,18,0.45999999999999996,33.37773081087316,6.013566806630551,591.0951,4831.445428973613,379.3103448275862,379.3103448275862,1182.8772,0.45270906025520036,0.45999999999999996,1,0,0,0,1000,0,0.0,0,5.0,0,0,0.0,0.0,0,46,[0. 0. 0. 0. 0.],2,0.0,82601.01982691286,224.88119011005915,367.30959928879366,367.30959928879366,4.831445428973614,idle,147.773775,1207.8613572434033,6.029241620699768,5,5.25,0.2657436180705657,"[0.26574362 0.25686339 0.24788394 0.23210501 0.21632608 0.20054715
 0.18473962 0.16698784]",False
405,1042.1285333333333,24.604080434726153,415.4607228153837,440.06480325010983,1482.193336583443,0,18,0.47,33.463333297706605,6.029241620699768,591.0951,4831.445428973613,379.3103448275862,379.3103448275862,1190.677,0.4630350663214394,0.47,1,0,0,0,1000,0,0.0,0,5.25,0,0,0.0,0.0,0,47,[0. 0. 0. 0. 0.],2,0.0,82882.613912612,223.67558095669784,370.54833414586074,370.54833414586074,4.831445428973614,idle,147.773775,1207.8613572434033,6.030959120504361,5,5.5,0.25686339181295165,"[0.25686339 0.24788394 0.23210501 0.21632608 0.20054715 0.18473962
 0.16698784 0.14923607]",False
406,1048.0431333333333,25.54882839395452,421.64603635164195,447.1948647455964,1495.2379980789296,0,18,0.48,33.54859356935155,6.030959120504361,591.0951,4831.445428973613,379.3103448275862,379.3103448275862,1198.2912,0.4754508287477812,0.48,1,0,0,0,1000,0,0.0,0,5.5,0,0,0.0,0.0,0,48,[0. 0. 0. 0. 0.],2,0.0,83161.38881797419,222.46997180333648,373.8094995197324,373.8094995197324,4.831445428973614,idle,147.773775,1207.8613572434033,6.042612144889191,5,5.75,0.24788393762269442,"[0.24788394 0.23210501 0.21632608 0.20054715 0.18473962 0.16698784
 0.14923607 0.1314843 ]",False
407,1053.9577333333334,26.53419024558143,427.86770800040796,454.4018982459894,1508.3596315793227,0,18,0.49,33.63351422389688,6.042612144889191,591.0951,4831.445428973613,379.3103448275862,379.3103448275862,1205.9856,0.48995634753422584,0.49,1,0,0,0,1000,0,0.0,0,5.75,0,0,0.0,0.0,0,49,[0. 0. 0. 0. 0.],2,0.0,83436.55813208755,221.26436264997517,377.0899078948307,377.0899078948307,4.831445428973614,idle,147.773775,1207.8613572434033,6.052985272933103,5,6.0,0.23210500747661283,"[0.23210501 0.21632608 0.20054715 0.18473962 0.16698784 0.14923607
 0.1314843  0.11407924]",False
408,1065.786933333333,28.575834148806997,440.49817275817196,469.074006906979,1534.8609402403122,0,18,0.51,33.80234693643912,6.052985272933103,591.0951,4831.445428973613,379.3103448275862,379.3103448275862,1221.1407,0.5065516226807731,0.51,1,0,0,0,1000,0,0.0,0,6.0,0,0,0.0,0.0,0,51,[0. 0. 0. 0. 0.],2,0.0,84434.72709932244,220.0452819813176,383.71523506007804,383.71523506007804,4.831445428973614,idle,147.773775,1207.8613572434033,6.054663518878479,5,6.25,0.2163260773305321,"[0.21632608 0.20054715 0.18473962 0.16698784 0.14923607 0.1314843
 0.11407924 0.12005541]",False
409,1077.6161333333332,30.724442279274804,453.365876526122,484.0903188053968,1561.7064521387301,0,18,0.53,33.96985167468354,6.054663518878479,591.0951,4831.445428973613,379.3103448275862,379.3103448275862,1236.0763,0.5251213803572419,0.53,1,0,0,0,1000,0,0.0,0,6.25,0,0,0.0,0.0,0,53,[0. 0. 0. 0. 0.],2,0.0,85075.16218313698,217.90308176450964,390.42661303468253,390.42661303468253,4.831445428973614,idle,147.773775,1207.8613572434033,6.044353004685879,5,6.5,0.20054714718445055,"[0.20054715 0.18473962 0.16698784 0.14923607 0.1314843  0.11407924
 0.12005541 0.12603158]",False
410,1083.5307333333335,31.827342603402577,459.9057869969123,491.73312960031484,1575.2638629336484,0,18,0.54,34.05311226190976,6.044353004685879,591.0951,4831.445428973613,379.3103448275862,379.3103448275862,1243.374,0.5379876041006126,0.54,1,0,0,0,1000,0,0.0,0,6.5,0,0,0.0,0.0,0,54,[0. 0. 0. 0. 0.],2,0.0,84970.07993420052,215.76088154770179,393.8159657334121,393.8159657334121,4.831445428973614,idle,147.773775,1207.8613572434033,6.041633926311297,5,6.75,0.18473961535695307,"[0.18473962 0.16698784 0.14923607 0.1314843  0.11407924 0.12005541
 0.12603158 0.13200775]",False
411,1083.5307333333335,31.82315250382622,459.91126964848354,491.7344221523098,1575.2651554856432,0,18,0.54,34.05311226190976,6.041633926311297,591.0951,4831.445428973613,379.3103448275862,379.3103448275862,1243.339,0.5451502939108845,0.54,1,0,0,0,1000,0,0.0,0,6.75,0,0,0.0,0.0,0,54,[0. 0. 0. 0. 0.],2,0.0,84126.51631533712,213.61868133089382,393.8162888714108,393.8162888714108,4.831445428973614,idle,147.773775,1207.8613572434033,6.05991359844375,5,7.0,0.16698784482344975,"[0.16698784 0.14923607 0.1314843  0.11407924 0.12005541 0.12603158
 0.13200775 0.13792837]",False
412,1083.5307333333335,31.851335633046823,459.8743730208749,491.7257086539217,1575.2564419872551,0,18,0.54,34.05311226190976,6.05991359844375,591.0951,4831.445428973613,379.3103448275862,379.3103448275862,1243.5297,0.5466094497880587,0.54,1,0,0,0,1000,0,0.0,0,7.0,0,0,0.0,0.0,0,54,[0. 0. 0. 0. 0.],2,0.0,83280.89309722894,211.47259805436235,393.8141104968138,393.8141104968138,4.831445428973614,idle,147.773775,1207.8613572434033,6.343791475707881,5,7.25,0.14923607428994562,"[0.14923607 0.1314843  0.11407924 0.12005541 0.12603158 0.13200775
 0.13792837 0.14013195]",False
413,1083.5307333333335,32.29331468323605,459.2899041319425,491.58321881517855,1575.1139521485118,0,18,0.54,34.05311226190976,6.343791475707881,591.0951,4831.445428973613,379.3103448275862,379.3103448275862,1246.0304,0.5424057783731744,0.54,1,0,0,0,1000,0,0.0,0,7.25,0,0,0.0,0.0,0,54,[0. 0. 0. 0. 0.],2,0.0,82324.33816864312,209.0625584424537,393.77848803712794,393.77848803712794,4.831445428973614,idle,147.773775,1207.8613572434033,6.614417482419135,5,7.5,0.13148430375644252,"[0.1314843  0.11407924 0.12005541 0.12603158 0.13200775 0.13792837
 0.14013195 0.14233553]",False
414,1077.6161333333332,31.57262656500299,452.21525339957844,483.78787996458146,1561.4040132979148,0,18,0.53,33.96985167468354,6.614417482419135,591.0951,4831.445428973613,379.3103448275862,379.3103448275862,1240.9668,0.535134821840423,0.53,1,0,0,0,1000,0,0.0,0,7.5,0,0,0.0,0.0,0,53,[0. 0. 0. 0. 0.],2,0.0,80667.01806503395,206.65251883054495,390.3510033244787,390.3510033244787,4.831445428973614,idle,147.773775,1207.8613572434033,6.885966455843661,5,7.75,0.11407924286376661,"[0.11407924 0.12005541 0.12603158 0.13200775 0.13792837 0.14013195
 0.14233553 0.14453911]",False
415,1071.7015333333331,30.862186859010627,445.19670039829464,476.0588872573053,1547.7604205906387,0,18,0.52,33.88626405409558,6.885966455843661,591.0951,4831.445428973613,379.3103448275862,379.3103448275862,1235.8844,0.5247965801898042,0.52,1,0,0,0,1000,0,0.0,0,7.75,0,0,0.0,0.0,0,52,[0. 0. 0. 0. 0.],2,0.0,79029.60638447784,204.24247921863633,386.94010514765966,386.94010514765966,4.831445428973614,idle,147.773775,1207.8613572434033,7.140219675955429,5,8.0,0.12005541337437264,"[0.12005541 0.12603158 0.13200775 0.13792837 0.14013195 0.14233553
 0.14453911 0.14702395]",False
416,1065.786933333333,30.134842230040608,438.2745017830487,468.4093440130893,1534.1962773464224,0,18,0.51,33.80234693643912,7.140219675955429,591.0951,4831.445428973613,379.3103448275862,379.3103448275862,1230.5783,0.5113910534213184,0.51,1,0,0,0,1000,0,0.0,0,8.0,0,0,0.0,0.0,0,51,[0. 0. 0. 0. 0.],2,0.0,77430.69820343248,201.87951006466582,383.5490693366056,383.5490693366056,4.831445428973614,idle,147.773775,1207.8613572434033,7.154814070418106,5,8.25,0.12603158388497931,"[0.12603158 0.13200775 0.13792837 0.14013195 0.14233553 0.14453911
 0.14702395 0.16818022]",False
417,1053.9577333333334,28.016021974523444,425.6774446125533,453.6934665870767,1507.6511999204104,0,18,0.49,33.63351422389688,7.154814070418106,591.0951,4831.445428973613,379.3103448275862,379.3103448275862,1214.8633,0.4950204946965031,0.49,1,0,0,0,1000,0,0.0,0,8.25,0,0,0.0,0.0,0,49,[0. 0. 0. 0. 0.],2,0.0,76396.77765746492,202.690854917896,376.9127999801026,376.9127999801026,4.831445428973614,idle,147.773775,1207.8613572434033,7.163767344531511,5,8.5,0.13200775439558513,"[0.13200775 0.13792837 0.14013195 0.14233553 0.14453911 0.14702395
 0.16818022 0.18933649]",False
418,1048.0431333333333,27.002773671147448,419.4580951232546,446.46086879440213,1494.5040021277355,0,18,0.48,33.54859356935155,7.163767344531511,591.0951,4831.445428973613,379.3103448275862,379.3103448275862,1206.5608,0.48267839355905007,0.48,1,0,0,0,1000,0,0.0,0,8.5,0,0,0.0,0.0,0,48,[0. 0. 0. 0. 0.],2,0.0,76033.71299993653,203.50219977112624,373.62600053193387,373.62600053193387,4.831445428973614,idle,147.773775,1207.8613572434033,7.162382234747383,5,8.75,0.1379283696268719,"[0.13792837 0.14013195 0.14233553 0.14453911 0.14702395 0.16818022
 0.18933649 0.21049276]",False
419,1042.1285333333333,26.004647500615878,413.3145620095932,439.319209510209,1481.4477428435423,0,18,0.47,33.463333297706605,7.162382234747383,591.0951,4831.445428973613,379.3103448275862,379.3103448275862,1198.1131,0.4743647500089589,0.47,1,0,0,0,1000,0,0.0,0,8.75,0,0,0.0,0.0,0,47,[0. 0. 0. 0. 0.],2,0.0,75669.95987902903,204.31354462435638,370.3619357108856,370.3619357108856,4.831445428973614,idle,147.773775,1207.8613572434033,7.16440450312042,5,9.0,0.14013194907672955,"[0.14013195 0.14233553 0.14453911 0.14702395 0.16818022 0.18933649
 0.21049276 0.23165088]",False
420,1042.1285333333333,26.00724088976085,413.3104671793745,439.31770806913534,1481.4462414024686,0,18,0.47,33.463333297706605,7.16440450312042,591.0951,4831.445428973613,379.3103448275862,379.3103448275862,1197.3184,0.47007956404622986,0.47,1,0,0,0,1000,0,0.0,0,9.0,0,0,0.0,0.0,0,47,[0. 0. 0. 0. 0.],2,0.0,75967.5807296971,205.11734710745748,370.36156035061714,370.36156035061714,4.831445428973614,idle,147.773775,1207.8613572434033,7.1424688794307665,5,9.25,0.14233552852658696,"[0.14233553 0.14453911 0.14702395 0.16818022 0.18933649 0.21049276
 0.23165088 0.25293087]",False
421,1042.1285333333333,25.97912870200015,413.3548341409913,439.3339628429914,1481.4624961763247,0,18,0.47,33.463333297706605,7.1424688794307665,591.0951,4831.445428973613,379.3103448275862,379.3103448275862,1197.9018,0.46967863047510244,0.47,1,0,0,0,1000,0,0.0,0,9.25,0,0,0.0,0.0,0,47,[0. 0. 0. 0. 0.],2,0.0,76079.21480685017,205.41651240773678,370.3656240440812,370.3656240440812,4.831445428973614,idle,147.773775,1207.8613572434033,7.137550848159028,5,9.5,0.14453910797644437,"[0.14453911 0.14702395 0.16818022 0.18933649 0.21049276 0.23165088
 0.25293087 0.27421086]",False
422,1042.1285333333333,25.972831427809123,413.3647662773346,439.33759770514376,1481.466131038477,0,18,0.47,33.463333297706605,7.137550848159028,591.0951,4831.445428973613,379.3103448275862,379.3103448275862,1198.6744,0.463427918511054,0.47,1,0,0,0,1000,0,0.0,0,9.5,0,0,0.0,0.0,0,47,[0. 0. 0. 0. 0.],2,0.0,76190.2022870132,205.71567770801605,370.36653275961925,370.36653275961925,4.831445428973614,idle,147.773775,1207.8613572434033,7.151034821711417,5,9.75,0.1470239488160001,"[0.14702395 0.16818022 0.18933649 0.21049276 0.23165088 0.25293087
 0.27421086 0.29549086]",False
423,1036.2139333333334,25.023035509289638,407.24463672110227,432.26767223039195,1468.4816055637255,0,18,0.45999999999999996,33.37773081087316,7.151034821711417,591.0951,4831.445428973613,379.3103448275862,379.3103448275862,1192.0257,0.4513274281540842,0.45999999999999996,1,0,0,0,1000,0,0.0,0,9.75,0,0,0.0,0.0,0,46,[0. 0. 0. 0. 0.],2,0.0,75632.25185769508,206.01484300829532,367.12040139093136,367.12040139093136,4.831445428973614,idle,147.773775,1207.8613572434033,7.162465517129085,5,10.0,0.1681802188332269,"[0.16818022 0.18933649 0.21049276 0.23165088 0.25293087 0.27421086
 0.29549086 0.31684218]",False
424,1018.4701333333333,22.300526300673702,389.2660703432916,411.5665966439653,1430.0367299772986,0,18,0.43,33.118843656639825,7.162465517129085,591.0951,4831.445428973613,379.3103448275862,379.3103448275862,1169.8997,0.4333771594041933,0.43,1,0,0,0,1000,0,0.0,0,10.0,0,0,0.0,0.0,0,43,[0. 0. 0. 0. 0.],2,0.0,73772.80393027513,206.3521932935142,357.50918249432465,357.50918249432465,4.831445428973614,idle,147.773775,1207.8613572434033,7.290810665107511,5,10.25,0.1893364888504512,"[0.18933649 0.21049276 0.23165088 0.25293087 0.27421086 0.29549086
 0.31684218 0.34285602]",False
425,1006.6409333333331,20.739905759409336,377.3287386981968,398.0686444576061,1404.7095777909392,0,18,0.41000000000000003,32.944492237126845,7.290810665107511,591.0951,4831.445428973613,379.3103448275862,379.3103448275862,1155.137,0.40980587535975216,0.41000000000000003,1,0,0,0,1000,0,0.0,0,10.25,0,0,0.0,0.0,0,41,[0. 0. 0. 0. 0.],2,0.0,73474.89338404355,209.22443911741792,351.1773944477348,351.1773944477348,4.831445428973614,idle,147.773775,1207.8613572434033,7.415665511171236,5,10.5,0.21049275886767532,"[0.21049276 0.23165088 0.25293087 0.27421086 0.29549086 0.31684218
 0.34285602 0.36886985]",False
426,994.8117333333336,19.257808938567486,365.623391070766,384.88120000933344,1379.6929333426672,0,18,0.39,32.76870717010592,7.415665511171236,591.0951,4831.445428973613,379.3103448275862,379.3103448275862,1140.2078,0.3958953848750677,0.39,1,0,0,0,1000,0,0.0,0,10.5,0,0,0.0,0.0,0,39,[0. 0. 0. 0. 0.],2,0.0,73157.07434973677,212.09668494132129,344.9232333356668,344.9232333356668,4.831445428973614,idle,147.773775,1207.8613572434033,7.548716397617762,5,10.75,0.23165087907824028,"[0.23165088 0.25293087 0.27421086 0.29549086 0.31684218 0.34285602
 0.36886985 0.39488369]",False
427,994.8117333333336,19.38524604096641,365.3856090479496,384.770855088916,1379.5825884222495,0,18,0.39,32.76870717010592,7.548716397617762,591.0951,4831.445428973613,379.3103448275862,379.3103448275862,1141.0289,0.391645687950141,0.39,1,0,0,0,1000,0,0.0,0,10.75,0,0,0.0,0.0,0,39,[0. 0. 0. 0. 0.],2,0.0,74141.84848386298,214.96893076522463,344.8956471055624,344.8956471055624,4.831445428973614,idle,147.773775,1207.8613572434033,7.66934982495403,5,11.0,0.25293087194770014,"[0.25293087 0.27421086 0.29549086 0.31684218 0.34285602 0.36886985
 0.39488369 0.42064092]",False
428,994.8117333333336,19.501763319483533,365.1670697885319,384.6688331080154,1379.4805664413489,0,18,0.39,32.76870717010592,7.66934982495403,591.0951,4831.445428973613,379.3103448275862,379.3103448275862,1141.7277,0.39705678458497085,0.39,1,0,0,0,1000,0,0.0,0,11.0,0,0,0.0,0.0,0,39,[0. 0. 0. 0. 0.],2,0.0,75127.00404624196,217.8414277775507,344.8701416103372,344.8701416103372,4.831445428973614,idle,147.773775,1207.8613572434033,7.652528848255572,5,11.25,0.2742108648171598,"[0.27421086 0.29549086 0.31684218 0.34285602 0.36886985 0.39488369
 0.42064092 0.42975349]",False
429,1006.6409333333331,21.115085886520433,376.6560815631393,397.7711674496598,1404.4121007829929,0,18,0.41000000000000003,32.944492237126845,7.652528848255572,591.0951,4831.445428973613,379.3103448275862,379.3103448275862,1157.827,0.41193476357939485,0.41000000000000003,1,0,0,0,1000,0,0.0,0,11.25,0,0,0.0,0.0,0,41,[0. 0. 0. 0. 0.],2,0.0,77499.13599064692,220.73047062878288,351.1030251957482,351.1030251957482,4.831445428973614,idle,147.773775,1207.8613572434033,7.652466208734822,5,11.5,0.2954908576866219,"[0.29549086 0.31684218 0.34285602 0.36886985 0.39488369 0.42064092
 0.42975349 0.43886606]",False
430,1012.5555333333335,21.968370509809848,382.46380967422067,404.4321801840305,1416.9877135173642,0,18,0.42000000000000004,33.031845763224666,7.652466208734822,591.0951,4831.445428973613,379.3103448275862,379.3103448275862,1166.2349,0.42349818886269824,0.42000000000000004,1,0,0,0,1000,0,0.0,0,11.5,0,0,0.0,0.0,0,42,[0. 0. 0. 0. 0.],2,0.0,79216.52577597798,223.61951348001503,354.24692837934106,354.24692837934106,4.831445428973614,idle,147.773775,1207.8613572434033,7.656539548388702,5,11.75,0.31684218243995665,"[0.31684218 0.34285602 0.36886985 0.39488369 0.42064092 0.42975349
 0.43886606 0.44797863]",False
431,1018.4701333333333,22.85279344060473,388.31595771470904,411.1687511553138,1429.6388844886471,0,18,0.43,33.118843656639825,7.656539548388702,591.0951,4831.445428973613,379.3103448275862,379.3103448275862,1174.657,0.4317470604348807,0.43,1,0,0,0,1000,0,0.0,0,11.75,0,0,0.0,0.0,0,43,[0. 0. 0. 0. 0.],2,0.0,80956.35995013465,226.50855633124752,357.4097211221618,357.4097211221618,4.831445428973614,idle,147.773775,1207.8613572434033,7.667883701905416,5,12.0,0.342856018512017,"[0.34285602 0.36886985 0.39488369 0.42064092 0.42975349 0.43886606
 0.44797863 0.4569783 ]",False
432,1018.4701333333333,22.865686789698994,388.29354360850994,411.15923039820893,1429.629363731542,0,18,0.43,33.118843656639825,7.667883701905416,591.0951,4831.445428973613,379.3103448275862,379.3103448275862,1175.4022,0.4366813782959426,0.43,1,0,0,0,1000,0,0.0,0,12.0,0,0,0.0,0.0,0,43,[0. 0. 0. 0. 0.],2,0.0,81991.84716388915,229.40728343709566,357.4073409328855,357.4073409328855,4.831445428973614,idle,147.773775,1207.8613572434033,7.653321066363546,5,12.25,0.36886985458408045,"[0.36886985 0.39488369 0.42064092 0.42975349 0.43886606 0.44797863
 0.4569783  0.45871003]",False
433,1024.3847333333335,23.755989371972678,394.23527313807693,417.99126251004964,1442.375995843383,0,18,0.44,33.205488659091465,7.653321066363546,591.0951,4831.445428973613,379.3103448275862,379.3103448275862,1182.9589,0.4383724636388962,0.44,1,0,0,0,1000,0,0.0,0,12.25,0,0,0.0,0.0,0,44,[0. 0. 0. 0. 0.],2,0.0,83996.40863951352,232.9390086401135,360.59399896084574,360.59399896084574,4.831445428973614,idle,147.773775,1207.8613572434033,7.652079102842457,5,12.5,0.3948836906561408,"[0.39488369 0.42064092 0.42975349 0.43886606 0.44797863 0.4569783
 0.45871003 0.46044177]",False
434,1024.3847333333335,23.75452270346559,394.23777388738796,417.9922965908535,1442.377029924187,0,18,0.44,33.205488659091465,7.652079102842457,591.0951,4831.445428973613,379.3103448275862,379.3103448275862,1182.9451,0.44139899181233916,0.44,1,0,0,0,1000,0,0.0,0,12.5,0,0,0.0,0.0,0,44,[0. 0. 0. 0. 0.],2,0.0,85269.98868616234,236.4707338431318,360.5942574810467,360.5942574810467,4.831445428973614,idle,147.773775,1207.8613572434033,7.651318193249722,5,12.75,0.42064092076709875,"[0.42064092 0.42975349 0.43886606 0.44797863 0.4569783  0.45871003
 0.46044177 0.4621735 ]",False
435,1024.3847333333335,23.753624184272354,394.2393058514195,417.99293003569187,1442.3776633690254,0,18,0.44,33.205488659091465,7.651318193249722,591.0951,4831.445428973613,379.3103448275862,379.3103448275862,1182.9366,0.4457609628162713,0.44,1,0,0,0,1000,0,0.0,0,12.75,0,0,0.0,0.0,0,44,[0. 0. 0. 0. 0.],2,0.0,86543.54652045139,240.00245904614965,360.59441584225635,360.59441584225635,4.831445428973614,idle,147.773775,1207.8613572434033,7.64019053761149,5,13.0,0.42975349203274854,"[0.42975349 0.43886606 0.44797863 0.4569783  0.45871003 0.46044177
 0.4621735  0.46376135]",False
436,1036.2139333333334,25.636338788841257,406.2479951016694,431.8843338905107,1468.0982672238438,0,18,0.45999999999999996,33.37773081087316,7.64019053761149,591.0951,4831.445428973613,379.3103448275862,379.3103448275862,1198.1489,0.45145837665069266,0.45999999999999996,1,0,0,0,1000,0,0.0,0,13.0,0,0,0.0,0.0,0,46,[0. 0. 0. 0. 0.],2,0.0,89370.24219147066,243.49934656749843,367.02456680596094,367.02456680596094,4.831445428973614,idle,147.773775,1207.8613572434033,7.645118256912978,5,13.25,0.4388660632983992,"[0.43886606 0.44797863 0.4569783  0.45871003 0.46044177 0.4621735
 0.46376135 0.45615687]",False
437,1036.2139333333334,25.642618595493214,406.23768524297566,431.8803038384689,1468.0942371718022,0,18,0.45999999999999996,33.37773081087316,7.645118256912978,591.0951,4831.445428973613,379.3103448275862,379.3103448275862,1197.5767,0.4583997037812576,0.45999999999999996,1,0,0,0,1000,0,0.0,0,13.25,0,0,0.0,0.0,0,46,[0. 0. 0. 0. 0.],2,0.0,89824.06119211922,244.73649965457264,367.02355929295055,367.02355929295055,4.831445428973614,idle,147.773775,1207.8613572434033,7.652670075033968,5,13.5,0.4479786345640488,"[0.44797863 0.4569783  0.45871003 0.46044177 0.4621735  0.46376135
 0.45615687 0.44855238]",False
438,1036.2139333333334,25.65224649250407,406.22187481215553,431.87412130465964,1468.088054637993,0,18,0.45999999999999996,33.37773081087316,7.652670075033968,591.0951,4831.445428973613,379.3103448275862,379.3103448275862,1197.0337,0.46080167984968423,0.45999999999999996,1,0,0,0,1000,0,0.0,0,13.5,0,0,0.0,0.0,0,46,[0. 0. 0. 0. 0.],2,0.0,90277.74533642143,245.97365274164696,367.02201365949827,367.02201365949827,4.831445428973614,idle,147.773775,1207.8613572434033,7.649732759887256,5,13.75,0.45697830258636885,"[0.4569783  0.45871003 0.46044177 0.4621735  0.46376135 0.45615687
 0.44855238 0.44094789]",False
439,1036.2139333333334,25.648501104039322,406.22802584734393,431.8765269513832,1468.0904602847168,0,18,0.45999999999999996,33.37773081087316,7.649732759887256,591.0951,4831.445428973613,379.3103448275862,379.3103448275862,1196.3742,0.4586643048559723,0.45999999999999996,1,0,0,0,1000,0,0.0,0,13.75,0,0,0.0,0.0,0,46,[0. 0. 0. 0. 0.],2,0.0,90731.95642911074,247.21080582872113,367.0226150711792,367.0226150711792,4.831445428973614,idle,147.773775,1207.8613572434033,7.672382162617797,5,14.0,0.4587100349597141,"[0.45871003 0.46044177 0.4621735  0.46376135 0.45615687 0.44855238
 0.44094789 0.43339318]",False
440,1036.2139333333334,25.677400373440488,406.18054651455583,431.85794688799626,1468.0718802213296,0,18,0.45999999999999996,33.37773081087316,7.672382162617797,591.0951,4831.445428973613,379.3103448275862,379.3103448275862,1195.9951,0.4519875788001215,0.45999999999999996,1,0,0,0,1000,0,0.0,0,14.0,0,0,0.0,0.0,0,46,[0. 0. 0. 0. 0.],2,0.0,91179.23984976955,248.43263079468065,367.0179700553324,367.0179700553324,4.831445428973614,idle,147.773775,1207.8613572434033,7.819159454193859,5,14.25,0.46044176733305914,"[0.46044177 0.4621735  0.46376135 0.45615687 0.44855238 0.44094789
 0.43339318 0.4289946 ]",False
441,1024.3847333333335,23.95292188210726,393.8984172466418,417.8513391287491,1442.2360724620826,0,18,0.44,33.205488659091465,7.819159454193859,591.0951,4831.445428973613,379.3103448275862,379.3103448275862,1181.3533,0.44081022254764246,0.44,1,0,0,0,1000,0,0.0,0,14.25,0,0,0.0,0.0,0,44,[0. 0. 0. 0. 0.],2,0.0,89659.39493148743,248.66773656112292,360.55901811552064,360.55901811552064,4.831445428973614,idle,147.773775,1207.8613572434033,7.964650199388994,5,14.5,0.4621734997064042,"[0.4621735  0.46376135 0.45615687 0.44855238 0.44094789 0.43339318
 0.4289946  0.42459603]",False
442,1018.4701333333333,23.206454443953138,387.69770850464624,410.9041629485994,1429.3742962819326,0,18,0.43,33.118843656639825,7.964650199388994,591.0951,4831.445428973613,379.3103448275862,379.3103448275862,1174.3223,0.4274507450130672,0.43,1,0,0,0,1000,0,0.0,0,14.5,0,0,0.0,0.0,0,43,[0. 0. 0. 0. 0.],2,0.0,88943.83127363407,248.90284232756517,357.34357407048316,357.34357407048316,4.831445428973614,idle,147.773775,1207.8613572434033,8.109848035110264,5,14.75,0.46376135199291085,"[0.46376135 0.45615687 0.44855238 0.44094789 0.43339318 0.4289946
 0.42459603 0.42019745]",False
443,1006.6409333333331,21.602491079708788,375.76823629808564,397.3707273777944,1404.0116607111277,0,18,0.41000000000000003,32.944492237126845,8.109848035110264,591.0951,4831.445428973613,379.3103448275862,379.3103448275862,1159.475,0.4119091461963953,0.41000000000000003,1,0,0,0,1000,0,0.0,0,14.75,0,0,0.0,0.0,0,41,[0. 0. 0. 0. 0.],2,0.0,87448.14606240751,249.1379480940074,351.0029151777819,351.0029151777819,4.831445428973614,idle,147.773775,1207.8613572434033,8.247810586019991,5,15.0,0.45615686539810346,"[0.45615687 0.44855238 0.44094789 0.43339318 0.4289946  0.42459603
 0.42019745 0.41565264]",False
444,994.8117333333336,20.07365376040603,364.0804923869879,384.15414614739393,1378.9658794807274,0,18,0.39,32.76870717010592,8.247810586019991,591.0951,4831.445428973613,379.3103448275862,379.3103448275862,1144.4319,0.39418542609762736,0.39,1,0,0,0,1000,0,0.0,0,15.0,0,0,0.0,0.0,0,39,[0. 0. 0. 0. 0.],2,0.0,85962.49907783623,249.35352021967896,344.74146987018185,344.74146987018185,4.831445428973614,idle,147.773775,1207.8613572434033,8.092157603671323,5,15.25,0.44855237880329624,"[0.44855238 0.44094789 0.43339318 0.4289946  0.42459603 0.42019745
 0.41565264 0.40190332]",False
445,982.9825333333334,18.353109035074805,353.16165751199094,371.51476654706573,1354.4972998803992,0,18,0.37,32.5914659165071,8.092157603671323,591.0951,4831.445428973613,379.3103448275862,379.3103448275862,1126.9592,0.3744133161547628,0.37,1,0,0,0,1000,0,0.0,0,15.25,0,0,0.0,0.0,0,37,[0. 0. 0. 0. 0.],2,0.0,84087.568161723,248.32110974055942,338.6243249700998,338.6243249700998,4.831445428973614,idle,147.773775,1207.8613572434033,7.9276624991280205,5,15.5,0.4409478922084882,"[0.44094789 0.43339318 0.4289946  0.42459603 0.42019745 0.41565264
 0.40190332 0.388154  ]",False
446,977.0679333333336,17.463212767097676,347.92169920234136,365.3849119694391,1342.4528453027726,0,18,0.36,32.50229204043178,7.9276624991280205,591.0951,4831.445428973613,379.3103448275862,379.3103448275862,1117.2335,0.36119141859660325,0.36,1,0,0,0,1000,0,0.0,0,15.5,0,0,0.0,0.0,0,36,[0. 0. 0. 0. 0.],2,0.0,82993.35448368541,247.28869926143992,335.61321132569316,335.61321132569316,4.831445428973614,idle,147.773775,1207.8613572434033,7.775722865065767,5,15.75,0.4333931777647705,"[0.43339318 0.4289946  0.42459603 0.42019745 0.41565264 0.40190332
 0.388154   0.37440468]",False
447,977.0679333333336,17.331372298060433,348.18691331565446,365.5182856137149,1342.5862189470486,0,18,0.36,32.50229204043178,7.775722865065767,591.0951,4831.445428973613,379.3103448275862,379.3103448275862,1115.5911,0.3545197334231495,0.36,1,0,0,0,1000,0,0.0,0,15.75,0,0,0.0,0.0,0,36,[0. 0. 0. 0. 0.],2,0.0,82655.07491204697,246.2562887823203,335.64655473676214,335.64655473676214,4.831445428973614,idle,147.773775,1207.8613572434033,7.627577908397443,5,16.0,0.4289946032548482,"[0.4289946  0.42459603 0.42019745 0.41565264 0.40190332 0.388154
 0.37440468 0.36119197]",False
448,977.0679333333336,17.204099278533025,348.44150214865925,365.6456014271923,1342.7135347605258,0,18,0.36,32.50229204043178,7.627577908397443,591.0951,4831.445428973613,379.3103448275862,379.3103448275862,1113.977,0.35439826063440083,0.36,1,0,0,0,1000,0,0.0,0,16.0,0,0,0.0,0.0,0,36,[0. 0. 0. 0. 0.],2,0.0,82318.62336820978,245.23063553654094,335.67838369013145,335.67838369013145,4.831445428973614,idle,147.773775,1207.8613572434033,7.5545097880578505,5,16.25,0.4245960287449256,"[0.42459603 0.42019745 0.41565264 0.40190332 0.388154   0.37440468
 0.36119197 0.38150561]",False
449,977.0679333333336,17.141784345369075,348.5656101350856,365.7073944804547,1342.7753278137884,0,18,0.36,32.50229204043178,7.5545097880578505,591.0951,4831.445428973613,379.3103448275862,379.3103448275862,1112.1313,0.36067960977596103,0.36,1,0,0,0,1000,0,0.0,0,16.25,0,0,0.0,0.0,0,36,[0. 0. 0. 0. 0.],2,0.0,82121.9470963989,244.63347038138994,335.6938319534471,335.6938319534471,4.831445428973614,idle,147.773775,1207.8613572434033,7.503478207065067,5,16.5,0.4201974542350026,"[0.42019745 0.41565264 0.40190332 0.388154   0.37440468 0.36119197
 0.38150561 0.40181924]",False
450,982.9825333333334,17.822534448500555,354.2051511085299,372.02768555703045,1355.0102188903638,0,18,0.37,32.5914659165071,7.503478207065067,591.0951,4831.445428973613,379.3103448275862,379.3103448275862,1118.4743,0.36400816781754153,0.37,1,0,0,0,1000,0,0.0,0,16.5,0,0,0.0,0.0,0,37,[0. 0. 0. 0. 0.],2,0.0,82667.9218404504,244.0363052262389,338.75255472259096,338.75255472259096,4.831445428973614,idle,147.773775,1207.8613572434033,7.453902526046271,5,16.75,0.415652640915731,"[0.41565264 0.40190332 0.388154   0.37440468 0.36119197 0.38150561
 0.40181924 0.42213288]",False
451,982.9825333333334,17.778790538646884,354.29011349291983,372.0689040315667,1355.0514373649,0,18,0.37,32.5914659165071,7.453902526046271,591.0951,4831.445428973613,379.3103448275862,379.3103448275862,1116.8896,0.36438393475914266,0.37,1,0,0,0,1000,0,0.0,0,16.75,0,0,0.0,0.0,0,37,[0. 0. 0. 0. 0.],2,0.0,82468.13916605069,243.43914007108782,338.762859341225,338.762859341225,4.831445428973614,idle,147.773775,1207.8613572434033,7.410390780732055,5,17.0,0.4019033220999992,"[0.40190332 0.388154   0.37440468 0.36119197 0.38150561 0.40181924
 0.42213288 0.44234575]",False
452,977.0679333333336,17.01975424568669,348.8075613456526,365.82731559133924,1342.8952489246728,0,18,0.36,32.50229204043178,7.410390780732055,591.0951,4831.445428973613,379.3103448275862,379.3103448275862,1107.4552,0.36180691060076436,0.36,1,0,0,0,1000,0,0.0,0,17.0,0,0,0.0,0.0,0,36,[0. 0. 0. 0. 0.],2,0.0,81521.16817199936,242.8221210471261,335.7238122311682,335.7238122311682,4.831445428973614,idle,147.773775,1207.8613572434033,7.47256450380513,5,17.25,0.3881540032842657,"[0.388154   0.37440468 0.36119197 0.38150561 0.40181924 0.42213288
 0.44234575 0.45630921]",False
453,977.0679333333336,17.072256163886262,348.70364500145945,365.7759011653457,1342.8438344986794,0,18,0.36,32.50229204043178,7.47256450380513,591.0951,4831.445428973613,379.3103448275862,379.3103448275862,1109.1858,0.3564467733813088,0.36,1,0,0,0,1000,0,0.0,0,17.25,0,0,0.0,0.0,0,36,[0. 0. 0. 0. 0.],2,0.0,80891.391026641,240.95546763809654,335.71095862466984,335.71095862466984,4.831445428973614,idle,147.773775,1207.8613572434033,7.5311684830644205,5,17.5,0.37440468446853387,"[0.37440468 0.36119197 0.38150561 0.40181924 0.42213288 0.44234575
 0.45630921 0.47027268]",False
454,977.0679333333336,17.121941534730865,348.60505209031584,365.7269936250467,1342.7949269583803,0,18,0.36,32.50229204043178,7.5311684830644205,591.0951,4831.445428973613,379.3103448275862,379.3103448275862,1110.8767,0.35905888349141635,0.36,1,0,0,0,1000,0,0.0,0,17.5,0,0,0.0,0.0,0,36,[0. 0. 0. 0. 0.],2,0.0,80261.81170982136,239.08881422906674,335.6987317395951,335.6987317395951,4.831445428973614,idle,147.773775,1207.8613572434033,7.574901413397159,5,17.75,0.36119197381195844,"[0.36119197 0.38150561 0.40181924 0.42213288 0.44234575 0.45630921
 0.47027268 0.48423615]",False
455,982.9825333333334,17.885808542127393,354.0819461627023,371.96775470482964,1354.950288038163,0,18,0.37,32.5914659165071,7.574901413397159,591.0951,4831.445428973613,379.3103448275862,379.3103448275862,1120.3462,0.369643240931087,0.37,1,0,0,0,1000,0,0.0,0,17.75,0,0,0.0,0.0,0,37,[0. 0. 0. 0. 0.],2,0.0,80356.0587830362,237.22216082003717,338.73757200954077,338.73757200954077,4.831445428973614,idle,147.773775,1207.8613572434033,7.6168110227913495,5,18.0,0.38150560770787134,"[0.38150561 0.40181924 0.42213288 0.44234575 0.45630921 0.47027268
 0.48423615 0.49830343]",False
456,994.8117333333336,19.45090273722771,365.2625930349918,384.7134957722196,1379.525229105553,0,18,0.39,32.76870717010592,7.6168110227913495,591.0951,4831.445428973613,379.3103448275862,379.3103448275862,1137.6271,0.38819984570032184,0.39,1,0,0,0,1000,0,0.0,0,18.0,0,0,0.0,0.0,0,39,[0. 0. 0. 0. 0.],2,0.0,81194.84026515686,235.42835912555628,344.88130727638827,344.88130727638827,4.831445428973614,idle,147.773775,1207.8613572434033,7.622666654362023,5,18.25,0.4018192416037819,"[0.40181924 0.42213288 0.44234575 0.45630921 0.47027268 0.48423615
 0.49830343 0.51876273]",False
457,1012.5555333333335,21.935858742716768,382.5213694589107,404.4572282016275,1417.0127615349609,0,18,0.42000000000000004,33.031845763224666,7.622666654362023,591.0951,4831.445428973613,379.3103448275862,379.3103448275862,1161.1331,0.4145126287268903,0.42000000000000004,1,0,0,0,1000,0,0.0,0,18.25,0,0,0.0,0.0,0,42,[0. 0. 0. 0. 0.],2,0.0,84378.2233303962,238.18620585743935,354.2531903837402,354.2531903837402,4.831445428973614,idle,147.773775,1207.8613572434033,7.61713663754234,5,18.5,0.4221328754996925,"[0.42213288 0.44234575 0.45630921 0.47027268 0.48423615 0.49830343
 0.51876273 0.53922204]",False
458,1018.4701333333333,22.80808477362519,388.3936031576279,411.2016879312531,1429.6718212645865,0,18,0.43,33.118843656639825,7.61713663754234,591.0951,4831.445428973613,379.3103448275862,379.3103448275862,1168.8216,0.4350776196285723,0.43,1,0,0,0,1000,0,0.0,0,18.5,0,0,0.0,0.0,0,43,[0. 0. 0. 0. 0.],2,0.0,86117.7306220616,240.9440525893221,357.4179553161466,357.4179553161466,4.831445428973614,idle,147.773775,1207.8613572434033,7.604727703519337,5,18.75,0.4423457475983162,"[0.44234575 0.45630921 0.47027268 0.48423615 0.49830343 0.51876273
 0.53922204 0.55968135]",False
459,1024.3847333333335,23.69869408316147,394.3328739565332,418.03156803969466,1442.416301373028,0,18,0.44,33.205488659091465,7.604727703519337,591.0951,4831.445428973613,379.3103448275862,379.3103448275862,1176.4022,0.4498948184053676,0.44,1,0,0,0,1000,0,0.0,0,18.75,0,0,0.0,0.0,0,44,[0. 0. 0. 0. 0.],2,0.0,87879.89806411859,243.70189932120485,360.604075343257,360.604075343257,4.831445428973614,idle,147.773775,1207.8613572434033,7.628717338988419,5,19.0,0.4563092135499923,"[0.45630921 0.47027268 0.48423615 0.49830343 0.51876273 0.53922204
 0.55968135 0.58020741]",False
460,1036.2139333333334,25.62172547106746,406.2719787785003,431.89370424956775,1468.1076375829011,0,18,0.45999999999999996,33.37773081087316,7.628717338988419,591.0951,4831.445428973613,379.3103448275862,379.3103448275862,1192.0012,0.45896422505727574,0.45999999999999996,1,0,0,0,1000,0,0.0,0,19.0,0,0,0.0,0.0,0,46,[0. 0. 0. 0. 0.],2,0.0,90452.3380450643,246.44606629520823,367.0269093957253,367.0269093957253,4.831445428973614,idle,147.773775,1207.8613572434033,7.6255776099219945,5,19.25,0.4702726795016684,"[0.47027268 0.48423615 0.49830343 0.51876273 0.53922204 0.55968135
 0.58020741 0.60481425]",False
461,1036.2139333333334,25.617728359894457,406.27853703680955,431.89626539670405,1468.1101987300374,0,18,0.45999999999999996,33.37773081087316,7.6255776099219945,591.0951,4831.445428973613,379.3103448275862,379.3103448275862,1191.1137,0.46232535091587423,0.45999999999999996,1,0,0,0,1000,0,0.0,0,19.25,0,0,0.0,0.0,0,46,[0. 0. 0. 0. 0.],2,0.0,91148.2797810675,248.34179303410247,367.02754968250935,367.02754968250935,4.831445428973614,idle,147.773775,1207.8613572434033,7.619246864591796,5,19.5,0.4842361454533462,"[0.48423615 0.49830343 0.51876273 0.53922204 0.55968135 0.58020741
 0.60481425 0.62942108]",False
462,1036.2139333333334,25.609671373073404,406.2917540691488,431.9014254422222,1468.1153587755557,0,18,0.45999999999999996,33.37773081087316,7.619246864591796,591.0951,4831.445428973613,379.3103448275862,379.3103448275862,1190.1908,0.46232189206393903,0.45999999999999996,1,0,0,0,1000,0,0.0,0,19.5,0,0,0.0,0.0,0,46,[0. 0. 0. 0. 0.],2,0.0,91844.38653015957,250.2375197729967,367.0288396938889,367.0288396938889,4.831445428973614,idle,147.773775,1207.8613572434033,7.597096375432401,5,19.75,0.49830342622600426,"[0.49830343 0.51876273 0.53922204 0.55968135 0.58020741 0.60481425
 0.62942108 0.65402791]",False
463,1036.2139333333334,25.58150755730537,406.3379292122642,431.9194367695696,1468.133370102903,0,18,0.45999999999999996,33.37773081087316,7.597096375432401,591.0951,4831.445428973613,379.3103448275862,379.3103448275862,1189.0921,0.4589538485014697,0.45999999999999996,1,0,0,0,1000,0,0.0,0,19.75,0,0,0.0,0.0,0,46,[0. 0. 0. 0. 0.],2,0.0,92541.3082291222,252.13324651189117,367.03334252572574,367.03334252572574,4.831445428973614,idle,147.773775,1207.8613572434033,7.605699410988537,5,20.0,0.5187627338333752,"[0.51876273 0.53922204 0.55968135 0.58020741 0.60481425 0.62942108
 0.65402791 0.67851123]",False
464,1036.2139333333334,25.592441203435207,406.3200080956344,431.9124492990696,1468.126382632403,0,18,0.45999999999999996,33.37773081087316,7.605699410988537,591.0951,4831.445428973613,379.3103448275862,379.3103448275862,1188.3107,0.4522212202284667,0.45999999999999996,1,0,0,0,1000,0,0.0,0,20.0,0,0,0.0,0.0,0,46,[0. 0. 0. 0. 0.],2,0.0,93241.83242943122,254.0430674973507,367.03159565810074,367.03159565810074,4.831445428973614,idle,147.773775,1207.8613572434033,7.5957167632071325,5,20.25,0.5392220414407463,"[0.53922204 0.55968135 0.58020741 0.60481425 0.62942108 0.65402791
 0.67851123 0.69549858]",False
465,1024.3847333333335,23.68808975256167,394.3509175265305,418.0390072790922,1442.4237406124257,0,18,0.44,33.205488659091465,7.5957167632071325,591.0951,4831.445428973613,379.3103448275862,379.3103448275862,1170.1703,0.442165558279901,0.44,1,0,0,0,1000,0,0.0,0,20.25,0,0,0.0,0.0,0,44,[0. 0. 0. 0. 0.],2,0.0,92611.06558120009,256.82069137846884,360.60593515310643,360.60593515310643,4.831445428973614,idle,147.773775,1207.8613572434033,7.596005961100587,5,20.5,0.5596813490481197,"[0.55968135 0.58020741 0.60481425 0.62942108 0.65402791 0.67851123
 0.69549858 0.71248593]",False
466,1018.4701333333333,22.78415680214485,388.4351090981178,411.21926590026266,1429.6893992335959,0,18,0.43,33.118843656639825,7.596005961100587,591.0951,4831.445428973613,379.3103448275862,379.3103448275862,1159.7692,0.4314335157046537,0.43,1,0,0,0,1000,0,0.0,0,20.5,0,0,0.0,0.0,0,43,[0. 0. 0. 0. 0.],2,0.0,92786.23984638313,259.59831525958697,357.42234980839896,357.42234980839896,4.831445428973614,idle,147.773775,1207.8613572434033,7.605793462833053,5,20.75,0.580207414771303,"[0.58020741 0.60481425 0.62942108 0.65402791 0.67851123 0.69549858
 0.71248593 0.72947328]",False
467,1012.5555333333335,21.917478276998096,382.55388076537616,404.4713590423742,1417.0268923757078,0,18,0.42000000000000004,33.031845763224666,7.605793462833053,591.0951,4831.445428973613,379.3103448275862,379.3103448275862,1149.4421,0.4200250925027249,0.42000000000000004,1,0,0,0,1000,0,0.0,0,20.75,0,0,0.0,0.0,0,42,[0. 0. 0. 0. 0.],2,0.0,92948.44041867791,262.37593914070544,354.25672309392695,354.25672309392695,4.831445428973614,idle,147.773775,1207.8613572434033,7.588956939637517,5,21.0,0.6048142478717053,"[0.60481425 0.62942108 0.65402791 0.67851123 0.69549858 0.71248593
 0.72947328 0.74598036]",False
468,1006.6409333333331,21.04849636028679,376.77620400150283,397.8247003617896,1404.4656336951227,0,18,0.41000000000000003,32.944492237126845,7.588956939637517,591.0951,4831.445428973613,379.3103448275862,379.3103448275862,1138.8306,0.4079402886741147,0.41000000000000003,1,0,0,0,1000,0,0.0,0,21.0,0,0,0.0,0.0,0,41,[0. 0. 0. 0. 0.],2,0.0,93102.94900395068,265.162626326423,351.1164084237807,351.1164084237807,4.831445428973614,idle,147.773775,1207.8613572434033,7.064745090792476,5,21.25,0.6294210809721106,"[0.62942108 0.65402791 0.67851123 0.69549858 0.71248593 0.72947328
 0.74598036 0.73354679]",False
469,994.8117333333336,18.9270095674011,366.2340735432168,385.1610831106179,1379.9728164439514,0,18,0.39,32.76870717010592,7.064745090792476,591.0951,4831.445428973613,379.3103448275862,379.3103448275862,1117.8772,0.3951462876306999,0.39,1,0,0,0,1000,0,0.0,0,21.25,0,0,0.0,0.0,0,39,[0. 0. 0. 0. 0.],2,0.0,92631.82485921418,268.5033321103148,344.99320411098785,344.99320411098785,4.831445428973614,idle,147.773775,1207.8613572434033,6.555127294536704,5,21.5,0.6540279140725125,"[0.65402791 0.67851123 0.69549858 0.71248593 0.72947328 0.74598036
 0.73354679 0.72111322]",False
470,988.8971333333333,17.72349799956667,361.3882588055923,379.1117568051589,1368.0088901384922,0,18,0.38,32.680269994622535,6.555127294536704,591.0951,4831.445428973613,379.3103448275862,379.3103448275862,1104.8672,0.37958518746589687,0.38,1,0,0,0,1000,0,0.0,0,21.5,0,0,0.0,0.0,0,38,[0. 0. 0. 0. 0.],2,0.0,92971.26514260507,271.84403789420696,342.00222253462306,342.00222253462306,4.831445428973614,idle,147.773775,1207.8613572434033,6.0052879861904005,5,21.75,0.6785112349816221,"[0.67851123 0.69549858 0.71248593 0.72947328 0.74598036 0.73354679
 0.72111322 0.70867965]",False
471,977.0679333333336,15.888532935362598,350.9660235667697,366.8545565021323,1343.9224898354657,0,18,0.36,32.50229204043178,6.0052879861904005,591.0951,4831.445428973613,379.3103448275862,379.3103448275862,1083.4338,0.3612569881797054,0.36,1,0,0,0,1000,0,0.0,0,21.75,0,0,0.0,0.0,0,36,[0. 0. 0. 0. 0.],2,0.0,92456.74147215122,275.1847436780987,335.98062245886643,335.98062245886643,4.831445428973614,idle,147.773775,1207.8613572434033,5.480839163159739,5,22.0,0.6954985836051073,"[0.69549858 0.71248593 0.72947328 0.74598036 0.73354679 0.72111322
 0.70867965 0.69641074]",False
472,965.2387333333335,14.241906794724294,340.5973301522782,354.83923694700246,1320.0779702803359,0,18,0.34,32.322823152716616,5.480839163159739,591.0951,4831.445428973613,379.3103448275862,379.3103448275862,1062.1409,0.34016168977212546,0.34,1,0,0,0,1000,0,0.0,0,22.0,0,0,0.0,0.0,0,34,[0. 0. 0. 0. 0.],2,0.0,91913.29359143319,278.50868103469435,330.01949257008397,330.01949257008397,4.831445428973614,idle,147.773775,1207.8613572434033,5.596702741343813,5,22.25,0.7124859322285902,"[0.71248593 0.72947328 0.74598036 0.73354679 0.72111322 0.70867965
 0.69641074 0.69399384]",False
473,953.4095333333332,13.144289898456014,329.5847593808912,342.72904927934724,1296.1385826126802,0,18,0.32,32.14183952119426,5.596702741343813,591.0951,4831.445428973613,379.3103448275862,379.3103448275862,1047.1862,0.3164505441962309,0.32,1,0,0,0,1000,0,0.0,0,22.25,0,0,0.0,0.0,0,32,[0. 0. 0. 0. 0.],2,0.0,90993.7696343502,280.81494017693785,324.03464565317006,324.03464565317006,4.831445428973614,idle,147.773775,1207.8613572434033,5.7198177165217245,5,22.5,0.7294732808520737,"[0.72947328 0.74598036 0.73354679 0.72111322 0.70867965 0.69641074
 0.69399384 0.69157694]",False
474,935.6657333333334,11.589123801573022,313.5269544864377,325.1160782880107,1260.781811621344,0,18,0.29,31.86747052860626,5.7198177165217245,591.0951,4831.445428973613,379.3103448275862,379.3103448275862,1023.993,0.2993598468311406,0.29,1,0,0,0,1000,0,0.0,0,22.5,0,0,0.0,0.0,0,28,[0. 0. 0. 0. 0.],2,0.0,89238.51464651119,283.1211993191811,315.195452905336,315.195452905336,4.831445428973614,idle,147.773775,1207.8613572434033,5.844338378634651,5,22.75,0.7459803565257016,"[0.74598036 0.73354679 0.72111322 0.70867965 0.69641074 0.69399384
 0.69157694 0.68916003]",False
475,935.6657333333334,11.658915271552344,313.38128687134747,325.0402021428998,1260.7059354762332,0,18,0.29,31.86747052860626,5.844338378634651,591.0951,4831.445428973613,379.3103448275862,379.3103448275862,1025.2569,0.2888895976768545,0.29,1,0,0,0,1000,0,0.0,0,22.75,0,0,0.0,0.0,0,28,[0. 0. 0. 0. 0.],2,0.0,89960.02275755342,285.42745846142435,315.1764838690583,315.1764838690583,4.831445428973614,idle,147.773775,1207.8613572434033,5.951825932781869,5,23.0,0.7335467887805163,"[0.73354679 0.72111322 0.70867965 0.69641074 0.69399384 0.69157694
 0.68916003 0.68666356]",False
476,929.7511333333333,11.205773633057714,308.05866323774245,319.2644368708002,1249.0155702041334,0,18,0.28,31.775230105092305,5.951825932781869,591.0951,4831.445428973613,379.3103448275862,379.3103448275862,1018.1131,0.28503979673337343,0.28,1,0,0,0,1000,0,0.0,0,23.0,0,0,0.0,0.0,0,28,[0. 0. 0. 0. 0.],2,0.0,89825.6133061936,287.66851414514525,312.25389255103335,312.25389255103335,4.831445428973614,idle,147.773775,1207.8613572434033,5.570203081809395,5,23.25,0.7211132210353308,"[0.72111322 0.70867965 0.69641074 0.69399384 0.69157694 0.68916003
 0.68666356 0.67943946]",False
477,935.6657333333334,11.50600241147622,313.6986197185447,325.20462213002094,1260.8703554633544,0,18,0.29,31.86747052860626,5.570203081809395,591.0951,4831.445428973613,379.3103448275862,379.3103448275862,1021.8708,0.2877558128775819,0.29,1,0,0,0,1000,0,0.0,0,23.25,0,0,0.0,0.0,0,28,[0. 0. 0. 0. 0.],2,0.0,90146.08099096648,285.9804914926052,315.2175888658386,315.2175888658386,4.831445428973614,idle,147.773775,1207.8613572434033,5.187379288580295,5,23.5,0.7086796532901455,"[0.70867965 0.69641074 0.69399384 0.69157694 0.68916003 0.68666356
 0.67943946 0.67221536]",False
478,935.6657333333334,11.29690524740473,314.1210957359208,325.4180009833255,1261.0837343166588,0,18,0.29,31.86747052860626,5.187379288580295,591.0951,4831.445428973613,379.3103448275862,379.3103448275862,1017.3982,0.2936564945613577,0.29,1,0,0,0,1000,0,0.0,0,23.5,0,0,0.0,0.0,0,28,[0. 0. 0. 0. 0.],2,0.0,89629.15206073294,284.29246884006517,315.2709335791647,315.2709335791647,4.831445428973614,idle,147.773775,1207.8613572434033,4.808824018528782,5,23.75,0.6964107430395816,"[0.69641074 0.69399384 0.69157694 0.68916003 0.68666356 0.67943946
 0.67221536 0.66499126]",False
479,947.4949333333334,0.0,325.1135225897714,325.1135225897714,1272.6084559231047,0,18,0.31,32.050772090408614,4.808824018528782,591.0951,4831.445428973613,379.3103448275862,379.3103448275862,1029.3019,0.3027418417847011,0.31,1,0,0,0,1000,0,0.0,0,23.75,0,0,0.0,0.0,0,31,[0. 0. 0. 0. 0.],2,0.0,89911.20197492762,282.6044461875251,318.15211398077616,318.15211398077616,4.831445428973614,idle,147.773775,1207.8613572434033,4.440470540674408,6,0.0,0.6939938395505633,"[0.69399384 0.69157694 0.68916003 0.68666356 0.67943946 0.67221536
 0.66499126 0.65760205]",False
480,953.4095333333332,0.0,330.8746668414722,330.8746668414722,1284.2842001748054,0,18,0.32,32.14183952119426,4.440470540674408,591.0951,4831.445428973613,379.3103448275862,379.3103448275862,1033.1063,0.3150118545476117,0.32,1,0,0,0,1000,0,0.0,0,0.0,0,0,0.0,0.0,0,32,[0. 0. 0. 0. 0.],2,0.0,90201.30844595237,280.9387779859784,321.07105004370135,321.07105004370135,4.831445428973614,idle,147.773775,1207.8613572434033,4.399669954977109,6,0.25,0.6915769360615449,"[0.69157694 0.68916003 0.68666356 0.67943946 0.67221536 0.66499126
 0.65760205 0.64047168]",False
481,959.3241333333333,0.0,336.35270026033334,336.35270026033334,1295.6768335936665,0,18,0.33,32.232522188729604,4.399669954977109,591.0951,4831.445428973613,379.3103448275862,379.3103448275862,1040.7894,0.33042428349870145,0.33,1,0,0,0,1000,0,0.0,0,0.25,0,0,0.0,0.0,0,33,[0. 0. 0. 0. 0.],2,0.0,90895.17997318914,280.61065110220073,323.91920839841663,323.91920839841663,4.831445428973614,idle,147.773775,1207.8613572434033,4.360332173490691,6,0.5,0.6891600325725261,"[0.68916003 0.68666356 0.67943946 0.67221536 0.66499126 0.65760205
 0.64047168 0.62334131]",False
482,965.2387333333335,0.0,341.8825442760994,341.8825442760994,1307.121277609433,0,18,0.34,32.322823152716616,4.360332173490691,591.0951,4831.445428973613,379.3103448275862,379.3103448275862,1048.4548,0.34653426003776294,0.34,1,0,0,0,1000,0,0.0,0,0.5,0,0,0.0,0.0,0,34,[0. 0. 0. 0. 0.],2,0.0,91590.8127869955,280.2825242184231,326.78031940235826,326.78031940235826,4.831445428973614,idle,147.773775,1207.8613572434033,4.316935427002024,6,0.75,0.6866635579107684,"[0.68666356 0.67943946 0.67221536 0.66499126 0.65760205 0.64047168
 0.62334131 0.60621094]",False
483,982.9825333333334,0.0,358.712578308193,358.712578308193,1341.6951116415264,0,18,0.37,32.5914659165071,4.316935427002024,591.0951,4831.445428973613,379.3103448275862,379.3103448275862,1071.9621,0.3633417841647961,0.37,1,0,0,0,1000,0,0.0,0,0.75,0,0,0.0,0.0,0,37,[0. 0. 0. 0. 0.],2,0.0,93903.36159661082,279.95439733464536,335.4237779103816,335.4237779103816,4.831445428973614,idle,147.773775,1207.8613572434033,4.257412225293619,6,1.0,0.6794394580548729,"[0.67943946 0.67221536 0.66499126 0.65760205 0.64047168 0.62334131
 0.60621094 0.58906499]",False
484,988.8971333333333,0.0,364.4794609887535,364.4794609887535,1353.3765943220867,0,18,0.38,32.680269994622535,4.257412225293619,591.0951,4831.445428973613,379.3103448275862,379.3103448275862,1079.2706,0.38084685587980094,0.38,1,0,0,0,1000,0,0.0,0,1.0,0,0,0.0,0.0,0,38,[0. 0. 0. 0. 0.],2,0.0,94606.25731604693,279.6154676028979,338.3441485805217,338.3441485805217,4.831445428973614,idle,147.773775,1207.8613572434033,4.157376067537047,6,1.25,0.672215358198977,"[0.67221536 0.66499126 0.65760205 0.64047168 0.62334131 0.60621094
 0.58906499 0.57100642]",False
485,994.8117333333336,0.0,370.3468096435189,370.3468096435189,1365.1585429768525,0,18,0.39,32.76870717010592,4.157376067537047,591.0951,4831.445428973613,379.3103448275862,379.3103448275862,1086.1474,0.3989758226805066,0.39,1,0,0,0,1000,0,0.0,0,1.25,0,0,0.0,0.0,0,39,[0. 0. 0. 0. 0.],2,0.0,95095.13516526874,278.6346996969455,341.2896357442131,341.2896357442131,4.831445428973614,idle,147.773775,1207.8613572434033,4.0813647452643,6,1.5,0.6649912583430815,"[0.66499126 0.65760205 0.64047168 0.62334131 0.60621094 0.58906499
 0.57100642 0.55294786]",False
486,1012.5555333333335,0.0,388.02785880336097,388.02785880336097,1400.5833921366943,0,18,0.42000000000000004,33.031845763224666,4.0813647452643,591.0951,4831.445428973613,379.3103448275862,379.3103448275862,1108.8539,0.41339191204399417,0.42000000000000004,1,0,0,0,1000,0,0.0,0,1.5,0,0,0.0,0.0,0,42,[0. 0. 0. 0. 0.],2,0.0,97219.37140697986,277.65393179099306,350.1458480341736,350.1458480341736,4.831445428973614,idle,147.773775,1207.8613572434033,3.991613288269206,6,1.75,0.6576020539584506,"[0.65760205 0.64047168 0.62334131 0.60621094 0.58906499 0.57100642
 0.55294786 0.53488929]",False
487,1012.5555333333335,0.0,388.1319982927688,388.1319982927688,1400.6875316261023,0,18,0.42000000000000004,33.031845763224666,3.991613288269206,591.0951,4831.445428973613,379.3103448275862,379.3103448275862,1107.9668,0.42409512397026433,0.42000000000000004,1,0,0,0,1000,0,0.0,0,1.75,0,0,0.0,0.0,0,42,[0. 0. 0. 0. 0.],2,0.0,96883.16274733041,276.67316388504065,350.1718829065256,350.1718829065256,4.831445428973614,idle,147.773775,1207.8613572434033,3.88855206749577,6,2.0,0.6404716823784283,"[0.64047168 0.62334131 0.60621094 0.58906499 0.57100642 0.55294786
 0.53488929 0.51684968]",False
488,1018.4701333333333,0.0,394.22718068381056,394.22718068381056,1412.6973140171438,0,18,0.43,33.118843656639825,3.88855206749577,591.0951,4831.445428973613,379.3103448275862,379.3103448275862,1114.6803,0.431085458459317,0.43,1,0,0,0,1000,0,0.0,0,2.0,0,0,0.0,0.0,0,43,[0. 0. 0. 0. 0.],2,0.0,97359.56037098575,275.6699808372517,353.17432850428594,353.17432850428594,4.831445428973614,idle,147.773775,1207.8613572434033,3.9045378524275107,6,2.25,0.6233413107984082,"[0.62334131 0.60621094 0.58906499 0.57100642 0.55294786 0.53488929
 0.51684968 0.4999134 ]",False
489,1018.4701333333333,0.0,394.2087633906657,394.2087633906657,1412.6788967239988,0,18,0.43,33.118843656639825,3.9045378524275107,591.0951,4831.445428973613,379.3103448275862,379.3103448275862,1114.8579,0.4343892037523872,0.43,1,0,0,0,1000,0,0.0,0,2.25,0,0,0.0,0.0,0,43,[0. 0. 0. 0. 0.],2,0.0,96536.93259884986,273.3443044211078,353.1697241809997,353.1697241809997,4.831445428973614,idle,147.773775,1207.8613572434033,3.900616587647975,6,2.5,0.606210939218388,"[0.60621094 0.58906499 0.57100642 0.55294786 0.53488929 0.51684968
 0.4999134  0.48297711]",False
490,1018.4701333333333,0.0,394.2132864910958,394.2132864910958,1412.6834198244292,0,18,0.43,33.118843656639825,3.900616587647975,591.0951,4831.445428973613,379.3103448275862,379.3103448275862,1114.8143,0.4354636831677604,0.43,1,0,0,0,1000,0,0.0,0,2.5,0,0,0.0,0.0,0,43,[0. 0. 0. 0. 0.],2,0.0,95715.88056154439,271.0186280049641,353.1708549561073,353.1708549561073,4.831445428973614,idle,147.773775,1207.8613572434033,3.893862686112406,6,2.75,0.589064991740741,"[0.58906499 0.57100642 0.55294786 0.53488929 0.51684968 0.4999134
 0.48297711 0.46604083]",False
491,1018.4701333333333,0.0,394.22106876092874,394.22106876092874,1412.691202094262,0,18,0.43,33.118843656639825,3.893862686112406,591.0951,4831.445428973613,379.3103448275862,379.3103448275862,1114.7393,0.4343088967054365,0.43,1,0,0,0,1000,0,0.0,0,2.75,0,0,0.0,0.0,0,43,[0. 0. 0. 0. 0.],2,0.0,94895.04219356654,268.69295158882045,353.1728005235655,353.1728005235655,4.831445428973614,idle,147.773775,1207.8613572434033,3.907965930136717,6,3.0,0.571006423812341,"[0.57100642 0.55294786 0.53488929 0.51684968 0.4999134  0.48297711
 0.46604083 0.44960621]",False
492,1018.4701333333333,0.0,394.2048062993744,394.2048062993744,1412.6749396327077,0,18,0.43,33.118843656639825,3.907965930136717,591.0951,4831.445428973613,379.3103448275862,379.3103448275862,1114.896,0.43092484436541534,0.43,1,0,0,0,1000,0,0.0,0,3.0,0,0,0.0,0.0,0,43,[0. 0. 0. 0. 0.],2,0.0,94071.84677040654,266.3651605368324,353.16873490817693,353.16873490817693,4.831445428973614,idle,147.773775,1207.8613572434033,3.894732512567164,6,3.25,0.5529478558839428,"[0.55294786 0.53488929 0.51684968 0.4999134  0.48297711 0.46604083
 0.44960621 0.46216393]",False
493,1018.4701333333333,0.0,394.22006707579743,394.22006707579743,1412.6902004091307,0,18,0.43,33.118843656639825,3.894732512567164,591.0951,4831.445428973613,379.3103448275862,379.3103448275862,1114.749,0.4252729535563554,0.43,1,0,0,0,1000,0,0.0,0,3.25,0,0,0.0,0.0,0,43,[0. 0. 0. 0. 0.],2,0.0,93206.9928836881,263.9134690866952,353.1725501022827,353.1725501022827,4.831445428973614,idle,147.773775,1207.8613572434033,3.875394650096586,6,3.5,0.5348892879555445,"[0.53488929 0.51684968 0.4999134  0.48297711 0.46604083 0.44960621
 0.46216393 0.47472165]",False
494,1012.5555333333335,0.0,388.26417684429015,388.26417684429015,1400.8197101776236,0,18,0.42000000000000004,33.031845763224666,3.875394650096586,591.0951,4831.445428973613,379.3103448275862,379.3103448275862,1106.7842,0.4150845980889694,0.42000000000000004,1,0,0,0,1000,0,0.0,0,3.5,0,0,0.0,0.0,0,42,[0. 0. 0. 0. 0.],2,0.0,91565.20289284246,261.4617776365583,350.2049275444059,350.2049275444059,4.831445428973614,idle,147.773775,1207.8613572434033,3.884905907780803,6,3.75,0.5168496809835326,"[0.51684968 0.4999134  0.48297711 0.46604083 0.44960621 0.46216393
 0.47472165 0.48727936]",False
495,1006.6409333333331,0.0,382.32963712560803,382.32963712560803,1388.9705704589412,0,18,0.41000000000000003,32.944492237126845,3.884905907780803,591.0951,4831.445428973613,379.3103448275862,379.3103448275862,1099.1082,0.4003597779632567,0.41000000000000003,1,0,0,0,1000,0,0.0,0,3.75,0,0,0.0,0.0,0,41,[0. 0. 0. 0. 0.],2,0.0,89939.3467912433,259.01008618642135,347.2426426147353,347.2426426147353,4.831445428973614,idle,147.773775,1207.8613572434033,3.885539603579725,6,4.0,0.4999133966900007,"[0.4999134  0.48297711 0.46604083 0.44960621 0.46216393 0.47472165
 0.48727936 0.49950881]",False
496,988.8971333333333,0.0,364.87951666019626,364.87951666019626,1353.7766499935296,0,18,0.38,32.680269994622535,3.885539603579725,591.0951,4831.445428973613,379.3103448275862,379.3103448275862,1075.618,0.38109849317921796,0.38,1,0,0,0,1000,0,0.0,0,4.0,0,0,0.0,0.0,0,38,[0. 0. 0. 0. 0.],2,0.0,86831.56226233444,256.5609689390032,338.4441624983824,338.4441624983824,4.831445428973614,idle,147.773775,1207.8613572434033,3.9118272879978777,6,4.25,0.482977112396469,"[0.48297711 0.46604083 0.44960621 0.46216393 0.47472165 0.48727936
 0.49950881 0.49289555]",False
497,977.0679333333336,0.0,353.4863816399038,353.4863816399038,1330.5543149732375,0,18,0.36,32.50229204043178,3.9118272879978777,591.0951,4831.445428973613,379.3103448275862,379.3103448275862,1062.8952,0.3573616295037233,0.36,1,0,0,0,1000,0,0.0,0,4.25,0,0,0.0,0.0,0,36,[0. 0. 0. 0. 0.],2,0.0,84577.23137703842,254.26164246061487,332.6385787433094,332.6385787433094,4.831445428973614,idle,147.773775,1207.8613572434033,3.9331759861056717,6,4.5,0.46604082810293546,"[0.46604083 0.44960621 0.46216393 0.47472165 0.48727936 0.49950881
 0.49289555 0.48628229]",False
498,959.3241333333333,0.0,336.81197070151586,336.81197070151586,1296.1361040348493,0,18,0.33,32.232522188729604,3.9331759861056717,591.0951,4831.445428973613,379.3103448275862,379.3103448275862,1041.9406,0.3327569204153315,0.33,1,0,0,0,1000,0,0.0,0,4.5,0,0,0.0,0.0,0,33,[0. 0. 0. 0. 0.],2,0.0,81644.36365020019,251.96231598222656,324.0340260087123,324.0340260087123,4.831445428973614,idle,147.773775,1207.8613572434033,3.9557668312886842,6,4.75,0.44960621118491045,"[0.44960621 0.46216393 0.47472165 0.48727936 0.49950881 0.49289555
 0.48628229 0.47966903]",False
499,947.4949333333334,0.0,325.949706873904,325.949706873904,1273.4446402072374,0,18,0.31,32.050772090408614,3.9557668312886842,591.0951,4831.445428973613,379.3103448275862,379.3103448275862,1028.8407,0.3072843659140424,0.31,1,0,0,0,1000,0,0.0,0,4.75,0,0,0.0,0.0,0,31,[0. 0. 0. 0. 0.],2,0.0,79482.99896044456,249.662989503838,318.36116005180935,318.36116005180935,4.831445428973614,idle,147.773775,1207.8613572434033,3.9768520407500403,6,5.0,0.4621639282968885,"[0.46216393 0.47472165 0.48727936 0.49950881 0.49289555 0.48628229
 0.47966903 0.47301612]",False
500,929.7511333333333,0.0,310.0559627989907,310.0559627989907,1239.807096132324,0,18,0.28,31.775230105092305,3.9768520407500403,591.0951,4831.445428973613,379.3103448275862,379.3103448275862,1007.2807,0.2809439659998561,0.28,1,0,0,0,1000,0,0.0,0,5.0,0,0,0.0,0.0,0,28,[0. 0. 0. 0. 0.],2,0.0,76691.9163929999,247.43177106259964,309.951774033081,309.951774033081,4.831445428973614,idle,147.773775,1207.8613572434033,4.045528803959007,6,5.25,0.47472164540886796,"[0.47472165 0.48727936 0.49950881 0.49289555 0.48628229 0.47966903
 0.47301612 0.4641025 ]",False
501,917.9219333333335,0.0,299.6710993107461,299.6710993107461,1217.5930326440798,0,18,0.26,31.589553974748874,4.045528803959007,591.0951,4831.445428973613,379.3103448275862,379.3103448275862,988.1649,0.253871635255695,0.26,1,0,0,0,1000,0,0.0,0,5.25,0,0,0.0,0.0,0,26,[0. 0. 0. 0. 0.],2,0.0,75836.76189237552,249.1366486475082,304.39825816101995,304.39825816101995,4.831445428973614,idle,147.773775,1207.8613572434033,4.116671913249782,6,5.5,0.4872793625208462,"[0.48727936 0.49950881 0.49289555 0.48628229 0.47966903 0.47301612
 0.4641025  0.45518888]",False
502,900.1781333333333,0.0,284.50379235693435,284.50379235693435,1184.6819256902677,0,18,0.23,31.30800248252507,4.116671913249782,591.0951,4831.445428973613,379.3103448275862,379.3103448275862,960.5358,0.23391236563963763,0.23,1,0,0,0,1000,0,0.0,0,5.5,0,0,0.0,0.0,0,23,[0. 0. 0. 0. 0.],2,0.0,74291.85558502638,250.84152623241695,296.1704814225669,296.1704814225669,4.831445428973614,idle,147.773775,1207.8613572434033,4.187496314742656,6,5.75,0.49950880950162885,"[0.49950881 0.49289555 0.48628229 0.47966903 0.47301612 0.4641025
 0.45518888 0.44627526]",False
503,894.2635333333332,0.0,279.5130914761168,279.5130914761168,1173.77662480945,0,18,0.22,31.213328687378628,4.187496314742656,591.0951,4831.445428973613,379.3103448275862,379.3103448275862,949.5506,0.22106615715168312,0.22,1,0,0,0,1000,0,0.0,0,5.75,0,0,0.0,0.0,0,22,[0. 0. 0. 0. 0.],2,0.0,74108.2663701162,252.54640381732554,293.4441562023625,293.4441562023625,4.831445428973614,idle,147.773775,1207.8613572434033,4.254125988542235,6,6.0,0.49289555095184023,"[0.49289555 0.48628229 0.47966903 0.47301612 0.4641025  0.45518888
 0.44627526 0.43757211]",False
504,894.2635333333332,0.0,279.46153741149794,279.46153741149794,1173.725070744831,0,18,0.22,31.213328687378628,4.254125988542235,591.0951,4831.445428973613,379.3103448275862,379.3103448275862,946.9992,0.21533300979183148,0.22,1,0,0,0,1000,0,0.0,0,6.0,0,0,0.0,0.0,0,22,[0. 0. 0. 0. 0.],2,0.0,74592.19844714108,254.20671435366313,293.4312676862078,293.4312676862078,4.831445428973614,idle,147.773775,1207.8613572434033,4.323619439233103,6,6.25,0.486282292402051,"[0.48628229 0.47966903 0.47301612 0.4641025  0.45518888 0.44627526
 0.43757211 0.44078828]",False
505,894.2635333333332,0.0,279.40708873162725,279.40708873162725,1173.6706220649605,0,18,0.22,31.213328687378628,4.323619439233103,591.0951,4831.445428973613,379.3103448275862,379.3103448275862,947.685,0.21664801198479083,0.22,1,0,0,0,1000,0,0.0,0,6.25,0,0,0.0,0.0,0,22,[0. 0. 0. 0. 0.],2,0.0,74325.29660599583,253.3088763020331,293.41765551624013,293.41765551624013,4.831445428973614,idle,147.773775,1207.8613572434033,4.373332319382612,6,6.5,0.47966903385226245,"[0.47966903 0.47301612 0.4641025  0.45518888 0.44627526 0.43757211
 0.44078828 0.44400445]",False
506,894.2635333333332,0.0,279.36771350152736,279.36771350152736,1173.6312468348606,0,18,0.22,31.213328687378628,4.373332319382612,591.0951,4831.445428973613,379.3103448275862,379.3103448275862,948.1511,0.22122561262024937,0.22,1,0,0,0,1000,0,0.0,0,6.5,0,0,0.0,0.0,0,22,[0. 0. 0. 0. 0.],2,0.0,74059.37038417553,252.41103825040298,293.40781170871514,293.40781170871514,4.831445428973614,idle,147.773775,1207.8613572434033,4.455252461649504,6,6.75,0.4730161229504524,"[0.47301612 0.4641025  0.45518888 0.44627526 0.43757211 0.44078828
 0.44400445 0.44722061]",False
507,900.1781333333333,0.0,284.23225220756416,284.23225220756416,1184.4103855408976,0,18,0.23,31.30800248252507,4.455252461649504,591.0951,4831.445428973613,379.3103448275862,379.3103448275862,957.4087,0.22906581169820717,0.23,1,0,0,0,1000,0,0.0,0,6.75,0,0,0.0,0.0,0,23,[0. 0. 0. 0. 0.],2,0.0,74473.7116040134,251.51320019877295,296.1025963852244,296.1025963852244,4.831445428973614,idle,147.773775,1207.8613572434033,4.534922842572541,6,7.0,0.46410250278670445,"[0.4641025  0.45518888 0.44627526 0.43757211 0.44078828 0.44400445
 0.44722061 0.45042246]",False
508,906.0927333333335,0.0,289.1440443732297,289.1440443732297,1195.2367777065633,0,18,0.24000000000000002,31.402262378208444,4.534922842572541,591.0951,4831.445428973613,379.3103448275862,379.3103448275862,966.5978,0.24016860921866456,0.24000000000000002,1,0,0,0,1000,0,0.0,0,7.0,0,0,0.0,0.0,0,24,[0. 0. 0. 0. 0.],2,0.0,74884.56588394118,250.6099788114978,298.80919442664083,298.80919442664083,4.831445428973614,idle,147.773775,1207.8613572434033,4.659068444428339,6,7.25,0.45518888262295754,"[0.45518888 0.44627526 0.43757211 0.44078828 0.44400445 0.44722061
 0.45042246 0.45281865]",False
509,917.9219333333335,0.0,299.13682683127394,299.13682683127394,1217.0587601646075,0,18,0.26,31.589553974748874,4.659068444428339,591.0951,4831.445428973613,379.3103448275862,379.3103448275862,984.1128,0.2544505079335618,0.26,1,0,0,0,1000,0,0.0,0,7.25,0,0,0.0,0.0,0,26,[0. 0. 0. 0. 0.],2,0.0,75883.56379380898,249.39983598999183,304.2646900411519,304.2646900411519,4.831445428973614,idle,147.773775,1207.8613572434033,4.786470068145298,6,7.5,0.4462752624592108,"[0.44627526 0.43757211 0.44078828 0.44400445 0.44722061 0.45042246
 0.45281865 0.45521483]",False
510,923.8365333333334,0.0,304.141085870854,304.141085870854,1227.9776192041872,0,18,0.27,31.68259233236925,4.786470068145298,591.0951,4831.445428973613,379.3103448275862,379.3103448275862,993.2677,0.26723628733908533,0.27,1,0,0,0,1000,0,0.0,0,7.5,0,0,0.0,0.0,0,27,[0. 0. 0. 0. 0.],2,0.0,76192.84713201379,248.189693168486,306.9944048010468,306.9944048010468,4.831445428973614,idle,147.773775,1207.8613572434033,4.914238012322256,6,7.75,0.43757211348665404,"[0.43757211 0.44078828 0.44400445 0.44722061 0.45042246 0.45281865
 0.45521483 0.45761102]",False
511,929.7511333333333,0.0,309.18711227069593,309.18711227069593,1238.9382456040291,0,18,0.28,31.775230105092305,4.914238012322256,591.0951,4831.445428973613,379.3103448275862,379.3103448275862,1002.391,0.2785259474352352,0.28,1,0,0,0,1000,0,0.0,0,7.75,0,0,0.0,0.0,0,28,[0. 0. 0. 0. 0.],2,0.0,76498.1027017399,246.9795503469802,309.7345614010073,309.7345614010073,4.831445428973614,idle,147.773775,1207.8613572434033,5.033387095875897,6,8.0,0.44078828039412177,"[0.44078828 0.44400445 0.44722061 0.45042246 0.45281865 0.45521483
 0.45761102 0.46042342]",False
512,935.6657333333334,11.214224087468946,314.2842036686163,325.4984277560852,1261.1641610894187,0,18,0.29,31.86747052860626,5.033387095875897,591.0951,4831.445428973613,379.3103448275862,379.3103448275862,1011.3871,0.28831948822201103,0.29,1,0,0,0,1000,0,0.0,0,8.0,0,0,0.0,0.0,0,28,[0. 0. 0. 0. 0.],2,0.0,77497.90137756191,245.79798179681123,315.2910402723547,315.2910402723547,4.831445428973614,idle,147.773775,1207.8613572434033,5.25301203265919,6,8.25,0.4440044473015893,"[0.44400445 0.44722061 0.45042246 0.45281865 0.45521483 0.45761102
 0.46042342 0.48649543]",False
513,935.6657333333334,11.332391701738077,314.0503833798165,325.38277508155454,1261.0485084148881,0,18,0.29,31.86747052860626,5.25301203265919,591.0951,4831.445428973613,379.3103448275862,379.3103448275862,1013.5489,0.29666587224615193,0.29,1,0,0,0,1000,0,0.0,0,8.25,0,0,0.0,0.0,0,28,[0. 0. 0. 0. 0.],2,0.0,77628.44986276733,246.23461934971775,315.26212710372204,315.26212710372204,4.831445428973614,idle,147.773775,1207.8613572434033,5.483356856010496,6,8.5,0.4472206142090574,"[0.44722061 0.45042246 0.45281865 0.45521483 0.45761102 0.46042342
 0.48649543 0.51256744]",False
514,947.4949333333334,12.516270400519256,324.36237320577777,336.87864360629703,1284.3735769396303,0,18,0.31,32.050772090408614,5.483356856010496,591.0951,4831.445428973613,379.3103448275862,379.3103448275862,1032.1586,0.3063159486588468,0.31,1,0,0,0,1000,0,0.0,0,8.5,0,0,0.0,0.0,0,31,[0. 0. 0. 0. 0.],2,0.0,79204.51113905449,246.67125690262424,321.0933942349076,321.0933942349076,4.831445428973614,idle,147.773775,1207.8613572434033,5.710460006900072,6,8.75,0.45042245954282495,"[0.45042246 0.45281865 0.45521483 0.45761102 0.46042342 0.48649543
 0.51256744 0.53863945]",False
515,953.4095333333332,13.216436403889107,329.4450911297893,342.6615275336784,1296.0710608670115,0,18,0.32,32.14183952119426,5.710460006900072,591.0951,4831.445428973613,379.3103448275862,379.3103448275862,1042.5159,0.31726971746009575,0.32,1,0,0,0,1000,0,0.0,0,8.75,0,0,0.0,0.0,0,32,[0. 0. 0. 0. 0.],2,0.0,80067.34772889833,247.1078944555308,324.0177652167529,324.0177652167529,4.831445428973614,idle,147.773775,1207.8613572434033,5.9627401651274825,6,9.0,0.45281864615217704,"[0.45281865 0.45521483 0.45761102 0.46042342 0.48649543 0.51256744
 0.53863945 0.56441983]",False
516,959.3241333333333,13.967413014800243,334.52471623517545,348.4921292499757,1307.816262583309,0,18,0.33,32.232522188729604,5.9627401651274825,591.0951,4831.445428973613,379.3103448275862,379.3103448275862,1053.1101,0.32952717864989867,0.33,1,0,0,0,1000,0,0.0,0,9.0,0,0,0.0,0.0,0,33,[0. 0. 0. 0. 0.],2,0.0,80935.0554571665,247.54258766379536,326.95406564582726,326.95406564582726,4.831445428973614,idle,147.773775,1207.8613572434033,6.654124882415232,6,9.25,0.45521483276152896,"[0.45521483 0.45761102 0.46042342 0.48649543 0.51256744 0.53863945
 0.56441983 0.57401007]",False
517,965.2387333333335,15.074796594780912,339.00487360092154,354.0796701957025,1319.3184035290358,0,18,0.34,32.322823152716616,6.654124882415232,591.0951,4831.445428973613,379.3103448275862,379.3103448275862,1067.9698,0.34300562588559413,0.34,1,0,0,0,1000,0,0.0,0,9.25,0,0,0.0,0.0,0,34,[0. 0. 0. 0. 0.],2,0.0,81754.17117329093,247.86790195484957,329.82960088225894,329.82960088225894,4.831445428973614,idle,147.773775,1207.8613572434033,7.338571815082473,6,9.5,0.45761101937088133,"[0.45761102 0.46042342 0.48649543 0.51256744 0.53863945 0.56441983
 0.57401007 0.58360032]",False
518,977.0679333333336,16.959375125781445,348.9267227703131,365.88609789609455,1342.954031229428,0,18,0.36,32.50229204043178,7.338571815082473,591.0951,4831.445428973613,379.3103448275862,379.3103448275862,1090.6958,0.35300114585445136,0.36,1,0,0,0,1000,0,0.0,0,9.5,0,0,0.0,0.0,0,36,[0. 0. 0. 0. 0.],2,0.0,83328.0200703084,248.19321624590376,335.738507807357,335.738507807357,4.831445428973614,idle,147.773775,1207.8613572434033,8.005894090301801,6,9.75,0.46042342475573306,"[0.46042342 0.48649543 0.51256744 0.53863945 0.56441983 0.57401007
 0.58360032 0.59319057]",False
519,977.0679333333336,17.53161734539802,347.78352962376226,365.31514696916025,1342.383080302494,0,18,0.36,32.50229204043178,8.005894090301801,591.0951,4831.445428973613,379.3103448275862,379.3103448275862,1097.244,0.35951373855647073,0.36,1,0,0,0,1000,0,0.0,0,9.75,0,0,0.0,0.0,0,36,[0. 0. 0. 0. 0.],2,0.0,83401.76763361276,248.518530536958,335.5957700756235,335.5957700756235,4.831445428973614,idle,147.773775,1207.8613572434033,8.665191350549717,6,10.0,0.48649543262072764,"[0.48649543 0.51256744 0.53863945 0.56441983 0.57401007 0.58360032
 0.59319057 0.60273493]",False
520,982.9825333333334,18.89000366192583,352.0853271702397,370.9753308321655,1353.957864165499,0,18,0.37,32.5914659165071,8.665191350549717,591.0951,4831.445428973613,379.3103448275862,379.3103448275862,1111.6237,0.3625434039916522,0.37,1,0,0,0,1000,0,0.0,0,10.0,0,0,0.0,0.0,0,37,[0. 0. 0. 0. 0.],2,0.0,84250.14727240978,248.90035207805136,338.4894660413747,338.4894660413747,4.831445428973614,idle,147.773775,1207.8613572434033,8.655066118688705,6,10.25,0.512567440485725,"[0.51256744 0.53863945 0.56441983 0.57401007 0.58360032 0.59319057
 0.60273493 0.60974857]",False
521,977.0679333333336,18.113266975180103,346.5950375523301,364.7083045275102,1341.7762378608438,0,18,0.36,32.50229204043178,8.655066118688705,591.0951,4831.445428973613,379.3103448275862,379.3103448275862,1101.1389,0.3620678043819381,0.36,1,0,0,0,1000,0,0.0,0,10.25,0,0,0.0,0.0,0,36,[0. 0. 0. 0. 0.],2,0.0,84679.48994431146,252.43997487781894,335.44405946521096,335.44405946521096,4.831445428973614,idle,147.773775,1207.8613572434033,8.657892940996106,6,10.5,0.5386394483507194,"[0.53863945 0.56441983 0.57401007 0.58360032 0.59319057 0.60273493
 0.60974857 0.61676221]",False
522,977.0679333333336,18.11585563079896,346.5896998101863,364.7055554409852,1341.7734887743188,0,18,0.36,32.50229204043178,8.657892940996106,591.0951,4831.445428973613,379.3103448275862,379.3103448275862,1098.7418,0.35684695690480833,0.36,1,0,0,0,1000,0,0.0,0,10.5,0,0,0.0,0.0,0,36,[0. 0. 0. 0. 0.],2,0.0,85866.65945772557,255.9795976775869,335.4433721935797,335.4433721935797,4.831445428973614,idle,147.773775,1207.8613572434033,8.63019682397252,6,10.75,0.5644198268902251,"[0.56441983 0.57401007 0.58360032 0.59319057 0.60273493 0.60974857
 0.61676221 0.62377586]",False
523,965.2387333333335,16.63070775756589,335.77235195803524,352.40305971560116,1317.6417930489345,0,18,0.34,32.322823152716616,8.63019682397252,591.0951,4831.445428973613,379.3103448275862,379.3103448275862,1080.0182,0.346880861560263,0.34,1,0,0,0,1000,0,0.0,0,10.75,0,0,0.0,0.0,0,34,[0. 0. 0. 0. 0.],2,0.0,85488.34275011077,259.51922047735445,329.4104482622336,329.4104482622336,4.831445428973614,idle,147.773775,1207.8613572434033,8.62967524255486,6,11.0,0.5740100741663188,"[0.57401007 0.58360032 0.59319057 0.60273493 0.60974857 0.61676221
 0.62377586 0.63071385]",False
524,959.3241333333333,15.935493684213158,330.41406427975807,346.3495579639712,1305.6736912973047,0,18,0.33,32.232522188729604,8.62967524255486,591.0951,4831.445428973613,379.3103448275862,379.3103448275862,1069.5881,0.3321695183483018,0.33,1,0,0,0,1000,0,0.0,0,11.0,0,0,0.0,0.0,0,33,[0. 0. 0. 0. 0.],2,0.0,85854.32898809022,263.0192507066178,326.41842282432617,326.41842282432617,4.831445428973614,idle,147.773775,1207.8613572434033,8.901583859563756,6,11.25,0.5836003214424114,"[0.58360032 0.59319057 0.60273493 0.60974857 0.61676221 0.62377586
 0.63071385 0.63350687]",False
525,953.4095333333332,15.475055528842732,324.6288269842666,340.1038825131093,1293.5134158464425,0,18,0.32,32.14183952119426,8.901583859563756,591.0951,4831.445428973613,379.3103448275862,379.3103448275862,1065.3363,0.31283369888560664,0.32,1,0,0,0,1000,0,0.0,0,11.25,0,0,0.0,0.0,0,32,[0. 0. 0. 0. 0.],2,0.0,85475.77225647333,264.3212546830529,323.3783539616106,323.3783539616106,4.831445428973614,idle,147.773775,1207.8613572434033,9.161189437081099,6,11.5,0.593190568718504,"[0.59319057 0.60273493 0.60974857 0.61676221 0.62377586 0.63071385
 0.63350687 0.63629989]",False
526,935.6657333333334,13.743855260715073,308.59440929513863,322.3382645558537,1258.003997889187,0,18,0.29,31.86747052860626,9.161189437081099,591.0951,4831.445428973613,379.3103448275862,379.3103448275862,1044.5847,0.295633818244011,0.29,1,0,0,0,1000,0,0.0,0,11.5,0,0,0.0,0.0,0,28,[0. 0. 0. 0. 0.],2,0.0,83538.78033149734,265.6232586594879,314.50099947229677,314.50099947229677,4.831445428973614,idle,147.773775,1207.8613572434033,9.444258052465422,6,11.75,0.602734931237134,"[0.60273493 0.60974857 0.61676221 0.62377586 0.63071385 0.63350687
 0.63629989 0.6390929 ]",False
527,929.7511333333333,13.332770320513292,303.0271148796358,316.3598852001491,1246.1110185334824,0,18,0.28,31.775230105092305,9.444258052465422,591.0951,4831.445428973613,379.3103448275862,379.3103448275862,1040.3181,0.28056987642351483,0.28,1,0,0,0,1000,0,0.0,0,11.75,0,0,0.0,0.0,0,28,[0. 0. 0. 0. 0.],2,0.0,83154.62772389177,266.9252626359228,311.5277546333706,311.5277546333706,4.831445428973614,idle,147.773775,1207.8613572434033,9.703611431702011,6,12.0,0.6097485729018297,"[0.60974857 0.61676221 0.62377586 0.63071385 0.63350687 0.63629989
 0.6390929  0.64186227]",False
528,923.8365333333334,12.913192368512675,297.55886753486277,310.47205990337545,1234.3085932367087,0,18,0.27,31.68259233236925,9.703611431702011,591.0951,4831.445428973613,379.3103448275862,379.3103448275862,1035.7329,0.2676418734241184,0.27,1,0,0,0,1000,0,0.0,0,12.0,0,0,0.0,0.0,0,27,[0. 0. 0. 0. 0.],2,0.0,82766.88275859517,268.2210371445501,308.5771483091772,308.5771483091772,4.831445428973614,idle,147.773775,1207.8613572434033,9.706316851025687,6,12.25,0.6167622145665258,"[0.61676221 0.62377586 0.63071385 0.63350687 0.63629989 0.6390929
 0.64186227 0.64334428]",False
529,917.9219333333335,12.337319093786467,292.5805286874184,304.91784778120484,1222.8397811145385,0,18,0.26,31.589553974748874,9.706316851025687,591.0951,4831.445428973613,379.3103448275862,379.3103448275862,1026.9668,0.25685299900759906,0.26,1,0,0,0,1000,0,0.0,0,12.25,0,0,0.0,0.0,0,26,[0. 0. 0. 0. 0.],2,0.0,82288.93419152625,269.17323254408774,305.7099452786346,305.7099452786346,4.831445428973614,idle,147.773775,1207.8613572434033,9.734445670967544,6,12.5,0.6237758562312214,"[0.62377586 0.63071385 0.63350687 0.63629989 0.6390929  0.64186227
 0.64334428 0.6448263 ]",False
530,906.0927333333335,11.258410804238057,282.7322612918402,293.99067209607824,1200.0834054294116,0,18,0.24000000000000002,31.402262378208444,9.734445670967544,591.0951,4831.445428973613,379.3103448275862,379.3103448275862,1010.0869,0.24832033023769154,0.24000000000000002,1,0,0,0,1000,0,0.0,0,12.5,0,0,0.0,0.0,0,24,[0. 0. 0. 0. 0.],2,0.0,81043.26086491579,270.1254279436254,300.0208513573529,300.0208513573529,4.831445428973614,idle,147.773775,1207.8613572434033,9.718167183202903,6,12.75,0.6307138542570919,"[0.63071385 0.63350687 0.63629989 0.6390929  0.64186227 0.64334428
 0.6448263  0.64630831]",False
531,906.0927333333335,11.248979800957088,282.7581434768143,294.0071232777714,1200.099856611105,0,18,0.24000000000000002,31.402262378208444,9.718167183202903,591.0951,4831.445428973613,379.3103448275862,379.3103448275862,1009.3979,0.2420438671143961,0.24000000000000002,1,0,0,0,1000,0,0.0,0,12.75,0,0,0.0,0.0,0,24,[0. 0. 0. 0. 0.],2,0.0,81330.05422615228,271.07762334316305,300.02496415277625,300.02496415277625,4.831445428973614,idle,147.773775,1207.8613572434033,9.71476825279497,6,13.0,0.6335068699592563,"[0.63350687 0.63629989 0.6390929  0.64186227 0.64334428 0.6448263
 0.64630831 0.64761396]",False
532,906.0927333333335,11.247011947245003,282.7635432833414,294.01055523058636,1200.10328856392,0,18,0.24000000000000002,31.402262378208444,9.71476825279497,591.0951,4831.445428973613,379.3103448275862,379.3103448275862,1008.8554,0.2380236096377125,0.24000000000000002,1,0,0,0,1000,0,0.0,0,13.0,0,0,0.0,0.0,0,24,[0. 0. 0. 0. 0.],2,0.0,81612.88886009925,272.0195491098427,300.02582214098,300.02582214098,4.831445428973614,idle,147.773775,1207.8613572434033,9.585647483747675,6,13.25,0.6362998856614211,"[0.63629989 0.6390929  0.64186227 0.64334428 0.6448263  0.64630831
 0.64761396 0.63937927]",False
533,900.1781333333333,10.657269653515971,278.1329073576451,288.79017701116106,1188.9683103444945,0,18,0.23,31.30800248252507,9.585647483747675,591.0951,4831.445428973613,379.3103448275862,379.3103448275862,998.7346,0.23628043887436762,0.23,1,0,0,0,1000,0,0.0,0,13.25,0,0,0.0,0.0,0,23,[0. 0. 0. 0. 0.],2,0.0,80968.36688715941,272.39873824290385,297.2420775861236,297.2420775861236,4.831445428973614,idle,147.773775,1207.8613572434033,9.454561293295578,6,13.5,0.639092901363586,"[0.6390929  0.64186227 0.64334428 0.6448263  0.64630831 0.64761396
 0.63937927 0.63114458]",False
534,906.0927333333335,11.097714428563878,283.172437070428,294.2701514989919,1200.3628848323253,0,18,0.24000000000000002,31.402262378208444,9.454561293295578,591.0951,4831.445428973613,379.3103448275862,379.3103448275862,1005.3857,0.23795477022478229,0.24000000000000002,1,0,0,0,1000,0,0.0,0,13.5,0,0,0.0,0.0,0,24,[0. 0. 0. 0. 0.],2,0.0,81858.12495589898,272.777927375965,300.09072120808133,300.09072120808133,4.831445428973614,idle,147.773775,1207.8613572434033,9.337239721525865,6,13.75,0.6418622711243237,"[0.64186227 0.64334428 0.6448263  0.64630831 0.64761396 0.63937927
 0.63114458 0.6229099 ]",False
535,906.0927333333335,11.031263457901922,283.3538854722166,294.38514893011853,1200.477882263452,0,18,0.24000000000000002,31.402262378208444,9.337239721525865,591.0951,4831.445428973613,379.3103448275862,379.3103448275862,1003.7929,0.24304660368895611,0.24000000000000002,1,0,0,0,1000,0,0.0,0,13.75,0,0,0.0,0.0,0,24,[0. 0. 0. 0. 0.],2,0.0,81979.7691879867,273.1571165090262,300.119470565863,300.119470565863,4.831445428973614,idle,147.773775,1207.8613572434033,9.221120526502297,6,14.0,0.6433442839980044,"[0.64334428 0.6448263  0.64630831 0.64761396 0.63937927 0.63114458
 0.6229099  0.61533258]",False
536,917.9219333333335,12.034315073144652,293.3708690535177,305.4051841266624,1223.3271174599959,0,18,0.26,31.589553974748874,9.221120526502297,591.0951,4831.445428973613,379.3103448275862,379.3103448275862,1018.902,0.25155593926688913,0.26,1,0,0,0,1000,0,0.0,0,14.0,0,0,0.0,0.0,0,26,[0. 0. 0. 0. 0.],2,0.0,83655.11327838982,273.5330953901639,305.83177936499897,305.83177936499897,4.831445428973614,idle,147.773775,1207.8613572434033,8.95390973485896,6,14.25,0.6448262968716854,"[0.6448263  0.64630831 0.64761396 0.63937927 0.63114458 0.6229099
 0.61533258 0.64308885]",False
537,923.8365333333334,12.427539044542714,298.7938376329953,311.221376677538,1235.0579100108712,0,18,0.27,31.68259233236925,8.95390973485896,591.0951,4831.445428973613,379.3103448275862,379.3103448275862,1024.2087,0.26342139848214097,0.27,1,0,0,0,1000,0,0.0,0,14.25,0,0,0.0,0.0,0,27,[0. 0. 0. 0. 0.],2,0.0,84519.42762126081,273.7342984039246,308.7644775027178,308.7644775027178,4.831445428973614,idle,147.773775,1207.8613572434033,8.671592870074063,6,14.5,0.6463083097453659,"[0.64630831 0.64761396 0.63937927 0.63114458 0.6229099  0.61533258
 0.64308885 0.67084512]",False
538,929.7511333333333,12.81860594392269,304.29855778344773,317.11716372737044,1246.8682970607035,0,18,0.28,31.775230105092305,8.671592870074063,591.0951,4831.445428973613,379.3103448275862,379.3103448275862,1029.3119,0.27536767700413717,0.28,1,0,0,0,1000,0,0.0,0,14.5,0,0,0.0,0.0,0,28,[0. 0. 0. 0. 0.],2,0.0,85390.37303928481,273.9355014176853,311.7170742651759,311.7170742651759,4.831445428973614,idle,147.773775,1207.8613572434033,8.421177962831116,6,14.75,0.6476139578596392,"[0.64761396 0.63937927 0.63114458 0.6229099  0.61533258 0.64308885
 0.67084512 0.69860139]",False
539,929.7511333333333,12.657651243992827,304.6918080623657,317.34945930635854,1247.100592639692,0,18,0.28,31.775230105092305,8.421177962831116,591.0951,4831.445428973613,379.3103448275862,379.3103448275862,1026.5172,0.2873947748328777,0.28,1,0,0,0,1000,0,0.0,0,14.75,0,0,0.0,0.0,0,28,[0. 0. 0. 0. 0.],2,0.0,85469.01164018709,274.136704431446,311.775148159923,311.775148159923,4.831445428973614,idle,147.773775,1207.8613572434033,8.132520737144587,6,15.0,0.6393792707810649,"[0.63937927 0.63114458 0.6229099  0.61533258 0.64308885 0.67084512
 0.69860139 0.72575487]",False
540,935.6657333333334,13.047500133287981,310.2618601366998,323.3093602699878,1258.975093603321,0,18,0.29,31.86747052860626,8.132520737144587,591.0951,4831.445428973613,379.3103448275862,379.3103448275862,1031.5148,0.2995026919683625,0.29,1,0,0,0,1000,0,0.0,0,15.0,0,0,0.0,0.0,0,28,[0. 0. 0. 0. 0.],2,0.0,86338.6119927234,274.3139635768745,314.74377340083026,314.74377340083026,4.831445428973614,idle,147.773775,1207.8613572434033,8.122086484425779,6,15.25,0.6311445837024919,"[0.63114458 0.6229099  0.61533258 0.64308885 0.67084512 0.69860139
 0.72575487 0.72071349]",False
541,947.4949333333334,14.244982240168369,320.68397171123866,334.92895395140704,1282.4238872847404,0,18,0.31,32.050772090408614,8.122086484425779,591.0951,4831.445428973613,379.3103448275862,379.3103448275862,1047.7277,0.31167972518539294,0.31,1,0,0,0,1000,0,0.0,0,15.25,0,0,0.0,0.0,0,31,[0. 0. 0. 0. 0.],2,0.0,87588.26746721331,273.1959949768647,320.6059718211851,320.6059718211851,4.831445428973614,idle,147.773775,1207.8613572434033,8.123801522574732,6,15.5,0.6229098966239185,"[0.6229099  0.61533258 0.64308885 0.67084512 0.69860139 0.72575487
 0.72071349 0.71567211]",False
542,953.4095333333332,14.879799643390642,325.9589139590373,340.83871360242796,1294.2482469357612,0,18,0.32,32.14183952119426,8.123801522574732,591.0951,4831.445428973613,379.3103448275862,379.3103448275862,1055.8592,0.32326889415931903,0.32,1,0,0,0,1000,0,0.0,0,15.5,0,0,0.0,0.0,0,32,[0. 0. 0. 0. 0.],2,0.0,88034.12716699662,272.07802637685506,323.5620617339403,323.5620617339403,4.831445428973614,idle,147.773775,1207.8613572434033,8.12470480795751,6,15.75,0.6153325786179096,"[0.61533258 0.64308885 0.67084512 0.69860139 0.72575487 0.72071349
 0.71567211 0.71063074]",False
543,959.3241333333333,15.535698827838395,331.285227644997,346.8209264728354,1306.1450598061688,0,18,0.33,32.232522188729604,8.12470480795751,591.0951,4831.445428973613,379.3103448275862,379.3103448275862,1063.9475,0.33427019889014065,0.33,1,0,0,0,1000,0,0.0,0,15.75,0,0,0.0,0.0,0,33,[0. 0. 0. 0. 0.],2,0.0,88478.28521750515,270.96005777684536,326.5362649515422,326.5362649515422,4.831445428973614,idle,147.773775,1207.8613572434033,8.118768384005994,6,16.0,0.6430888482620536,"[0.64308885 0.67084512 0.69860139 0.72575487 0.72071349 0.71567211
 0.71063074 0.70544782]",False
544,965.2387333333335,16.208222389103724,336.6735828682148,352.88180525731855,1318.120538590652,0,18,0.34,32.322823152716616,8.118768384005994,591.0951,4831.445428973613,379.3103448275862,379.3103448275862,1071.9113,0.34468363937785784,0.34,1,0,0,0,1000,0,0.0,0,16.0,0,0,0.0,0.0,0,34,[0. 0. 0. 0. 0.],2,0.0,88950.50943048364,269.93133579601283,329.530134647663,329.530134647663,4.831445428973614,idle,147.773775,1207.8613572434033,7.434714951246178,6,16.25,0.6708451179061975,"[0.67084512 0.69860139 0.72575487 0.72071349 0.71567211 0.71063074
 0.70544782 0.69275297]",False
545,977.0679333333336,17.04026885367352,348.76698996101635,365.8072588146899,1342.8751921480232,0,18,0.36,32.50229204043178,7.434714951246178,591.0951,4831.445428973613,379.3103448275862,379.3103448275862,1079.3697,0.3544728192565908,0.36,1,0,0,0,1000,0,0.0,0,16.25,0,0,0.0,0.0,0,36,[0. 0. 0. 0. 0.],2,0.0,91886.10731393052,273.6996195959276,335.7187980370058,335.7187980370058,4.831445428973614,idle,147.773775,1207.8613572434033,6.733483933823315,6,16.5,0.6986013875503415,"[0.69860139 0.72575487 0.72071349 0.71567211 0.71063074 0.70544782
 0.69275297 0.68005812]",False
546,977.0679333333336,16.461832746417045,349.89313602959055,366.3549687760076,1343.4229021093413,0,18,0.36,32.50229204043178,6.733483933823315,591.0951,4831.445428973613,379.3103448275862,379.3103448275862,1070.6498,0.36164787941598714,0.36,1,0,0,0,1000,0,0.0,0,16.5,0,0,0.0,0.0,0,36,[0. 0. 0. 0. 0.],2,0.0,93189.1840055592,277.4679033958423,335.8557255273353,335.8557255273353,4.831445428973614,idle,147.773775,1207.8613572434033,6.034613141173977,6,16.75,0.7257548693924398,"[0.72575487 0.72071349 0.71567211 0.71063074 0.70544782 0.69275297
 0.68005812 0.66736326]",False
547,982.9825333333334,16.584912489622415,356.52652618665473,373.1114386762772,1356.0939720096105,0,18,0.37,32.5914659165071,6.034613141173977,591.0951,4831.445428973613,379.3103448275862,379.3103448275862,1069.8999,0.3662088198560466,0.37,1,0,0,0,1000,0,0.0,0,16.75,0,0,0.0,0.0,0,37,[0. 0. 0. 0. 0.],2,0.0,95345.67454178314,281.23618719575705,339.02349300240263,339.02349300240263,4.831445428973614,idle,147.773775,1207.8613572434033,5.335232725066554,6,17.0,0.7207134921674977,"[0.72071349 0.71567211 0.71063074 0.70544782 0.69275297 0.68005812
 0.66736326 0.65473541]",False
548,982.9825333333334,16.0357909943637,357.4865754510781,373.52236644544183,1356.5048997787753,0,18,0.37,32.5914659165071,5.335232725066554,591.0951,4831.445428973613,379.3103448275862,379.3103448275862,1061.2559,0.3681556405767695,0.37,1,0,0,0,1000,0,0.0,0,17.0,0,0,0.0,0.0,0,37,[0. 0. 0. 0. 0.],2,0.0,96624.73744333038,284.9226345119383,339.12622494469383,339.12622494469383,4.831445428973614,idle,147.773775,1207.8613572434033,5.066169671975901,6,17.25,0.7156721149425557,"[0.71567211 0.71063074 0.70544782 0.69275297 0.68005812 0.66736326
 0.65473541 0.64564116]",False
549,982.9825333333334,15.830994052866991,357.8304634165394,373.66145746940634,1356.6439908027398,0,18,0.37,32.5914659165071,5.066169671975901,591.0951,4831.445428973613,379.3103448275862,379.3103448275862,1060.8718,0.36747540866585354,0.37,1,0,0,0,1000,0,0.0,0,17.25,0,0,0.0,0.0,0,37,[0. 0. 0. 0. 0.],2,0.0,96402.5116034567,284.2382003149238,339.16099770068496,339.16099770068496,4.831445428973614,idle,147.773775,1207.8613572434033,4.787943741340251,6,17.5,0.7106307377176132,"[0.71063074 0.70544782 0.69275297 0.68005812 0.66736326 0.65473541
 0.64564116 0.63654691]",False
550,982.9825333333334,0.0,358.17104748343405,358.17104748343405,1341.1535808167673,0,18,0.37,32.5914659165071,4.787943741340251,591.0951,4831.445428973613,379.3103448275862,379.3103448275862,1060.3859,0.36346811529396333,0.37,1,0,0,0,1000,0,0.0,0,17.5,0,0,0.0,0.0,0,37,[0. 0. 0. 0. 0.],2,0.0,95072.28719577854,283.5537661179093,335.28839520419183,335.28839520419183,4.831445428973614,idle,147.773775,1207.8613572434033,4.509711965116837,6,17.75,0.7054478236040131,"[0.70544782 0.69275297 0.68005812 0.66736326 0.65473541 0.64564116
 0.63654691 0.62745266]",False
551,977.0679333333336,0.0,352.85336005506133,352.85336005506133,1329.9212933883948,0,18,0.36,32.50229204043178,4.509711965116837,591.0951,4831.445428973613,379.3103448275862,379.3103448275862,1051.9562,0.3561337604610993,0.36,1,0,0,0,1000,0,0.0,0,17.75,0,0,0.0,0.0,0,36,[0. 0. 0. 0. 0.],2,0.0,94048.48694203686,282.8693319208947,332.4803233470987,332.4803233470987,4.831445428973614,idle,147.773775,1207.8613572434033,4.244528085179586,6,18.0,0.6927529701775812,"[0.69275297 0.68005812 0.66736326 0.65473541 0.64564116 0.63654691
 0.62745266 0.61850527]",False
552,965.2387333333335,0.0,342.00201925346954,342.00201925346954,1307.240752586803,0,18,0.34,32.322823152716616,4.244528085179586,591.0951,4831.445428973613,379.3103448275862,379.3103448275862,1035.5867,0.3454723441672614,0.34,1,0,0,0,1000,0,0.0,0,18.0,0,0,0.0,0.0,0,34,[0. 0. 0. 0. 0.],2,0.0,92214.61968947276,282.16568220351456,326.81018814670074,326.81018814670074,4.831445428973614,idle,147.773775,1207.8613572434033,4.254985496094077,6,18.25,0.680058116751148,"[0.68005812 0.66736326 0.65473541 0.64564116 0.63654691 0.62745266
 0.61850527 0.61725556]",False
553,959.3241333333333,0.0,336.4994348231728,336.4994348231728,1295.823568156506,0,18,0.33,32.232522188729604,4.254985496094077,591.0951,4831.445428973613,379.3103448275862,379.3103448275862,1027.6587,0.33155455299202113,0.33,1,0,0,0,1000,0,0.0,0,18.25,0,0,0.0,0.0,0,33,[0. 0. 0. 0. 0.],2,0.0,90850.8987043104,280.4421865348807,323.9558920391265,323.9558920391265,4.831445428973614,idle,147.773775,1207.8613572434033,4.232673571627566,6,18.5,0.6673632633247165,"[0.66736326 0.65473541 0.64564116 0.63654691 0.62745266 0.61850527
 0.61725556 0.61600586]",False
554,953.4095333333332,0.0,331.08120034957767,331.08120034957767,1284.490733682911,0,18,0.32,32.14183952119426,4.232673571627566,591.0951,4831.445428973613,379.3103448275862,379.3103448275862,1019.3326,0.31818998921413755,0.32,1,0,0,0,1000,0,0.0,0,18.5,0,0,0.0,0.0,0,32,[0. 0. 0. 0. 0.],2,0.0,89502.89393048141,278.7186908662467,321.12268342072775,321.12268342072775,4.831445428973614,idle,147.773775,1207.8613572434033,4.236319075488943,6,18.75,0.6547354074284668,"[0.65473541 0.64564116 0.63654691 0.62745266 0.61850527 0.61725556
 0.61600586 0.61475615]",False
555,947.4949333333334,0.0,325.6888383496603,325.6888383496603,1273.1837716829934,0,18,0.31,32.050772090408614,4.236319075488943,591.0951,4831.445428973613,379.3103448275862,379.3103448275862,1011.2607,0.3053786528336108,0.31,1,0,0,0,1000,0,0.0,0,18.75,0,0,0.0,0.0,0,31,[0. 0. 0. 0. 0.],2,0.0,88166.44683994094,276.9951951976129,318.29594292074836,318.29594292074836,4.831445428973614,idle,147.773775,1207.8613572434033,4.230415185819966,6,19.0,0.6456411574645718,"[0.64564116 0.63654691 0.62745266 0.61850527 0.61725556 0.61600586
 0.61475615 0.6134328 ]",False
556,935.6657333333334,0.0,315.07060089131977,315.07060089131977,1250.736334224653,0,18,0.29,31.86747052860626,4.230415185819966,591.0951,4831.445428973613,379.3103448275862,379.3103448275862,994.8618,0.29312054385044095,0.29,1,0,0,0,1000,0,0.0,0,19.0,0,0,0.0,0.0,0,28,[0. 0. 0. 0. 0.],2,0.0,86075.92321064674,275.2807953372723,312.6840835561633,312.6840835561633,4.831445428973614,idle,147.773775,1207.8613572434033,4.039984721226985,6,19.25,0.636546907500678,"[0.63654691 0.62745266 0.61850527 0.61725556 0.61600586 0.61475615
 0.6134328  0.60827312]",False
557,929.7511333333333,0.0,310.00199166154937,310.00199166154937,1239.7531249948827,0,18,0.28,31.775230105092305,4.039984721226985,591.0951,4831.445428973613,379.3103448275862,379.3103448275862,984.2509,0.2814917494287451,0.28,1,0,0,0,1000,0,0.0,0,19.25,0,0,0.0,0.0,0,28,[0. 0. 0. 0. 0.],2,0.0,84937.38639458096,274.04612961126935,309.93828124872067,309.93828124872067,4.831445428973614,idle,147.773775,1207.8613572434033,3.8374516368131557,6,19.5,0.6274526575367838,"[0.62745266 0.61850527 0.61725556 0.61600586 0.61475615 0.6134328
 0.60827312 0.60311345]",False
558,923.8365333333334,0.0,304.9805026639536,304.9805026639536,1228.817035997287,0,18,0.27,31.68259233236925,3.8374516368131557,591.0951,4831.445428973613,379.3103448275862,379.3103448275862,973.4701,0.27444079145335165,0.27,1,0,0,0,1000,0,0.0,0,19.5,0,0,0.0,0.0,0,27,[0. 0. 0. 0. 0.],2,0.0,83808.84360939353,272.81146388526656,307.2042589993217,307.2042589993217,4.831445428973614,idle,147.773775,1207.8613572434033,3.6505924790818702,6,19.75,0.6185052688867497,"[0.61850527 0.61725556 0.61600586 0.61475615 0.6134328  0.60827312
 0.60311345 0.59795378]",False
559,923.8365333333334,0.0,305.12862720460083,305.12862720460083,1228.9651605379343,0,18,0.27,31.68259233236925,3.6505924790818702,591.0951,4831.445428973613,379.3103448275862,379.3103448275862,971.1158,0.2719676699242606,0.27,1,0,0,0,1000,0,0.0,0,19.75,0,0,0.0,0.0,0,27,[0. 0. 0. 0. 0.],2,0.0,83439.60583704442,271.5767981592637,307.24129013448356,307.24129013448356,4.831445428973614,idle,147.773775,1207.8613572434033,3.441354592847527,6,20.0,0.6172555622729334,"[0.61725556 0.61600586 0.61475615 0.6134328  0.60827312 0.60311345
 0.59795378 0.59297655]",False
560,923.8365333333334,0.0,305.28774352519997,305.28774352519997,1229.1242768585332,0,18,0.27,31.68259233236925,3.441354592847527,591.0951,4831.445428973613,379.3103448275862,379.3103448275862,968.4963,0.2740723848414724,0.27,1,0,0,0,1000,0,0.0,0,20.0,0,0,0.0,0.0,0,27,[0. 0. 0. 0. 0.],2,0.0,83077.14619522668,270.3620708153615,307.2810692146333,307.2810692146333,4.831445428973614,idle,147.773775,1207.8613572434033,3.0688081224859087,6,20.25,0.616005855659117,"[0.61600586 0.61475615 0.6134328  0.60827312 0.60311345 0.59795378
 0.59297655 0.59744453]",False
561,929.7511333333333,0.0,310.75885092118244,310.75885092118244,1240.5099842545158,0,18,0.28,31.775230105092305,3.0688081224859087,591.0951,4831.445428973613,379.3103448275862,379.3103448275862,976.4733,0.2806842724706202,0.28,1,0,0,0,1000,0,0.0,0,20.25,0,0,0.0,0.0,0,28,[0. 0. 0. 0. 0.],2,0.0,83794.09447541508,270.19240647473265,310.12749606362894,310.12749606362894,4.831445428973614,idle,147.773775,1207.8613572434033,2.729424008746898,6,20.5,0.6147561490453007,"[0.61475615 0.6134328  0.60827312 0.60311345 0.59795378 0.59297655
 0.59744453 0.60191251]",False
562,935.6657333333334,0.0,316.24782908642214,316.24782908642214,1251.9135624197556,0,18,0.29,31.86747052860626,2.729424008746898,591.0951,4831.445428973613,379.3103448275862,379.3103448275862,984.6903,0.2881370657437504,0.29,1,0,0,0,1000,0,0.0,0,20.5,0,0,0.0,0.0,0,28,[0. 0. 0. 0. 0.],2,0.0,84511.28325986423,270.0227421341038,312.9783906049389,312.9783906049389,4.831445428973614,idle,147.773775,1207.8613572434033,2.370890377090495,6,20.75,0.6134327958305195,"[0.6134328  0.60827312 0.60311345 0.59795378 0.59297655 0.59744453
 0.60191251 0.60638049]",False
563,935.6657333333334,0.0,316.4718002254997,316.4718002254997,1252.137533558833,0,18,0.29,31.86747052860626,2.370890377090495,591.0951,4831.445428973613,379.3103448275862,379.3103448275862,984.6903,0.29643076466086316,0.29,1,0,0,0,1000,0,0.0,0,20.75,0,0,0.0,0.0,0,28,[0. 0. 0. 0. 0.],2,0.0,84473.29181289539,269.85307779347494,313.03438338970824,313.03438338970824,4.831445428973614,idle,147.773775,1207.8613572434033,2.0069246962273217,6,21.0,0.6082731242200379,"[0.60827312 0.60311345 0.59795378 0.59297655 0.59744453 0.60191251
 0.60638049 0.61087156]",False
564,947.4949333333334,0.0,327.37361643342297,327.37361643342297,1274.8685497667564,0,18,0.31,32.050772090408614,2.0069246962273217,591.0951,4831.445428973613,379.3103448275862,379.3103448275862,1001.0192,0.3055653692219583,0.31,1,0,0,0,1000,0,0.0,0,21.0,0,0,0.0,0.0,0,31,[0. 0. 0. 0. 0.],2,0.0,85949.53885523997,269.6734149445129,318.7171374416891,318.7171374416891,4.831445428973614,idle,147.773775,1207.8613572434033,1.7820804873928013,6,21.25,0.6031134526095567,"[0.60311345 0.59795378 0.59297655 0.59744453 0.60191251 0.60638049
 0.61087156 0.61655109]",False
565,953.4095333333332,0.0,332.922796515253,332.922796515253,1286.3323298485861,0,18,0.32,32.14183952119426,1.7820804873928013,591.0951,4831.445428973613,379.3103448275862,379.3103448275862,1009.1316,0.31546447385787135,0.32,1,0,0,0,1000,0,0.0,0,21.25,0,0,0.0,0.0,0,32,[0. 0. 0. 0. 0.],2,0.0,86497.14093977948,268.97292070692504,321.58308246214654,321.58308246214654,4.831445428973614,idle,147.773775,1207.8613572434033,1.5546572730341053,6,21.5,0.5979537809990747,"[0.59795378 0.59297655 0.59744453 0.60191251 0.60638049 0.61087156
 0.61655109 0.62223062]",False
566,953.4095333333332,0.0,333.03742055468746,333.03742055468746,1286.4469538880207,0,18,0.32,32.14183952119426,1.5546572730341053,591.0951,4831.445428973613,379.3103448275862,379.3103448275862,1009.1316,0.32219623137709097,0.32,1,0,0,0,1000,0,0.0,0,21.5,0,0,0.0,0.0,0,32,[0. 0. 0. 0. 0.],2,0.0,86279.56146090673,268.27242646933723,321.6117384720052,321.6117384720052,4.831445428973614,idle,147.773775,1207.8613572434033,1.3379679575261636,6,21.75,0.5929765511660459,"[0.59297655 0.59744453 0.60191251 0.60638049 0.61087156 0.61655109
 0.62223062 0.62791015]",False
567,959.3241333333333,0.0,338.6236493190536,338.6236493190536,1297.9477826523869,0,18,0.33,32.232522188729604,1.3379679575261636,591.0951,4831.445428973613,379.3103448275862,379.3103448275862,1017.2098,0.32576064177961667,0.33,1,0,0,0,1000,0,0.0,0,21.75,0,0,0.0,0.0,0,33,[0. 0. 0. 0. 0.],2,0.0,86823.59903505344,267.5719322317493,324.4869456630967,324.4869456630967,4.831445428973614,idle,147.773775,1207.8613572434033,1.1244105226727883,6,22.0,0.5974445299801364,"[0.59744453 0.60191251 0.60638049 0.61087156 0.61655109 0.62223062
 0.62791015 0.63330144]",False
568,959.3241333333333,0.0,338.71582517572426,338.71582517572426,1298.0399585090574,0,18,0.33,32.232522188729604,1.1244105226727883,591.0951,4831.445428973613,379.3103448275862,379.3103448275862,1017.2098,0.32615770506544894,0.33,1,0,0,0,1000,0,0.0,0,22.0,0,0,0.0,0.0,0,33,[0. 0. 0. 0. 0.],2,0.0,86610.48533226785,266.8962068987447,324.50998962726436,324.50998962726436,4.831445428973614,idle,147.773775,1207.8613572434033,1.0503745838382987,6,22.25,0.6019125087942275,"[0.60191251 0.60638049 0.61087156 0.61655109 0.62223062 0.62791015
 0.63330144 0.62395147]",False
569,953.4095333333332,0.0,333.2570915090562,333.2570915090562,1286.6666248423894,0,18,0.32,32.14183952119426,1.0503745838382987,591.0951,4831.445428973613,379.3103448275862,379.3103448275862,1009.1316,0.3235015075534289,0.32,1,0,0,0,1000,0,0.0,0,22.25,0,0,0.0,0.0,0,32,[0. 0. 0. 0. 0.],2,0.0,86046.72947042978,267.50279461385765,321.66665621059735,321.66665621059735,4.831445428973614,idle,147.773775,1207.8613572434033,0.9664317758754258,6,22.5,0.6063804876083176,"[0.60638049 0.61087156 0.61655109 0.62223062 0.62791015 0.63330144
 0.62395147 0.61460149]",False
570,953.4095333333332,0.0,333.289031847795,333.289031847795,1286.6985651811283,0,18,0.32,32.14183952119426,0.9664317758754258,591.0951,4831.445428973613,379.3103448275862,379.3103448275862,1009.1316,0.3236364625278999,0.32,1,0,0,0,1000,0,0.0,0,22.5,0,0,0.0,0.0,0,32,[0. 0. 0. 0. 0.],2,0.0,86243.98938857127,268.10938232897064,321.6746412952821,321.6746412952821,4.831445428973614,idle,147.773775,1207.8613572434033,0.8943290479076886,6,22.75,0.6108715633135082,"[0.61087156 0.61655109 0.62223062 0.62791015 0.63330144 0.62395147
 0.61460149 0.60525152]",False
571,959.3241333333333,0.0,338.8053531946361,338.8053531946361,1298.1294865279694,0,18,0.33,32.232522188729604,0.8943290479076886,591.0951,4831.445428973613,379.3103448275862,379.3103448275862,1017.2098,0.3265625699888617,0.33,1,0,0,0,1000,0,0.0,0,22.75,0,0,0.0,0.0,0,33,[0. 0. 0. 0. 0.],2,0.0,87207.03105379784,268.7159700440835,324.53237163199236,324.53237163199236,4.831445428973614,idle,147.773775,1207.8613572434033,0.8201798890747571,6,23.0,0.6165510916248159,"[0.61655109 0.62223062 0.62791015 0.63330144 0.62395147 0.61460149
 0.60525152 0.59597479]",False
572,959.3241333333333,0.0,338.8320416462835,338.8320416462835,1298.156174979617,0,18,0.33,32.232522188729604,0.8201798890747571,591.0951,4831.445428973613,379.3103448275862,379.3103448275862,1017.2098,0.3322798299363143,0.33,1,0,0,0,1000,0,0.0,0,23.0,0,0,0.0,0.0,0,33,[0. 0. 0. 0. 0.],2,0.0,87406.70301475681,269.3256934702151,324.53904374490423,324.53904374490423,4.831445428973614,idle,147.773775,1207.8613572434033,0.7009251710586101,6,23.25,0.6222306199361245,"[0.62223062 0.62791015 0.63330144 0.62395147 0.61460149 0.60525152
 0.59597479 0.59042135]",False
573,965.2387333333335,0.0,344.41671200538946,344.41671200538946,1309.655445338723,0,18,0.34,32.322823152716616,0.7009251710586101,591.0951,4831.445428973613,379.3103448275862,379.3103448275862,1025.254,0.3406438164107355,0.34,1,0,0,0,1000,0,0.0,0,23.25,0,0,0.0,0.0,0,34,[0. 0. 0. 0. 0.],2,0.0,88433.42482436121,270.0967651884629,327.41386133468075,327.41386133468075,4.831445428973614,idle,147.773775,1207.8613572434033,0.5670820748673041,6,23.5,0.6279101482474322,"[0.62791015 0.63330144 0.62395147 0.61460149 0.60525152 0.59597479
 0.59042135 0.5848679 ]",False
574,965.2387333333335,0.0,344.46007811359686,344.46007811359686,1309.6988114469302,0,18,0.34,32.322823152716616,0.5670820748673041,591.0951,4831.445428973613,379.3103448275862,379.3103448275862,1025.254,0.34420290267228704,0.34,1,0,0,0,1000,0,0.0,0,23.5,0,0,0.0,0.0,0,34,[0. 0. 0. 0. 0.],2,0.0,88688.82101398,270.86783690671075,327.42470286173256,327.42470286173256,4.831445428973614,idle,147.773775,1207.8613572434033,0.4380329194427107,6,23.75,0.6333014395590544,"[0.63330144 0.62395147 0.61460149 0.60525152 0.59597479 0.59042135
 0.5848679  0.57931445]",False
575,965.2387333333335,0.0,344.4985572121515,344.4985572121515,1309.737290545485,0,18,0.34,32.322823152716616,0.4380329194427107,591.0951,4831.445428973613,379.3103448275862,379.3103448275862,1025.254,0.34295708872096886,0.34,1,0,0,0,1000,0,0.0,0,23.75,0,0,0.0,0.0,0,34,[0. 0. 0. 0. 0.],2,0.0,88943.90204729643,271.6389086249585,327.43432263637123,327.43432263637123,4.831445428973614,idle,147.773775,1207.8613572434033,0.31776541832720956,7,0.0,0.6239514671724833,"[0.62395147 0.61460149 0.60525152 0.59597479 0.59042135 0.5848679
 0.57931445 0.5738924 ]",False
576,959.3241333333333,0.0,338.98503996985363,338.98503996985363,1298.309173303187,0,18,0.33,32.232522188729604,0.31776541832720956,591.0951,4831.445428973613,379.3103448275862,379.3103448275862,1017.2098,0.33690637455678046,0.33,1,0,0,0,1000,0,0.0,0,0.0,0,0,0.0,0.0,0,33,[0. 0. 0. 0. 0.],2,0.0,88405.39273056085,272.37084832617455,324.57729332579675,324.57729332579675,4.831445428973614,idle,147.773775,1207.8613572434033,0.1803648167754386,7,0.25,0.6146014947859135,"[0.61460149 0.60525152 0.59597479 0.59042135 0.5848679  0.57931445
 0.5738924  0.57510956]",False
577,959.3241333333333,0.0,339.0184236013934,339.0184236013934,1298.3425569347266,0,18,0.33,32.232522188729604,0.1803648167754386,591.0951,4831.445428973613,379.3103448275862,379.3103448275862,1017.2098,0.3261929564252494,0.33,1,0,0,0,1000,0,0.0,0,0.25,0,0,0.0,0.0,0,33,[0. 0. 0. 0. 0.],2,0.0,87995.64227222027,271.101464870628,324.58563923368166,324.58563923368166,4.831445428973614,idle,147.773775,1207.8613572434033,0.0401207436735872,7,0.5,0.6052515223993441,"[0.60525152 0.59597479 0.59042135 0.5848679  0.57931445 0.5738924
 0.57510956 0.57632672]",False
578,953.4095333333332,0.0,333.55352809650054,333.55352809650054,1286.9630614298337,0,18,0.32,32.14183952119426,0.0401207436735872,591.0951,4831.445428973613,379.3103448275862,379.3103448275862,1009.1316,0.3180821123978058,0.32,1,0,0,0,1000,0,0.0,0,0.5,0,0,0.0,0.0,0,32,[0. 0. 0. 0. 0.],2,0.0,86815.98039248439,269.8320814150816,321.74076535745843,321.74076535745843,4.831445428973614,idle,147.773775,1207.8613572434033,0.0,7,0.75,0.5959747934719517,"[0.59597479 0.59042135 0.5848679  0.57931445 0.5738924  0.57510956
 0.57632672 0.57754388]",False
579,953.4095333333332,0.0,333.56133259215875,333.56133259215875,1286.970865925492,0,18,0.32,32.14183952119426,0.0,591.0951,4831.445428973613,379.3103448275862,379.3103448275862,1009.1316,0.3125738424744495,0.32,1,0,0,0,1000,0,0.0,0,0.75,0,0,0.0,0.0,0,32,[0. 0. 0. 0. 0.],2,0.0,86408.09198706735,268.5626979595352,321.742716481373,321.742716481373,4.831445428973614,idle,147.773775,1207.8613572434033,0.0,7,1.0,0.5904213459516622,"[0.59042135 0.5848679  0.57931445 0.5738924  0.57510956 0.57632672
 0.57754388 0.57854498]",False
580,947.4949333333334,0.0,328.11831766466463,328.11831766466463,1275.613250997998,0,18,0.31,32.050772090408614,0.0,591.0951,4831.445428973613,379.3103448275862,379.3103448275862,1001.0192,0.309668146655181,0.31,1,0,0,0,1000,0,0.0,0,1.0,0,0,0.0,0.0,0,31,[0. 0. 0. 0. 0.],2,0.0,85243.89457436978,267.3032582804475,318.9033127494995,318.9033127494995,4.831445428973614,idle,147.773775,1207.8613572434033,0.0,7,1.25,0.5848678984313725,"[0.5848679  0.57931445 0.5738924  0.57510956 0.57632672 0.57754388
 0.57854498 0.56869369]",False
581,947.4949333333334,0.0,328.11831766466463,328.11831766466463,1275.613250997998,0,18,0.31,32.050772090408614,0.0,591.0951,4831.445428973613,379.3103448275862,379.3103448275862,1001.0192,0.3093106893767277,0.31,1,0,0,0,1000,0,0.0,0,1.25,0,0,0.0,0.0,0,31,[0. 0. 0. 0. 0.],2,0.0,85003.45596456362,266.549303711167,318.9033127494995,318.9033127494995,4.831445428973614,idle,147.773775,1207.8613572434033,0.0,7,1.5,0.5793144509110821,"[0.57931445 0.5738924  0.57510956 0.57632672 0.57754388 0.57854498
 0.56869369 0.55884241]",False
582,947.4949333333334,0.0,328.11831766466463,328.11831766466463,1275.613250997998,0,18,0.31,32.050772090408614,0.0,591.0951,4831.445428973613,379.3103448275862,379.3103448275862,1001.0192,0.3088656778493014,0.31,1,0,0,0,1000,0,0.0,0,1.5,0,0,0.0,0.0,0,31,[0. 0. 0. 0. 0.],2,0.0,84763.01735475744,265.7953491418865,318.9033127494995,318.9033127494995,4.831445428973614,idle,147.773775,1207.8613572434033,0.0,7,1.75,0.5738923964880795,"[0.5738924  0.57510956 0.57632672 0.57754388 0.57854498 0.56869369
 0.55884241 0.54899112]",False
583,947.4949333333334,0.0,328.11831766466463,328.11831766466463,1275.613250997998,0,18,0.31,32.050772090408614,0.0,591.0951,4831.445428973613,379.3103448275862,379.3103448275862,1001.0192,0.30833311207290204,0.31,1,0,0,0,1000,0,0.0,0,1.75,0,0,0.0,0.0,0,31,[0. 0. 0. 0. 0.],2,0.0,84522.57874495123,265.0413945726059,318.9033127494995,318.9033127494995,4.831445428973614,idle,147.773775,1207.8613572434033,0.0,7,2.0,0.575109557980898,"[0.57510956 0.57632672 0.57754388 0.57854498 0.56869369 0.55884241
 0.54899112 0.53922076]",False
584,947.4949333333334,0.0,328.11831766466463,328.11831766466463,1275.613250997998,0,18,0.31,32.050772090408614,0.0,591.0951,4831.445428973613,379.3103448275862,379.3103448275862,1001.0192,0.3077129920475298,0.31,1,0,0,0,1000,0,0.0,0,2.0,0,0,0.0,0.0,0,31,[0. 0. 0. 0. 0.],2,0.0,84287.8288489637,264.30527836872085,318.9033127494995,318.9033127494995,4.831445428973614,idle,147.773775,1207.8613572434033,0.0,7,2.25,0.5763267194737166,"[0.57632672 0.57754388 0.57854498 0.56869369 0.55884241 0.54899112
 0.53922076 0.53349073]",False
585,947.4949333333334,0.0,328.11831766466463,328.11831766466463,1275.613250997998,0,18,0.31,32.050772090408614,0.0,591.0951,4831.445428973613,379.3103448275862,379.3103448275862,1001.0192,0.30698199018267835,0.31,1,0,0,0,1000,0,0.0,0,2.25,0,0,0.0,0.0,0,31,[0. 0. 0. 0. 0.],2,0.0,84340.52631592882,264.47052427510783,318.9033127494995,318.9033127494995,4.831445428973614,idle,147.773775,1207.8613572434033,0.0,7,2.5,0.5775438809665351,"[0.57754388 0.57854498 0.56869369 0.55884241 0.54899112 0.53922076
 0.53349073 0.52776069]",False
586,947.4949333333334,0.0,328.11831766466463,328.11831766466463,1275.613250997998,0,18,0.31,32.050772090408614,0.0,591.0951,4831.445428973613,379.3103448275862,379.3103448275862,1001.0192,0.3048462717958424,0.31,1,0,0,0,1000,0,0.0,0,2.5,0,0,0.0,0.0,0,31,[0. 0. 0. 0. 0.],2,0.0,84393.22378289391,264.6357701814948,318.9033127494995,318.9033127494995,4.831445428973614,idle,147.773775,1207.8613572434033,0.0,7,2.75,0.5785449803079987,"[0.57854498 0.56869369 0.55884241 0.54899112 0.53922076 0.53349073
 0.52776069 0.52203066]",False
587,947.4949333333334,0.0,328.11831766466463,328.11831766466463,1275.613250997998,0,18,0.31,32.050772090408614,0.0,591.0951,4831.445428973613,379.3103448275862,379.3103448275862,1001.0192,0.3013058368870221,0.31,1,0,0,0,1000,0,0.0,0,2.75,0,0,0.0,0.0,0,31,[0. 0. 0. 0. 0.],2,0.0,84445.92124985902,264.8010160878818,318.9033127494995,318.9033127494995,4.831445428973614,idle,147.773775,1207.8613572434033,0.0,7,3.0,0.5686936947489818,"[0.56869369 0.55884241 0.54899112 0.53922076 0.53349073 0.52776069
 0.52203066 0.51562462]",False
588,935.6657333333334,0.0,317.3884771720527,317.3884771720527,1253.0542105053862,0,18,0.29,31.86747052860626,0.0,591.0951,4831.445428973613,379.3103448275862,379.3103448275862,984.6903,0.2963606854562175,0.29,1,0,0,0,1000,0,0.0,0,3.0,0,0,0.0,0.0,0,28,[0. 0. 0. 0. 0.],2,0.0,82995.08349880665,264.93692867552085,313.26355262634655,313.26355262634655,4.831445428973614,idle,147.773775,1207.8613572434033,0.0,7,3.25,0.5588424091899641,"[0.55884241 0.54899112 0.53922076 0.53349073 0.52776069 0.52203066
 0.51562462 0.47566428]",False
589,935.6657333333334,0.0,317.3884771720527,317.3884771720527,1253.0542105053862,0,18,0.29,31.86747052860626,0.0,591.0951,4831.445428973613,379.3103448275862,379.3103448275862,984.6903,0.2901034471222713,0.29,1,0,0,0,1000,0,0.0,0,3.25,0,0,0.0,0.0,0,28,[0. 0. 0. 0. 0.],2,0.0,82576.11122634885,263.59948527061397,313.26355262634655,313.26355262634655,4.831445428973614,idle,147.773775,1207.8613572434033,0.0,7,3.5,0.5489911236309473,"[0.54899112 0.53922076 0.53349073 0.52776069 0.52203066 0.51562462
 0.47566428 0.43570394]",False
590,929.7511333333333,0.0,312.1011818804777,312.1011818804777,1241.8523152138112,0,18,0.28,31.775230105092305,0.0,591.0951,4831.445428973613,379.3103448275862,379.3103448275862,976.4733,0.2872002100182137,0.28,1,0,0,0,1000,0,0.0,0,3.5,0,0,0.0,0.0,0,28,[0. 0. 0. 0. 0.],2,0.0,81422.68097090742,262.262041865707,310.4630788034528,310.4630788034528,4.831445428973614,idle,147.773775,1207.8613572434033,0.0,7,3.75,0.5392207576719343,"[0.53922076 0.53349073 0.52776069 0.52203066 0.51562462 0.47566428
 0.43570394 0.3957436 ]",False
591,935.6657333333334,0.0,317.3884771720527,317.3884771720527,1253.0542105053862,0,18,0.29,31.86747052860626,0.0,591.0951,4831.445428973613,379.3103448275862,379.3103448275862,984.6903,0.2876509741440448,0.29,1,0,0,0,1000,0,0.0,0,3.75,0,0,0.0,0.0,0,28,[0. 0. 0. 0. 0.],2,0.0,81738.1666814332,260.9245984608001,313.26355262634655,313.26355262634655,4.831445428973614,idle,147.773775,1207.8613572434033,0.0,7,4.0,0.5334907261596262,"[0.53349073 0.52776069 0.52203066 0.51562462 0.47566428 0.43570394
 0.3957436  0.35662192]",False
592,935.6657333333334,0.0,317.3884771720527,317.3884771720527,1253.0542105053862,0,18,0.29,31.86747052860626,0.0,591.0951,4831.445428973613,379.3103448275862,379.3103448275862,984.6903,0.29145573949976455,0.29,1,0,0,0,1000,0,0.0,0,4.0,0,0,0.0,0.0,0,28,[0. 0. 0. 0. 0.],2,0.0,81322.63589572317,259.59814097084865,313.26355262634655,313.26355262634655,4.831445428973614,idle,147.773775,1207.8613572434033,0.0,7,4.25,0.5277606946473187,"[0.52776069 0.52203066 0.51562462 0.47566428 0.43570394 0.3957436
 0.35662192 0.35888396]",False
593,935.6657333333334,0.0,317.3884771720527,317.3884771720527,1253.0542105053862,0,18,0.29,31.86747052860626,0.0,591.0951,4831.445428973613,379.3103448275862,379.3103448275862,984.6903,0.2984394610707371,0.29,1,0,0,0,1000,0,0.0,0,4.25,0,0,0.0,0.0,0,28,[0. 0. 0. 0. 0.],2,0.0,81078.9393436758,258.82021276948507,313.26355262634655,313.26355262634655,4.831445428973614,idle,147.773775,1207.8613572434033,0.0,7,4.5,0.522030663135011,"[0.52203066 0.51562462 0.47566428 0.43570394 0.3957436  0.35662192
 0.35888396 0.36114601]",False
594,935.6657333333334,0.0,317.3884771720527,317.3884771720527,1253.0542105053862,0,18,0.29,31.86747052860626,0.0,591.0951,4831.445428973613,379.3103448275862,379.3103448275862,984.6903,0.2998726281106633,0.29,1,0,0,0,1000,0,0.0,0,4.5,0,0,0.0,0.0,0,28,[0. 0. 0. 0. 0.],2,0.0,80835.24279162844,258.04228456812154,313.26355262634655,313.26355262634655,4.831445428973614,idle,147.773775,1207.8613572434033,0.0,7,4.75,0.5156246220834432,"[0.51562462 0.47566428 0.43570394 0.3957436  0.35662192 0.35888396
 0.36114601 0.36340805]",False
595,935.6657333333334,0.0,317.3884771720527,317.3884771720527,1253.0542105053862,0,18,0.29,31.86747052860626,0.0,591.0951,4831.445428973613,379.3103448275862,379.3103448275862,984.6903,0.29575524061954317,0.29,1,0,0,0,1000,0,0.0,0,4.75,0,0,0.0,0.0,0,28,[0. 0. 0. 0. 0.],2,0.0,80591.54623958108,257.264356366758,313.26355262634655,313.26355262634655,4.831445428973614,idle,147.773775,1207.8613572434033,0.0,7,5.0,0.47566428095332536,"[0.47566428 0.43570394 0.3957436  0.35662192 0.35888396 0.36114601
 0.36340805 0.36565384]",False
596,929.7511333333333,0.0,312.1011818804777,312.1011818804777,1241.8523152138112,0,18,0.28,31.775230105092305,0.0,591.0951,4831.445428973613,379.3103448275862,379.3103448275862,976.4733,0.2860872985973761,0.28,1,0,0,0,1000,0,0.0,0,5.0,0,0,0.0,0.0,0,28,[0. 0. 0. 0. 0.],2,0.0,79601.07269294633,256.39465085424854,310.4630788034528,310.4630788034528,4.831445428973614,idle,147.773775,1207.8613572434033,0.0,7,5.25,0.43570393982320765,"[0.43570394 0.3957436  0.35662192 0.35888396 0.36114601 0.36340805
 0.36565384 0.36710212]",False
597,923.8365333333334,0.0,306.865324218796,306.865324218796,1230.7018575521292,0,18,0.27,31.68259233236925,0.0,591.0951,4831.445428973613,379.3103448275862,379.3103448275862,968.221,0.27106895240166806,0.27,1,0,0,0,1000,0,0.0,0,5.25,0,0,0.0,0.0,0,27,[0. 0. 0. 0. 0.],2,0.0,77217.1579458161,250.96950157985893,307.6754643880323,307.6754643880323,4.831445428973614,idle,147.773775,1207.8613572434033,0.0,7,5.5,0.39574359869308995,"[0.3957436  0.35662192 0.35888396 0.36114601 0.36340805 0.36565384
 0.36710212 0.3685504 ]",False
598,917.9219333333335,0.0,301.68067056794183,301.68067056794183,1219.6026039012754,0,18,0.26,31.589553974748874,0.0,591.0951,4831.445428973613,379.3103448275862,379.3103448275862,959.9329,0.2606717387094468,0.26,1,0,0,0,1000,0,0.0,0,5.5,0,0,0.0,0.0,0,26,[0. 0. 0. 0. 0.],2,0.0,74866.63286125063,245.54435230546935,304.90065097531885,304.90065097531885,4.831445428973614,idle,147.773775,1207.8613572434033,0.0,7,5.75,0.35662192135149473,"[0.35662192 0.35888396 0.36114601 0.36340805 0.36565384 0.36710212
 0.3685504  0.36999868]",False
599,917.9219333333335,0.0,301.68067056794183,301.68067056794183,1219.6026039012754,0,18,0.26,31.589553974748874,0.0,591.0951,4831.445428973613,379.3103448275862,379.3103448275862,959.9329,0.25489565752071297,0.26,1,0,0,0,1000,0,0.0,0,5.75,0,0,0.0,0.0,0,26,[0. 0. 0. 0. 0.],2,0.0,73212.50131585098,240.11920303107976,304.90065097531885,304.90065097531885,4.831445428973614,idle,147.773775,1207.8613572434033,0.0,7,6.0,0.35888396405737605,"[0.35888396 0.36114601 0.36340805 0.36565384 0.36710212 0.3685504
 0.36999868 0.37149676]",False
600,917.9219333333335,0.0,301.68067056794183,301.68067056794183,1219.6026039012754,0,18,0.26,31.589553974748874,0.0,591.0951,4831.445428973613,379.3103448275862,379.3103448275862,959.9329,0.2537407088354659,0.26,1,0,0,0,1000,0,0.0,0,6.0,0,0,0.0,0.0,0,26,[0. 0. 0. 0. 0.],2,0.0,71593.08569602517,234.8079135515539,304.90065097531885,304.90065097531885,4.831445428973614,idle,147.773775,1207.8613572434033,0.0,7,6.25,0.3611460067632572,"[0.36114601 0.36340805 0.36565384 0.36710212 0.3685504  0.36999868
 0.37149676 0.37542357]",False
601,917.9219333333335,0.0,301.68067056794183,301.68067056794183,1219.6026039012754,0,18,0.26,31.589553974748874,0.0,591.0951,4831.445428973613,379.3103448275862,379.3103448275862,959.9329,0.2570744589990945,0.26,1,0,0,0,1000,0,0.0,0,6.25,0,0,0.0,0.0,0,26,[0. 0. 0. 0. 0.],2,0.0,71686.72143813898,235.11501601858467,304.90065097531885,304.90065097531885,4.831445428973614,idle,147.773775,1207.8613572434033,0.0,7,6.5,0.3634080494691385,"[0.36340805 0.36565384 0.36710212 0.3685504  0.36999868 0.37149676
 0.37542357 0.37935038]",False
602,917.9219333333335,0.0,301.68067056794183,301.68067056794183,1219.6026039012754,0,18,0.26,31.589553974748874,0.0,591.0951,4831.445428973613,379.3103448275862,379.3103448275862,959.9329,0.2583415440331185,0.26,1,0,0,0,1000,0,0.0,0,6.5,0,0,0.0,0.0,0,26,[0. 0. 0. 0. 0.],2,0.0,71780.35718025279,235.4221184856154,304.90065097531885,304.90065097531885,4.831445428973614,idle,147.773775,1207.8613572434033,0.0,7,6.75,0.3656538355227656,"[0.36565384 0.36710212 0.3685504  0.36999868 0.37149676 0.37542357
 0.37935038 0.38327718]",False
603,917.9219333333335,0.0,301.68067056794183,301.68067056794183,1219.6026039012754,0,18,0.26,31.589553974748874,0.0,591.0951,4831.445428973613,379.3103448275862,379.3103448275862,959.9329,0.25754196393753814,0.26,1,0,0,0,1000,0,0.0,0,6.75,0,0,0.0,0.0,0,26,[0. 0. 0. 0. 0.],2,0.0,71873.9929223666,235.7292209526462,304.90065097531885,304.90065097531885,4.831445428973614,idle,147.773775,1207.8613572434033,0.0,7,7.0,0.3671021166643847,"[0.36710212 0.3685504  0.36999868 0.37149676 0.37542357 0.37935038
 0.38327718 0.38726434]",False
604,917.9219333333335,0.0,301.68067056794183,301.68067056794183,1219.6026039012754,0,18,0.26,31.589553974748874,0.0,591.0951,4831.445428973613,379.3103448275862,379.3103448275862,959.9329,0.2546757187123534,0.26,1,0,0,0,1000,0,0.0,0,7.0,0,0,0.0,0.0,0,26,[0. 0. 0. 0. 0.],2,0.0,71966.95573125321,236.0341163623124,304.90065097531885,304.90065097531885,4.831445428973614,idle,147.773775,1207.8613572434033,0.0,7,7.25,0.368550397806004,"[0.3685504  0.36999868 0.37149676 0.37542357 0.37935038 0.38327718
 0.38726434 0.39417803]",False
605,906.0927333333335,0.0,291.4640434991476,291.4640434991476,1197.556776832481,0,18,0.24000000000000002,31.402262378208444,0.0,591.0951,4831.445428973613,379.3103448275862,379.3103448275862,943.2486,0.2498305496516548,0.24000000000000002,1,0,0,0,1000,0,0.0,0,7.25,0,0,0.0,0.0,0,24,[0. 0. 0. 0. 0.],2,0.0,70724.93084894944,236.23073984355304,299.3891942081203,299.3891942081203,4.831445428973614,idle,147.773775,1207.8613572434033,0.0,7,7.5,0.36999867894762317,"[0.36999868 0.37149676 0.37542357 0.37935038 0.38327718 0.38726434
 0.39417803 0.40109171]",False
606,906.0927333333335,0.0,291.4640434991476,291.4640434991476,1197.556776832481,0,18,0.24000000000000002,31.402262378208444,0.0,591.0951,4831.445428973613,379.3103448275862,379.3103448275862,943.2486,0.24722041927627839,0.24000000000000002,1,0,0,0,1000,0,0.0,0,7.5,0,0,0.0,0.0,0,24,[0. 0. 0. 0. 0.],2,0.0,70783.79779456048,236.4273633247937,299.3891942081203,299.3891942081203,4.831445428973614,idle,147.773775,1207.8613572434033,0.0,7,7.75,0.37149675699660756,"[0.37149676 0.37542357 0.37935038 0.38327718 0.38726434 0.39417803
 0.40109171 0.40800539]",False
607,906.0927333333335,0.0,291.4640434991476,291.4640434991476,1197.556776832481,0,18,0.24000000000000002,31.402262378208444,0.0,591.0951,4831.445428973613,379.3103448275862,379.3103448275862,943.2486,0.24684532758622363,0.24000000000000002,1,0,0,0,1000,0,0.0,0,7.75,0,0,0.0,0.0,0,24,[0. 0. 0. 0. 0.],2,0.0,70842.6647401715,236.62398680603434,299.3891942081203,299.3891942081203,4.831445428973614,idle,147.773775,1207.8613572434033,0.0,7,8.0,0.3754235660275431,"[0.37542357 0.37935038 0.38327718 0.38726434 0.39417803 0.40109171
 0.40800539 0.41514523]",False
608,906.0927333333335,0.0,291.4640434991476,291.4640434991476,1197.556776832481,0,18,0.24000000000000002,31.402262378208444,0.0,591.0951,4831.445428973613,379.3103448275862,379.3103448275862,943.2486,0.24870527458149053,0.24000000000000002,1,0,0,0,1000,0,0.0,0,8.0,0,0,0.0,0.0,0,24,[0. 0. 0. 0. 0.],2,0.0,70903.55573467279,236.82737088160974,299.3891942081203,299.3891942081203,4.831445428973614,idle,147.773775,1207.8613572434033,0.0,7,8.25,0.3793503750584783,"[0.37935038 0.38327718 0.38726434 0.39417803 0.40109171 0.40800539
 0.41514523 0.43318886]",False
609,917.9219333333335,0.0,301.68067056794183,301.68067056794183,1219.6026039012754,0,18,0.26,31.589553974748874,0.0,591.0951,4831.445428973613,379.3103448275862,379.3103448275862,959.9329,0.2527242771095455,0.26,1,0,0,0,1000,0,0.0,0,8.25,0,0,0.0,0.0,0,26,[0. 0. 0. 0. 0.],2,0.0,72371.36717922821,237.3604875808761,304.90065097531885,304.90065097531885,4.831445428973614,idle,147.773775,1207.8613572434033,0.0,7,8.5,0.3832771840894134,"[0.38327718 0.38726434 0.39417803 0.40109171 0.40800539 0.41514523
 0.43318886 0.45123249]",False
610,917.9219333333335,0.0,301.68067056794183,301.68067056794183,1219.6026039012754,0,18,0.26,31.589553974748874,0.0,591.0951,4831.445428973613,379.3103448275862,379.3103448275862,959.9329,0.2553491465962613,0.26,1,0,0,0,1000,0,0.0,0,8.5,0,0,0.0,0.0,0,26,[0. 0. 0. 0. 0.],2,0.0,72533.91480788033,237.89360428014243,304.90065097531885,304.90065097531885,4.831445428973614,idle,147.773775,1207.8613572434033,0.0,7,8.75,0.3872643443159529,"[0.38726434 0.39417803 0.40109171 0.40800539 0.41514523 0.43318886
 0.45123249 0.46927612]",False
611,917.9219333333335,0.0,301.68067056794183,301.68067056794183,1219.6026039012754,0,18,0.26,31.589553974748874,0.0,591.0951,4831.445428973613,379.3103448275862,379.3103448275862,959.9329,0.25657988304163776,0.26,1,0,0,0,1000,0,0.0,0,8.75,0,0,0.0,0.0,0,26,[0. 0. 0. 0. 0.],2,0.0,72696.46243653244,238.42672097940874,304.90065097531885,304.90065097531885,4.831445428973614,idle,147.773775,1207.8613572434033,0.0,7,9.0,0.3941780260784851,"[0.39417803 0.40109171 0.40800539 0.41514523 0.43318886 0.45123249
 0.46927612 0.48675698]",False
612,917.9219333333335,0.0,301.68067056794183,301.68067056794183,1219.6026039012754,0,18,0.26,31.589553974748874,0.0,591.0951,4831.445428973613,379.3103448275862,379.3103448275862,959.9329,0.25641648644567483,0.26,1,0,0,0,1000,0,0.0,0,9.0,0,0,0.0,0.0,0,26,[0. 0. 0. 0. 0.],2,0.0,72861.50826248789,238.96803115840476,304.90065097531885,304.90065097531885,4.831445428973614,idle,147.773775,1207.8613572434033,0.0,7,9.25,0.4010917078410165,"[0.40109171 0.40800539 0.41514523 0.43318886 0.45123249 0.46927612
 0.48675698 0.47725958]",False
613,917.9219333333335,0.0,301.68067056794183,301.68067056794183,1219.6026039012754,0,18,0.26,31.589553974748874,0.0,591.0951,4831.445428973613,379.3103448275862,379.3103448275862,959.9329,0.25486078618211316,0.26,1,0,0,0,1000,0,0.0,0,9.25,0,0,0.0,0.0,0,26,[0. 0. 0. 0. 0.],2,0.0,73147.69548649133,239.9066556680212,304.90065097531885,304.90065097531885,4.831445428973614,idle,147.773775,1207.8613572434033,0.0,7,9.5,0.4080053896035478,"[0.40800539 0.41514523 0.43318886 0.45123249 0.46927612 0.48675698
 0.47725958 0.46776218]",False
614,917.9219333333335,0.0,301.68067056794183,301.68067056794183,1219.6026039012754,0,18,0.26,31.589553974748874,0.0,591.0951,4831.445428973613,379.3103448275862,379.3103448275862,959.9329,0.2519224984924614,0.26,1,0,0,0,1000,0,0.0,0,9.5,0,0,0.0,0.0,0,26,[0. 0. 0. 0. 0.],2,0.0,73433.88271049473,240.8452801776375,304.90065097531885,304.90065097531885,4.831445428973614,idle,147.773775,1207.8613572434033,0.0,7,9.75,0.4151452278655173,"[0.41514523 0.43318886 0.45123249 0.46927612 0.48675698 0.47725958
 0.46776218 0.45826478]",False
615,906.0927333333335,0.0,291.4640434991476,291.4640434991476,1197.556776832481,0,18,0.24000000000000002,31.402262378208444,0.0,591.0951,4831.445428973613,379.3103448275862,379.3103448275862,943.2486,0.24760162337671937,0.24000000000000002,1,0,0,0,1000,0,0.0,0,9.75,0,0,0.0,0.0,0,24,[0. 0. 0. 0. 0.],2,0.0,72387.48839680987,241.78390468725382,299.3891942081203,299.3891942081203,4.831445428973614,idle,147.773775,1207.8613572434033,0.0,7,10.0,0.4331888587014196,"[0.43318886 0.45123249 0.46927612 0.48675698 0.47725958 0.46776218
 0.45826478 0.4492268 ]",False
616,906.0927333333335,0.0,291.4640434991476,291.4640434991476,1197.556776832481,0,18,0.24000000000000002,31.402262378208444,0.0,591.0951,4831.445428973613,379.3103448275862,379.3103448275862,943.2486,0.24189816083488735,0.24000000000000002,1,0,0,0,1000,0,0.0,0,10.0,0,0,0.0,0.0,0,24,[0. 0. 0. 0. 0.],2,0.0,72677.69480671246,242.75323295800246,299.3891942081203,299.3891942081203,4.831445428973614,idle,147.773775,1207.8613572434033,0.0,7,10.25,0.4512324895373219,"[0.45123249 0.46927612 0.48675698 0.47725958 0.46776218 0.45826478
 0.4492268  0.46208803]",False
617,900.1781333333333,0.0,286.4316055788092,286.4316055788092,1186.6097389121423,0,18,0.23,31.30800248252507,0.0,591.0951,4831.445428973613,379.3103448275862,379.3103448275862,934.8518,0.23491940820588075,0.23,1,0,0,0,1000,0,0.0,0,10.25,0,0,0.0,0.0,0,23,[0. 0. 0. 0. 0.],2,0.0,72740.03624867961,245.2028964986115,296.6524347280356,296.6524347280356,4.831445428973614,idle,147.773775,1207.8613572434033,0.0,7,10.5,0.46927612037322614,"[0.46927612 0.48675698 0.47725958 0.46776218 0.45826478 0.4492268
 0.46208803 0.47494925]",False
618,900.1781333333333,0.0,286.4316055788092,286.4316055788092,1186.6097389121423,0,18,0.23,31.30800248252507,0.0,591.0951,4831.445428973613,379.3103448275862,379.3103448275862,934.8518,0.2318344143196624,0.23,1,0,0,0,1000,0,0.0,0,10.5,0,0,0.0,0.0,0,23,[0. 0. 0. 0. 0.],2,0.0,73466.73490226579,247.65256003922053,296.6524347280356,296.6524347280356,4.831445428973614,idle,147.773775,1207.8613572434033,0.0,7,10.75,0.4867569835524676,"[0.48675698 0.47725958 0.46776218 0.45826478 0.4492268  0.46208803
 0.47494925 0.48781047]",False
619,900.1781333333333,0.0,286.4316055788092,286.4316055788092,1186.6097389121423,0,18,0.23,31.30800248252507,0.0,591.0951,4831.445428973613,379.3103448275862,379.3103448275862,934.8518,0.2326431791762324,0.23,1,0,0,0,1000,0,0.0,0,10.75,0,0,0.0,0.0,0,23,[0. 0. 0. 0. 0.],2,0.0,74193.43355585203,250.10222357982983,296.6524347280356,296.6524347280356,4.831445428973614,idle,147.773775,1207.8613572434033,0.0,7,11.0,0.4772595826993615,"[0.47725958 0.46776218 0.45826478 0.4492268  0.46208803 0.47494925
 0.48781047 0.50041654]",False
620,900.1781333333333,0.0,286.4316055788092,286.4316055788092,1186.6097389121423,0,18,0.23,31.30800248252507,0.0,591.0951,4831.445428973613,379.3103448275862,379.3103448275862,934.8518,0.23734570277559047,0.23,1,0,0,0,1000,0,0.0,0,11.0,0,0,0.0,0.0,0,23,[0. 0. 0. 0. 0.],2,0.0,74897.46700961802,252.47548390520498,296.6524347280356,296.6524347280356,4.831445428973614,idle,147.773775,1207.8613572434033,0.0,7,11.25,0.46776218184625434,"[0.46776218 0.45826478 0.4492268  0.46208803 0.47494925 0.48781047
 0.50041654 0.50092871]",False
621,906.0927333333335,0.0,291.4640434991476,291.4640434991476,1197.556776832481,0,18,0.24000000000000002,31.402262378208444,0.0,591.0951,4831.445428973613,379.3103448275862,379.3103448275862,943.2486,0.24573891815242221,0.24000000000000002,1,0,0,0,1000,0,0.0,0,11.25,0,0,0.0,0.0,0,24,[0. 0. 0. 0. 0.],2,0.0,75202.3996051056,251.18608506901782,299.3891942081203,299.3891942081203,4.831445428973614,idle,147.773775,1207.8613572434033,0.0,7,11.5,0.4582647809931482,"[0.45826478 0.4492268  0.46208803 0.47494925 0.48781047 0.50041654
 0.50092871 0.50144087]",False
622,906.0927333333335,0.0,291.4640434991476,291.4640434991476,1197.556776832481,0,18,0.24000000000000002,31.402262378208444,0.0,591.0951,4831.445428973613,379.3103448275862,379.3103448275862,943.2486,0.2480629884465976,0.24000000000000002,1,0,0,0,1000,0,0.0,0,11.5,0,0,0.0,0.0,0,24,[0. 0. 0. 0. 0.],2,0.0,74816.36752652659,249.89668623283052,299.3891942081203,299.3891942081203,4.831445428973614,idle,147.773775,1207.8613572434033,0.0,7,11.75,0.4492268039299699,"[0.4492268  0.46208803 0.47494925 0.48781047 0.50041654 0.50092871
 0.50144087 0.50195304]",False
623,906.0927333333335,0.0,291.4640434991476,291.4640434991476,1197.556776832481,0,18,0.24000000000000002,31.402262378208444,0.0,591.0951,4831.445428973613,379.3103448275862,379.3103448275862,943.2486,0.24431791365811742,0.24000000000000002,1,0,0,0,1000,0,0.0,0,11.75,0,0,0.0,0.0,0,24,[0. 0. 0. 0. 0.],2,0.0,74430.33544794763,248.60728739664336,299.3891942081203,299.3891942081203,4.831445428973614,idle,147.773775,1207.8613572434033,0.0,7,12.0,0.4620880275199678,"[0.46208803 0.47494925 0.48781047 0.50041654 0.50092871 0.50144087
 0.50195304 0.50283149]",False
624,900.1781333333333,0.0,286.4316055788092,286.4316055788092,1186.6097389121423,0,18,0.23,31.30800248252507,0.0,591.0951,4831.445428973613,379.3103448275862,379.3103448275862,934.8518,0.23450369378698166,0.23,1,0,0,0,1000,0,0.0,0,12.0,0,0,0.0,0.0,0,23,[0. 0. 0. 0. 0.],2,0.0,73385.9568679757,247.38026146744537,296.6524347280356,296.6524347280356,4.831445428973614,idle,147.773775,1207.8613572434033,0.0,7,12.25,0.4749492511099672,"[0.47494925 0.48781047 0.50041654 0.50092871 0.50144087 0.50195304
 0.50283149 0.52097401]",False
625,894.2635333333332,0.0,281.4494427050385,281.4494427050385,1175.7129760383716,0,18,0.22,31.213328687378628,0.0,591.0951,4831.445428973613,379.3103448275862,379.3103448275862,926.418,0.218834278133974,0.22,1,0,0,0,1000,0,0.0,0,12.25,0,0,0.0,0.0,0,22,[0. 0. 0. 0. 0.],2,0.0,73225.26885923119,249.12634410472424,293.9282440095929,293.9282440095929,4.831445428973614,idle,147.773775,1207.8613572434033,0.0,7,12.5,0.48781047469996514,"[0.48781047 0.50041654 0.50092871 0.50144087 0.50195304 0.50283149
 0.52097401 0.53911654]",False
626,888.3489333333335,0.0,276.5173241161414,276.5173241161414,1164.8662574494751,0,18,0.21000000000000002,31.118237568576337,0.0,591.0951,4831.445428973613,379.3103448275862,379.3103448275862,917.9471,0.2075810603137801,0.21000000000000002,1,0,0,0,1000,0,0.0,0,12.5,0,0,0.0,0.0,0,21,[0. 0. 0. 0. 0.],2,0.0,73058.20620905625,250.8724267420033,291.2165643623688,291.2165643623688,4.831445428973614,idle,147.773775,1207.8613572434033,0.0,7,12.75,0.500416540801794,"[0.50041654 0.50092871 0.50144087 0.50195304 0.50283149 0.52097401
 0.53911654 0.55725906]",False
627,888.3489333333335,0.0,276.5173241161414,276.5173241161414,1164.8662574494751,0,18,0.21000000000000002,31.118237568576337,0.0,591.0951,4831.445428973613,379.3103448275862,379.3103448275862,917.9471,0.20074404032639992,0.21000000000000002,1,0,0,0,1000,0,0.0,0,12.75,0,0,0.0,0.0,0,21,[0. 0. 0. 0. 0.],2,0.0,73566.69439577739,252.6185093792822,291.2165643623688,291.2165643623688,4.831445428973614,idle,147.773775,1207.8613572434033,0.0,7,13.0,0.5009287058483753,"[0.50092871 0.50144087 0.50195304 0.50283149 0.52097401 0.53911654
 0.55725906 0.57517726]",False
628,876.5197333333333,0.0,266.80229993901236,266.80229993901236,1143.3220332723456,0,18,0.19,30.926789466250348,0.0,591.0951,4831.445428973613,379.3103448275862,379.3103448275862,900.8926,0.19832321817183404,0.19,1,0,0,0,1000,0,0.0,0,13.0,0,0,0.0,0.0,0,19,[0. 0. 0. 0. 0.],2,0.0,72695.25917038834,254.3299509844115,285.8305083180864,285.8305083180864,4.831445428973614,idle,147.773775,1207.8613572434033,0.0,7,13.25,0.5014408708949568,"[0.50144087 0.50195304 0.50283149 0.52097401 0.53911654 0.55725906
 0.57517726 0.58258182]",False
629,888.3489333333335,0.0,276.5173241161414,276.5173241161414,1164.8662574494751,0,18,0.21000000000000002,31.118237568576337,0.0,591.0951,4831.445428973613,379.3103448275862,379.3103448275862,917.9471,0.20020327443932273,0.21000000000000002,1,0,0,0,1000,0,0.0,0,13.25,0,0,0.0,0.0,0,21,[0. 0. 0. 0. 0.],2,0.0,74085.34377022972,254.39948422042121,291.2165643623688,291.2165643623688,4.831445428973614,idle,147.773775,1207.8613572434033,0.0,7,13.5,0.5019530359415382,"[0.50195304 0.50283149 0.52097401 0.53911654 0.55725906 0.57517726
 0.58258182 0.58998639]",False
630,888.3489333333335,0.0,276.5173241161414,276.5173241161414,1164.8662574494751,0,18,0.21000000000000002,31.118237568576337,0.0,591.0951,4831.445428973613,379.3103448275862,379.3103448275862,917.9471,0.20090279154758212,0.21000000000000002,1,0,0,0,1000,0,0.0,0,13.5,0,0,0.0,0.0,0,21,[0. 0. 0. 0. 0.],2,0.0,74105.59300032946,254.46901745643092,291.2165643623688,291.2165643623688,4.831445428973614,idle,147.773775,1207.8613572434033,0.0,7,13.75,0.5028314937743862,"[0.50283149 0.52097401 0.53911654 0.55725906 0.57517726 0.58258182
 0.58998639 0.59739095]",False
631,888.3489333333335,0.0,276.5173241161414,276.5173241161414,1164.8662574494751,0,18,0.21000000000000002,31.118237568576337,0.0,591.0951,4831.445428973613,379.3103448275862,379.3103448275862,917.9471,0.20042176949661208,0.21000000000000002,1,0,0,0,1000,0,0.0,0,13.75,0,0,0.0,0.0,0,21,[0. 0. 0. 0. 0.],2,0.0,74125.8422304292,254.53855069244062,291.2165643623688,291.2165643623688,4.831445428973614,idle,147.773775,1207.8613572434033,0.0,7,14.0,0.5209740149071151,"[0.52097401 0.53911654 0.55725906 0.57517726 0.58258182 0.58998639
 0.59739095 0.60465072]",False
632,876.5197333333333,0.0,266.80229993901236,266.80229993901236,1143.3220332723456,0,18,0.19,30.926789466250348,0.0,591.0951,4831.445428973613,379.3103448275862,379.3103448275862,900.8926,0.19876020828641272,0.19,1,0,0,0,1000,0,0.0,0,14.0,0,0,0.0,0.0,0,19,[0. 0. 0. 0. 0.],2,0.0,72788.97215398899,254.65781305956955,285.8305083180864,285.8305083180864,4.831445428973614,idle,147.773775,1207.8613572434033,0.0,7,14.25,0.5391165360398442,"[0.53911654 0.55725906 0.57517726 0.58258182 0.58998639 0.59739095
 0.60465072 0.60516183]",False
633,876.5197333333333,0.0,266.80229993901236,266.80229993901236,1143.3220332723456,0,18,0.19,30.926789466250348,0.0,591.0951,4831.445428973613,379.3103448275862,379.3103448275862,900.8926,0.19601910876587864,0.19,1,0,0,0,1000,0,0.0,0,14.25,0,0,0.0,0.0,0,19,[0. 0. 0. 0. 0.],2,0.0,73492.9981970141,257.1209022769096,285.8305083180864,285.8305083180864,4.831445428973614,idle,147.773775,1207.8613572434033,0.0,7,14.5,0.5572590571725754,"[0.55725906 0.57517726 0.58258182 0.58998639 0.59739095 0.60465072
 0.60516183 0.60567294]",False
634,876.5197333333333,0.0,266.80229993901236,266.80229993901236,1143.3220332723456,0,18,0.19,30.926789466250348,0.0,591.0951,4831.445428973613,379.3103448275862,379.3103448275862,900.8926,0.19684464222273906,0.19,1,0,0,0,1000,0,0.0,0,14.5,0,0,0.0,0.0,0,19,[0. 0. 0. 0. 0.],2,0.0,74197.02424003919,259.58399149424963,285.8305083180864,285.8305083180864,4.831445428973614,idle,147.773775,1207.8613572434033,0.0,7,14.75,0.5751772579770261,"[0.57517726 0.58258182 0.58998639 0.59739095 0.60465072 0.60516183
 0.60567294 0.60618405]",False
635,888.3489333333335,0.0,276.5173241161414,276.5173241161414,1164.8662574494751,0,18,0.21000000000000002,31.118237568576337,0.0,591.0951,4831.445428973613,379.3103448275862,379.3103448275862,917.9471,0.20123680865699434,0.21000000000000002,1,0,0,0,1000,0,0.0,0,14.75,0,0,0.0,0.0,0,21,[0. 0. 0. 0. 0.],2,0.0,76312.45054601759,262.04708071158996,291.2165643623688,291.2165643623688,4.831445428973614,idle,147.773775,1207.8613572434033,0.0,7,15.0,0.5825818224118974,"[0.58258182 0.58998639 0.59739095 0.60465072 0.60516183 0.60567294
 0.60618405 0.60680341]",False
636,888.3489333333335,0.0,276.5173241161414,276.5173241161414,1164.8662574494751,0,18,0.21000000000000002,31.118237568576337,0.0,591.0951,4831.445428973613,379.3103448275862,379.3103448275862,917.9471,0.20919560806864407,0.21000000000000002,1,0,0,0,1000,0,0.0,0,15.0,0,0,0.0,0.0,0,21,[0. 0. 0. 0. 0.],2,0.0,77020.87407762045,264.4797154525223,291.2165643623688,291.2165643623688,4.831445428973614,idle,147.773775,1207.8613572434033,0.0,7,15.25,0.5899863868467695,"[0.58998639 0.59739095 0.60465072 0.60516183 0.60567294 0.60618405
 0.60680341 0.61244026]",False
637,894.2635333333332,0.0,281.4494427050385,281.4494427050385,1175.7129760383716,0,18,0.22,31.213328687378628,0.0,591.0951,4831.445428973613,379.3103448275862,379.3103448275862,926.418,0.2205925081710306,0.22,1,0,0,0,1000,0,0.0,0,15.25,0,0,0.0,0.0,0,22,[0. 0. 0. 0. 0.],2,0.0,78033.53510865319,265.4849838319941,293.9282440095929,293.9282440095929,4.831445428973614,idle,147.773775,1207.8613572434033,0.0,7,15.5,0.5973909512816408,"[0.59739095 0.60465072 0.60516183 0.60567294 0.60618405 0.60680341
 0.61244026 0.61807711]",False
638,900.1781333333333,0.0,286.4316055788092,286.4316055788092,1186.6097389121423,0,18,0.23,31.30800248252507,0.0,591.0951,4831.445428973613,379.3103448275862,379.3103448275862,934.8518,0.2295532834558385,0.23,1,0,0,0,1000,0,0.0,0,15.5,0,0,0.0,0.0,0,23,[0. 0. 0. 0. 0.],2,0.0,79054.98214981965,266.490252211466,296.6524347280356,296.6524347280356,4.831445428973614,idle,147.773775,1207.8613572434033,0.0,7,15.75,0.6046507216814542,"[0.60465072 0.60516183 0.60567294 0.60618405 0.60680341 0.61244026
 0.61807711 0.62371397]",False
639,900.1781333333333,0.0,286.4316055788092,286.4316055788092,1186.6097389121423,0,18,0.23,31.30800248252507,0.0,591.0951,4831.445428973613,379.3103448275862,379.3103448275862,934.8518,0.2360779339230681,0.23,1,0,0,0,1000,0,0.0,0,15.75,0,0,0.0,0.0,0,23,[0. 0. 0. 0. 0.],2,0.0,79353.19746214506,267.49552059093776,296.6524347280356,296.6524347280356,4.831445428973614,idle,147.773775,1207.8613572434033,0.0,7,16.0,0.6051618309690289,"[0.60516183 0.60567294 0.60618405 0.60680341 0.61244026 0.61807711
 0.62371397 0.62912659]",False
640,906.0927333333335,0.0,291.4640434991476,291.4640434991476,1197.556776832481,0,18,0.24000000000000002,31.402262378208444,0.0,591.0951,4831.445428973613,379.3103448275862,379.3103448275862,943.2486,0.2401664595727194,0.24000000000000002,1,0,0,0,1000,0,0.0,0,16.0,0,0,0.0,0.0,0,24,[0. 0. 0. 0. 0.],2,0.0,80380.34954471621,268.4811312489784,299.3891942081203,299.3891942081203,4.831445428973614,idle,147.773775,1207.8613572434033,0.0,7,16.25,0.605672940256603,"[0.60567294 0.60618405 0.60680341 0.61244026 0.61807711 0.62371397
 0.62912659 0.62420302]",False
641,906.0927333333335,0.0,291.4640434991476,291.4640434991476,1197.556776832481,0,18,0.24000000000000002,31.402262378208444,0.0,591.0951,4831.445428973613,379.3103448275862,379.3103448275862,943.2486,0.24187390834306924,0.24000000000000002,1,0,0,0,1000,0,0.0,0,16.25,0,0,0.0,0.0,0,24,[0. 0. 0. 0. 0.],2,0.0,80401.12413175483,268.55052115162187,299.3891942081203,299.3891942081203,4.831445428973614,idle,147.773775,1207.8613572434033,0.07150051572243105,7,16.5,0.6061840495441772,"[0.60618405 0.60680341 0.61244026 0.61807711 0.62371397 0.62912659
 0.62420302 0.61927944]",False
642,906.0927333333335,0.0,291.45227730016484,291.45227730016484,1197.5450106334984,0,18,0.24000000000000002,31.402262378208444,0.07150051572243105,591.0951,4831.445428973613,379.3103448275862,379.3103448275862,943.2486,0.24369585113130687,0.24000000000000002,1,0,0,0,1000,0,0.0,0,16.5,0,0,0.0,0.0,0,24,[0. 0. 0. 0. 0.],2,0.0,80421.10855996238,268.6199110542653,299.3862526583746,299.3862526583746,4.831445428973614,idle,147.773775,1207.8613572434033,0.22672550785909162,7,16.75,0.6068034079811648,"[0.60680341 0.61244026 0.61807711 0.62371397 0.62912659 0.62420302
 0.61927944 0.61435586]",False
643,906.0927333333335,0.0,291.42396839582057,291.42396839582057,1197.5167017291542,0,18,0.24000000000000002,31.402262378208444,0.22672550785909162,591.0951,4831.445428973613,379.3103448275862,379.3103448275862,943.2486,0.24563228793743225,0.24000000000000002,1,0,0,0,1000,0,0.0,0,16.75,0,0,0.0,0.0,0,24,[0. 0. 0. 0. 0.],2,0.0,80439.98136795734,268.6893009569087,299.37917543228855,299.37917543228855,4.831445428973614,idle,147.773775,1207.8613572434033,0.36314127958549086,7,17.0,0.6124402607760917,"[0.61244026 0.61807711 0.62371397 0.62912659 0.62420302 0.61927944
 0.61435586 0.60961525]",False
644,906.0927333333335,0.0,291.3959656586971,291.3959656586971,1197.4886989920308,0,18,0.24000000000000002,31.402262378208444,0.36314127958549086,591.0951,4831.445428973613,379.3103448275862,379.3103448275862,943.2486,0.24768321876144545,0.24000000000000002,1,0,0,0,1000,0,0.0,0,17.0,0,0,0.0,0.0,0,24,[0. 0. 0. 0. 0.],2,0.0,80463.2734181025,268.7733871253443,299.3721747480077,299.3721747480077,4.831445428973614,idle,147.773775,1207.8613572434033,0.2114744397528092,7,17.25,0.6180771135710181,"[0.61807711 0.62371397 0.62912659 0.62420302 0.61927944 0.61435586
 0.60961525 0.61326235]",False
645,906.0927333333335,0.0,291.4269174535438,291.4269174535438,1197.5196507868773,0,18,0.24000000000000002,31.402262378208444,0.2114744397528092,591.0951,4831.445428973613,379.3103448275862,379.3103448275862,943.2486,0.24988944195470542,0.24000000000000002,1,0,0,0,1000,0,0.0,0,17.25,0,0,0.0,0.0,0,24,[0. 0. 0. 0. 0.],2,0.0,80694.4620179642,269.53866507306407,299.3799126967193,299.3799126967193,4.831445428973614,idle,147.773775,1207.8613572434033,0.06147722307748227,7,17.5,0.6237139663659441,"[0.62371397 0.62912659 0.62420302 0.61927944 0.61435586 0.60961525
 0.61326235 0.61690945]",False
646,917.9219333333335,0.0,301.6701196414427,301.6701196414427,1219.5920529747764,0,18,0.26,31.589553974748874,0.06147722307748227,591.0951,4831.445428973613,379.3103448275862,379.3103448275862,959.9329,0.2541661788159862,0.26,1,0,0,0,1000,0,0.0,0,17.5,0,0,0.0,0.0,0,26,[0. 0. 0. 0. 0.],2,0.0,82415.13519897367,270.3039430207838,304.8980132436941,304.8980132436941,4.831445428973614,idle,147.773775,1207.8613572434033,0.0,7,17.75,0.6291265908877319,"[0.62912659 0.62420302 0.61927944 0.61435586 0.60961525 0.61326235
 0.61690945 0.62055655]",False
647,917.9219333333335,0.0,301.68067056794183,301.68067056794183,1219.6026039012754,0,18,0.26,31.589553974748874,0.0,591.0951,4831.445428973613,379.3103448275862,379.3103448275862,959.9329,0.2605134293452879,0.26,1,0,0,0,1000,0,0.0,0,17.75,0,0,0.0,0.0,0,26,[0. 0. 0. 0. 0.],2,0.0,82649.18193266925,271.06922096850343,304.90065097531885,304.90065097531885,4.831445428973614,idle,147.773775,1207.8613572434033,0.0,7,18.0,0.6242030153348701,"[0.62420302 0.61927944 0.61435586 0.60961525 0.61326235 0.61690945
 0.62055655 0.62464735]",False
648,923.8365333333334,0.0,306.865324218796,306.865324218796,1230.7018575521292,0,18,0.27,31.68259233236925,0.0,591.0951,4831.445428973613,379.3103448275862,379.3103448275862,968.221,0.2689311935426103,0.27,1,0,0,0,1000,0,0.0,0,18.0,0,0,0.0,0.0,0,27,[0. 0. 0. 0. 0.],2,0.0,83627.43944080525,271.80405693752846,307.6754643880323,307.6754643880323,4.831445428973614,idle,147.773775,1207.8613572434033,0.0,7,18.25,0.6192794397820078,"[0.61927944 0.61435586 0.60961525 0.61326235 0.61690945 0.62055655
 0.62464735 0.64896858]",False
649,929.7511333333333,0.0,312.1011818804777,312.1011818804777,1241.8523152138112,0,18,0.28,31.775230105092305,0.0,591.0951,4831.445428973613,379.3103448275862,379.3103448275862,976.4733,0.27937454806922857,0.28,1,0,0,0,1000,0,0.0,0,18.25,0,0,0.0,0.0,0,28,[0. 0. 0. 0. 0.],2,0.0,84177.5980820649,271.13561588866366,310.4630788034528,310.4630788034528,4.831445428973614,idle,147.773775,1207.8613572434033,0.0,7,18.5,0.6143558642291451,"[0.61435586 0.60961525 0.61326235 0.61690945 0.62055655 0.62464735
 0.64896858 0.67328981]",False
650,935.6657333333334,0.0,317.3884771720527,317.3884771720527,1253.0542105053862,0,18,0.29,31.86747052860626,0.0,591.0951,4831.445428973613,379.3103448275862,379.3103448275862,984.6903,0.28963413488646395,0.29,1,0,0,0,1000,0,0.0,0,18.5,0,0,0.0,0.0,0,28,[0. 0. 0. 0. 0.],2,0.0,84727.50805912659,270.4671748397988,313.26355262634655,313.26355262634655,4.831445428973614,idle,147.773775,1207.8613572434033,0.0,7,18.75,0.6096152471983566,"[0.60961525 0.61326235 0.61690945 0.62055655 0.62464735 0.64896858
 0.67328981 0.69761104]",False
651,935.6657333333334,0.0,317.3884771720527,317.3884771720527,1253.0542105053862,0,18,0.29,31.86747052860626,0.0,591.0951,4831.445428973613,379.3103448275862,379.3103448275862,984.6903,0.2997099539943164,0.29,1,0,0,0,1000,0,0.0,0,18.75,0,0,0.0,0.0,0,28,[0. 0. 0. 0. 0.],2,0.0,84518.1098414379,269.7987337909339,313.26355262634655,313.26355262634655,4.831445428973614,idle,147.773775,1207.8613572434033,0.0,7,19.0,0.6132623489361559,"[0.61326235 0.61690945 0.62055655 0.62464735 0.64896858 0.67328981
 0.69761104 0.7213705 ]",False
652,947.4949333333334,0.0,328.11831766466463,328.11831766466463,1275.613250997998,0,18,0.31,32.050772090408614,0.0,591.0951,4831.445428973613,379.3103448275862,379.3103448275862,1001.0192,0.309602005392786,0.31,1,0,0,0,1000,0,0.0,0,19.0,0,0,0.0,0.0,0,31,[0. 0. 0. 0. 0.],2,0.0,85834.46317506689,269.1551318016266,318.9033127494995,318.9033127494995,4.831445428973614,idle,147.773775,1207.8613572434033,0.0,7,19.25,0.6169094506739553,"[0.61690945 0.62055655 0.62464735 0.64896858 0.67328981 0.69761104
 0.7213705  0.71965374]",False
653,953.4095333333332,0.0,333.56133259215875,333.56133259215875,1286.970865925492,0,18,0.32,32.14183952119426,0.0,591.0951,4831.445428973613,379.3103448275862,379.3103448275862,1009.1316,0.31927576975713257,0.32,1,0,0,0,1000,0,0.0,0,19.25,0,0,0.0,0.0,0,32,[0. 0. 0. 0. 0.],2,0.0,86758.01181927968,269.65027450528925,321.742716481373,321.742716481373,4.831445428973614,idle,147.773775,1207.8613572434033,0.08858366023875208,7,19.5,0.6205565524117551,"[0.62055655 0.62464735 0.64896858 0.67328981 0.69761104 0.7213705
 0.71965374 0.71793698]",False
654,959.3241333333333,0.0,339.0386970817189,339.0386970817189,1298.362830415052,0,18,0.33,32.232522188729604,0.08858366023875208,591.0951,4831.445428973613,379.3103448275862,379.3103448275862,1017.2098,0.3273745197745691,0.33,1,0,0,0,1000,0,0.0,0,19.5,0,0,0.0,0.0,0,33,[0. 0. 0. 0. 0.],2,0.0,87686.69212776747,270.14541720895187,324.590707603763,324.590707603763,4.831445428973614,idle,147.773775,1207.8613572434033,0.2274011481592632,7,19.75,0.6246473455493484,"[0.62464735 0.64896858 0.67328981 0.69761104 0.7213705  0.71965374
 0.71793698 0.71622022]",False
655,959.3241333333333,0.0,339.0074047347075,339.0074047347075,1298.3315380680408,0,18,0.33,32.232522188729604,0.2274011481592632,591.0951,4831.445428973613,379.3103448275862,379.3103448275862,1017.2098,0.3338982554450958,0.33,1,0,0,0,1000,0,0.0,0,19.75,0,0,0.0,0.0,0,33,[0. 0. 0. 0. 0.],2,0.0,87845.29360373515,270.64055991261455,324.5828845170102,324.5828845170102,4.831445428973614,idle,147.773775,1207.8613572434033,0.3914364289565392,7,20.0,0.648968578468981,"[0.64896858 0.67328981 0.69761104 0.7213705  0.71965374 0.71793698
 0.71622022 0.71457174]",False
656,965.2387333333335,0.0,344.51164638232564,344.51164638232564,1309.7503797156592,0,18,0.34,32.322823152716616,0.3914364289565392,591.0951,4831.445428973613,379.3103448275862,379.3103448275862,1025.254,0.3388469767687128,0.34,1,0,0,0,1000,0,0.0,0,20.0,0,0,0.0,0.0,0,34,[0. 0. 0. 0. 0.],2,0.0,88799.74623069234,271.1959396414769,327.4375949289148,327.4375949289148,4.831445428973614,idle,147.773775,1207.8613572434033,0.5145691594478695,7,20.25,0.6732898113886162,"[0.67328981 0.69761104 0.7213705  0.71965374 0.71793698 0.71622022
 0.71457174 0.71600279]",False
657,965.2387333333335,0.0,344.4761311723672,344.4761311723672,1309.7148645057007,0,18,0.34,32.322823152716616,0.5145691594478695,591.0951,4831.445428973613,379.3103448275862,379.3103448275862,1025.254,0.34221645804145184,0.34,1,0,0,0,1000,0,0.0,0,20.25,0,0,0.0,0.0,0,34,[0. 0. 0. 0. 0.],2,0.0,89878.48560921209,274.4978713916731,327.4287161264252,327.4287161264252,4.831445428973614,idle,147.773775,1207.8613572434033,0.6435723782365259,7,20.5,0.6976110443082488,"[0.69761104 0.7213705  0.71965374 0.71793698 0.71622022 0.71457174
 0.71600279 0.71743384]",False
658,965.2387333333335,0.0,344.4357256325913,344.4357256325913,1309.6744589659247,0,18,0.34,32.322823152716616,0.6435723782365259,591.0951,4831.445428973613,379.3103448275862,379.3103448275862,1025.254,0.34372132245144726,0.34,1,0,0,0,1000,0,0.0,0,20.5,0,0,0.0,0.0,0,34,[0. 0. 0. 0. 0.],2,0.0,90956.82672016711,277.7998031418696,327.4186147414812,327.4186147414812,4.831445428973614,idle,147.773775,1207.8613572434033,0.7810405486915102,7,20.75,0.7213704986297402,"[0.7213705  0.71965374 0.71793698 0.71622022 0.71457174 0.71600279
 0.71743384 0.71886489]",False
659,965.2387333333335,0.0,344.38907075648336,344.38907075648336,1309.6278040898167,0,18,0.34,32.322823152716616,0.7810405486915102,591.0951,4831.445428973613,379.3103448275862,379.3103448275862,1025.254,0.34336156999869916,0.34,1,0,0,0,1000,0,0.0,0,20.75,0,0,0.0,0.0,0,34,[0. 0. 0. 0. 0.],2,0.0,92034.66194813346,281.10173489206574,327.40695102245417,327.40695102245417,4.831445428973614,idle,147.773775,1207.8613572434033,0.9139664922904848,7,21.0,0.7196537393815942,"[0.71965374 0.71793698 0.71622022 0.71457174 0.71600279 0.71743384
 0.71886489 0.72013463]",False
660,965.2387333333335,0.0,344.34042994152605,344.34042994152605,1309.5791632748596,0,18,0.34,32.322823152716616,0.9139664922904848,591.0951,4831.445428973613,379.3103448275862,379.3103448275862,1025.254,0.34113720068320746,0.34,1,0,0,0,1000,0,0.0,0,21.0,0,0,0.0,0.0,0,34,[0. 0. 0. 0. 0.],2,0.0,93087.30889562971,284.3273977049135,327.3947908187149,327.3947908187149,4.831445428973614,idle,147.773775,1207.8613572434033,0.7910212399715202,7,21.25,0.717936980133448,"[0.71793698 0.71622022 0.71457174 0.71600279 0.71743384 0.71886489
 0.72013463 0.7141674 ]",False
661,959.3241333333333,0.0,338.84224750917997,338.84224750917997,1298.1663808425135,0,18,0.33,32.232522188729604,0.7910212399715202,591.0951,4831.445428973613,379.3103448275862,379.3103448275862,1017.2098,0.33716285877401764,0.33,1,0,0,0,1000,0,0.0,0,21.25,0,0,0.0,0.0,0,33,[0. 0. 0. 0. 0.],2,0.0,92200.42534137965,284.09432473991916,324.5415952106284,324.5415952106284,4.831445428973614,idle,147.773775,1207.8613572434033,0.6689463983535727,7,21.5,0.7162202208853019,"[0.71622022 0.71457174 0.71600279 0.71743384 0.71886489 0.72013463
 0.7141674  0.70820016]",False
662,959.3241333333333,0.0,338.8832019089088,338.8832019089088,1298.2073352422422,0,18,0.33,32.232522188729604,0.6689463983535727,591.0951,4831.445428973613,379.3103448275862,379.3103448275862,1017.2098,0.3365848520172967,0.33,1,0,0,0,1000,0,0.0,0,21.5,0,0,0.0,0.0,0,33,[0. 0. 0. 0. 0.],2,0.0,92127.68981131309,283.8612517749248,324.55183381056054,324.55183381056054,4.831445428973614,idle,147.773775,1207.8613572434033,0.5413679764901278,7,21.75,0.7145717360578403,"[0.71457174 0.71600279 0.71743384 0.71886489 0.72013463 0.7141674
 0.70820016 0.70223293]",False
663,965.2387333333335,0.0,344.468006570821,344.468006570821,1309.7067399041546,0,18,0.34,32.322823152716616,0.5413679764901278,591.0951,4831.445428973613,379.3103448275862,379.3103448275862,1025.254,0.33940318041304474,0.34,1,0,0,0,1000,0,0.0,0,21.75,0,0,0.0,0.0,0,34,[0. 0. 0. 0. 0.],2,0.0,92867.43435352667,283.6281788099305,327.42668497603864,327.42668497603864,4.831445428973614,idle,147.773775,1207.8613572434033,0.4191137798465049,7,22.0,0.716002786942286,"[0.71600279 0.71743384 0.71886489 0.72013463 0.7141674  0.70820016
 0.70223293 0.69624894]",False
664,965.2387333333335,0.0,344.5039231821367,344.5039231821367,1309.7426565154703,0,18,0.34,32.322823152716616,0.4191137798465049,591.0951,4831.445428973613,379.3103448275862,379.3103448275862,1025.254,0.34561784396126216,0.34,1,0,0,0,1000,0,0.0,0,22.0,0,0,0.0,0.0,0,34,[0. 0. 0. 0. 0.],2,0.0,92796.69974781877,283.4043750081455,327.4356641288676,327.4356641288676,4.831445428973614,idle,147.773775,1207.8613572434033,0.5244494595612592,7,22.25,0.7174338378267322,"[0.71743384 0.71886489 0.72013463 0.7141674  0.70820016 0.70223293
 0.69624894 0.6895172 ]",False
665,977.0679333333336,0.0,355.7221729478235,355.7221729478235,1332.790106281157,0,18,0.36,32.50229204043178,0.5244494595612592,591.0951,4831.445428973613,379.3103448275862,379.3103448275862,1041.2415,0.3550156248470623,0.36,1,0,0,0,1000,0,0.0,0,22.25,0,0,0.0,0.0,0,36,[0. 0. 0. 0. 0.],2,0.0,94494.37180147282,283.5986592521685,333.19752657028926,333.19752657028926,4.831445428973614,idle,147.773775,1207.8613572434033,0.6328716663885902,7,22.5,0.7188648887111779,"[0.71886489 0.72013463 0.7141674  0.70820016 0.70223293 0.69624894
 0.6895172  0.68278547]",False
666,977.0679333333336,0.0,355.6867325620053,355.6867325620053,1332.7546658953388,0,18,0.36,32.50229204043178,0.6328716663885902,591.0951,4831.445428973613,379.3103448275862,379.3103448275862,1041.2415,0.3579709524238164,0.36,1,0,0,0,1000,0,0.0,0,22.5,0,0,0.0,0.0,0,36,[0. 0. 0. 0. 0.],2,0.0,94556.59239818038,283.7929434961915,333.1886664738347,333.1886664738347,4.831445428973614,idle,147.773775,1207.8613572434033,0.7194704396891352,7,22.75,0.7201346299657634,"[0.72013463 0.7141674  0.70820016 0.70223293 0.69624894 0.6895172
 0.68278547 0.67605374]",False
667,977.0679333333336,0.0,355.6566939114697,355.6566939114697,1332.7246272448033,0,18,0.36,32.50229204043178,0.7194704396891352,591.0951,4831.445428973613,379.3103448275862,379.3103448275862,1041.2415,0.3544838266915238,0.36,1,0,0,0,1000,0,0.0,0,22.75,0,0,0.0,0.0,0,36,[0. 0. 0. 0. 0.],2,0.0,94619.1930580906,283.9872277402145,333.1811568112008,333.1811568112008,4.831445428973614,idle,147.773775,1207.8613572434033,0.8158165480074323,7,23.0,0.7141673962555893,"[0.7141674  0.70820016 0.70223293 0.69624894 0.6895172  0.68278547
 0.67605374 0.66903812]",False
668,965.2387333333335,0.0,344.37668024682654,344.37668024682654,1309.61541358016,0,18,0.34,32.322823152716616,0.8158165480074323,591.0951,4831.445428973613,379.3103448275862,379.3103448275862,1025.254,0.3445542476501852,0.34,1,0,0,0,1000,0,0.0,0,23.0,0,0,0.0,0.0,0,34,[0. 0. 0. 0. 0.],2,0.0,93034.95196458555,284.15961205053725,327.40385339504,327.40385339504,4.831445428973614,idle,147.773775,1207.8613572434033,0.9151162280806098,7,23.25,0.7082001625454152,"[0.70820016 0.70223293 0.69624894 0.6895172  0.68278547 0.67605374
 0.66903812 0.64942164]",False
669,959.3241333333333,0.0,338.7976818752073,338.7976818752073,1298.1218152085405,0,18,0.33,32.232522188729604,0.9151162280806098,591.0951,4831.445428973613,379.3103448275862,379.3103448275862,1017.2098,0.3284488320245452,0.33,1,0,0,0,1000,0,0.0,0,23.25,0,0,0.0,0.0,0,33,[0. 0. 0. 0. 0.],2,0.0,91955.53548709699,283.34948048715916,324.5304538021351,324.5304538021351,4.831445428973614,idle,147.773775,1207.8613572434033,1.0200229821062465,7,23.5,0.7022329288352402,"[0.70223293 0.69624894 0.6895172  0.68278547 0.67605374 0.66903812
 0.64942164 0.62980515]",False
670,953.4095333333332,0.0,333.2687929223451,333.2687929223451,1286.6783262556783,0,18,0.32,32.14183952119426,1.0200229821062465,591.0951,4831.445428973613,379.3103448275862,379.3103448275862,1009.1316,0.3182355287144073,0.32,1,0,0,0,1000,0,0.0,0,23.5,0,0,0.0,0.0,0,32,[0. 0. 0. 0. 0.],2,0.0,90884.31414365492,282.53934892378106,321.66958156391956,321.66958156391956,4.831445428973614,idle,147.773775,1207.8613572434033,1.112218381803191,7,23.75,0.6962489389434967,"[0.69624894 0.6895172  0.68278547 0.67605374 0.66903812 0.64942164
 0.62980515 0.61018867]",False
671,953.4095333333332,0.0,333.2327142449815,333.2327142449815,1286.6422475783147,0,18,0.32,32.14183952119426,1.112218381803191,591.0951,4831.445428973613,379.3103448275862,379.3103448275862,1009.1316,0.31391433771977084,0.32,1,0,0,0,1000,0,0.0,0,23.75,0,0,0.0,0.0,0,32,[0. 0. 0. 0. 0.],2,0.0,90621.17835826708,281.72921736040286,321.6605618945787,321.6605618945787,4.831445428973614,idle,147.773775,1207.8613572434033,1.2117991616172832,8,0.0,0.6895172044492349,"[0.6895172  0.68278547 0.67605374 0.66903812 0.64942164 0.62980515
 0.61018867 0.59036847]",True
