seed,step,setpoint,workload,it_power_kW,hvac_power_kW,total_power_kW,outlet_temp_C,ambient_temp_C,inlet_min_C,inlet_max_C,inlet_mean_C
42,0,18,0.32,953.3785333333332,340.6839675059366,1294.0625008392697,32.142059089567915,8.288764951043294,23.0,23.3,23.150000000000002
42,1,18,0.32,953.3785333333332,340.6810021596792,1294.0595354930126,32.142059089567915,8.291987314317206,23.0,23.3,23.150000000000002
42,2,18,0.33,959.2931333333333,346.6609040538804,1305.9540373872137,32.232744733254826,8.294806901184463,23.0,23.3,23.150000000000002
42,3,18,0.33,959.2931333333333,346.6514610987097,1305.944594432043,32.232744733254826,8.305017704050734,23.0,23.3,23.150000000000002
42,4,18,0.34,965.2077333333335,352.71189020639514,1317.9196235397285,32.32304863668119,8.299213832673443,23.0,23.3,23.150000000000002
42,5,18,0.36,977.0369333333335,364.493476202274,1341.5304095356075,32.50252329511545,8.8689236380487,23.0,23.3,23.150000000000002
42,6,18,0.36,977.0369333333335,363.9087146805463,1340.94564801388,32.50252329511545,9.438166508515705,23.0,23.3,23.150000000000002
42,7,18,0.37,982.9515333333335,369.568692606988,1352.5202259403213,32.59170000343958,10.003845476973236,23.0,23.3,23.150000000000002
42,8,18,0.39,994.7807333333334,381.7211957764502,1376.5019291097835,32.76894681768063,10.552360510806507,23.0,23.3,23.150000000000002
42,9,18,0.41000000000000003,1006.6099333333331,394.6585979641548,1401.268531297488,32.94473730993878,10.686967136840956,23.0,23.3,23.150000000000002
42,10,18,0.42000000000000004,1012.5245333333335,401.1694218271082,1413.6939551604419,33.03209349900239,10.820220514958361,23.0,23.3,23.150000000000002
42,11,18,0.43,1018.4391333333332,407.78962621570855,1426.2287595490418,33.119094022867024,10.929826000227122,23.0,23.3,23.150000000000002
42,12,18,0.43,1018.4391333333332,407.6444297572397,1426.0835630905729,33.119094022867024,11.050555725878557,23.0,23.3,23.150000000000002
42,13,18,0.43,1018.4391333333332,407.3184637262413,1425.7575970595744,33.119094022867024,11.318061886796045,23.0,23.3,23.150000000000002
42,14,18,0.42000000000000004,1012.5245333333335,400.2329493011415,1412.757482634475,33.03209349900239,11.585962762132944,23.0,23.3,23.150000000000002
42,15,18,0.42000000000000004,1012.5245333333335,399.9131207746213,1412.4376541079548,33.03209349900239,11.839350705264017,23.0,23.3,23.150000000000002
42,16,18,0.42000000000000004,1012.5245333333335,399.56913962489494,1412.0936729582284,33.03209349900239,12.107997992043215,23.0,23.3,23.150000000000002
42,17,18,0.41000000000000003,1006.6099333333331,392.53123330215624,1399.1411666354893,32.94473730993878,12.389045537166279,23.0,23.3,23.150000000000002
42,18,18,0.41000000000000003,1006.6099333333331,392.1343553669719,1398.7442887003049,32.94473730993878,12.689915861981943,23.0,23.3,23.150000000000002
42,19,18,0.41000000000000003,1006.6099333333331,391.761797149822,1398.371730483155,32.94473730993878,12.96890725791238,23.0,23.3,23.150000000000002
42,20,18,0.41000000000000003,1006.6099333333331,391.38909235915236,1397.9990256924852,32.94473730993878,13.24507872698568,23.0,23.3,23.150000000000002
42,21,18,0.39,994.7807333333334,378.0889893135116,1372.869722646845,32.76894681768063,13.389874762181288,23.0,23.3,23.150000000000002
42,22,18,0.39,994.7807333333334,377.89160025509045,1372.672333588424,32.76894681768063,13.533813747701052,23.0,23.3,23.150000000000002
42,23,18,0.38,988.8661333333333,371.2429502349511,1360.1090835682842,32.680506879030105,13.693391482293805,23.0,23.3,23.150000000000002
42,24,18,0.37,982.9515333333335,364.6834226407158,1347.6349559740493,32.59170000343958,13.8463194072648,23.0,23.3,23.150000000000002
42,25,18,0.36,977.0369333333335,358.25130943321426,1335.288242766548,32.50252329511545,13.964900929138837,23.0,23.3,23.150000000000002
42,26,18,0.36,977.0369333333335,358.09116210779484,1335.1280954411284,32.50252329511545,14.079582170711312,23.0,23.3,23.150000000000002
42,27,18,0.34,965.2077333333335,345.6231966212232,1310.8309299545567,32.32304863668119,14.202951272671823,23.0,23.3,23.150000000000002
42,28,18,0.36,977.0369333333335,357.7501577777198,1334.7870911110535,32.50252329511545,14.322582536502741,23.0,23.3,23.150000000000002
42,29,18,0.37,982.9515333333335,363.80575709542103,1346.7572904287545,32.59170000343958,14.472530960882095,23.0,23.3,23.150000000000002
42,30,18,0.37,982.9515333333335,363.59685808214215,1346.5483914154754,32.59170000343958,14.620216748096421,23.0,23.3,23.150000000000002
42,31,18,0.38,988.8661333333333,369.72731690129416,1358.5934502346274,32.680506879030105,14.774155224850542,23.0,23.3,23.150000000000002
42,32,18,0.37,982.9515333333335,363.1832808343244,1346.1348141676579,32.59170000343958,14.911376045644312,23.0,23.3,23.150000000000002
42,33,18,0.37,982.9515333333335,362.9536742800378,1345.9052076133712,32.59170000343958,15.072414417720415,23.0,23.3,23.150000000000002
42,34,18,0.37,982.9515333333335,362.6991755323419,1345.6507088656754,32.59170000343958,15.250492303482378,23.0,23.3,23.150000000000002
42,35,18,0.37,982.9515333333335,362.46710035757866,1345.418633690912,32.59170000343958,15.41255777746456,23.0,23.3,23.150000000000002
42,36,18,0.37,982.9515333333335,362.2490278557794,1345.200561189113,32.59170000343958,15.564617186357454,23.0,23.3,23.150000000000002
42,37,18,0.38,988.8661333333333,368.5876207869432,1357.4537541202765,32.680506879030105,15.573526985426534,23.0,23.3,23.150000000000002
42,38,18,0.39,994.7807333333334,375.0370926741236,1369.817826007457,32.76894681768063,15.563330631481023,23.0,23.3,23.150000000000002
42,39,18,0.39,994.7807333333334,375.05989702934573,1369.8406303626793,32.76894681768063,15.547332154924753,23.0,23.3,23.150000000000002
42,40,18,0.39,994.7807333333334,375.0498925727912,1369.8306259061244,32.76894681768063,15.554350940402015,23.0,23.3,23.150000000000002
42,41,18,0.39,994.7807333333334,376.05288770758636,1370.8336210409198,32.76894681768063,14.848893282991988,23.0,23.3,23.150000000000002
42,42,18,0.38,988.8661333333333,370.62802334721306,1359.4941566805462,32.680506879030105,14.1352657282244,23.0,23.3,23.150000000000002
42,43,18,0.37,982.9515333333335,365.26319411408355,1348.2147274474169,32.59170000343958,13.426347771445746,23.0,23.3,23.150000000000002
42,44,18,0.37,982.9515333333335,366.2243283970969,1349.1758617304304,32.59170000343958,12.715594729674564,23.0,23.3,23.150000000000002
42,45,18,0.36,977.0369333333335,360.1530056241014,1337.189938957435,32.50252329511545,12.566948792182261,23.0,23.3,23.150000000000002
42,46,18,0.34,965.2077333333335,348.0383688870674,1313.2461022204009,32.32304863668119,12.422826600495151,23.0,23.3,23.150000000000002
42,47,18,0.34,965.2077333333335,348.221831827887,1313.4295651612206,32.32304863668119,12.28179261881524,23.0,23.3,23.150000000000002
42,48,18,0.36,977.0369333333335,360.7099594512823,1337.746892784616,32.50252329511545,12.141030649504708,23.0,23.3,23.150000000000002
42,49,18,0.37,982.9515333333335,366.9696433550297,1349.9211766883632,32.59170000343958,12.148659562978898,23.0,23.3,23.150000000000002
42,50,18,0.37,982.9515333333335,366.9723563066411,1349.9238896399745,32.59170000343958,12.146566244751773,23.0,23.3,23.150000000000002
42,51,18,0.38,988.8661333333333,373.3288445988055,1362.1949779321387,32.680506879030105,12.14026628584221,23.0,23.3,23.150000000000002
42,52,18,0.38,988.8661333333333,373.34994350744057,1362.2160768407737,32.680506879030105,12.12398823212469,23.0,23.3,23.150000000000002
42,53,18,0.38,988.8661333333333,374.2255042758157,1363.091637609149,32.680506879030105,11.435079692936851,23.0,23.3,23.150000000000002
42,54,18,0.38,988.8661333333333,375.0791676838618,1363.9453010171949,32.680506879030105,10.733263811978299,23.0,23.3,23.150000000000002
42,55,18,0.38,988.8661333333333,375.89189867817555,1364.758032011509,32.680506879030105,10.029097095315407,23.0,23.3,23.150000000000002
42,56,18,0.38,988.8661333333333,376.63820735577303,1365.5043406891064,32.680506879030105,9.341916597118546,23.0,23.3,23.150000000000002
42,57,18,0.38,988.8661333333333,376.7780677669919,1365.6442011003253,32.680506879030105,9.207837042057037,23.0,23.3,23.150000000000002
42,58,18,0.38,988.8661333333333,376.8980771758998,1365.7642105092332,32.680506879030105,9.09126870719,23.0,23.3,23.150000000000002
42,59,18,0.38,988.8661333333333,377.02208463141324,1365.8882179647464,32.680506879030105,8.969261759261956,23.0,23.3,23.150000000000002
42,60,18,0.38,988.8661333333333,377.1576381261559,1366.0237714594891,32.680506879030105,8.83398543447173,23.0,23.3,23.150000000000002
42,61,18,0.38,988.8661333333333,377.1583997930354,1366.0245331263686,32.680506879030105,8.833219471691507,23.0,23.3,23.150000000000002
42,62,18,0.38,988.8661333333333,377.1486185337273,1366.0147518670606,32.680506879030105,8.843050830987721,23.0,23.3,23.150000000000002
42,63,18,0.38,988.8661333333333,377.1406122481424,1366.0067455814758,32.680506879030105,8.851089965640389,23.0,23.3,23.150000000000002
42,64,18,0.38,988.8661333333333,377.12631830588015,1365.9924516392134,32.680506879030105,8.86542437891333,23.0,23.3,23.150000000000002
42,65,18,0.38,988.8661333333333,377.5368957452917,1366.403029078625,32.680506879030105,8.443829419157487,23.0,23.3,23.150000000000002
42,66,18,0.38,988.8661333333333,377.8989396730194,1366.7650730063526,32.680506879030105,8.052892828078564,23.0,23.3,23.150000000000002
42,67,18,0.38,988.8661333333333,378.27922925540435,1367.1453625887377,32.680506879030105,7.618580563239997,23.0,23.3,23.150000000000002
42,68,18,0.37,982.9515333333335,372.278646641064,1355.2301799743975,32.59170000343958,7.1901225804964195,23.0,23.3,23.150000000000002
42,69,18,0.36,977.0369333333335,366.1000326454819,1343.1369659788154,32.50252329511545,7.064504008789059,23.0,23.3,23.150000000000002
42,70,18,0.36,977.0369333333335,366.20727481606764,1343.2442081494012,32.50252329511545,6.925164605483468,23.0,23.3,23.150000000000002
42,71,18,0.36,977.0369333333335,366.2934729923948,1343.3304063257283,32.50252329511545,6.81069494736764,23.0,23.3,23.150000000000002
42,72,18,0.37,982.9515333333335,372.65573201607293,1355.6072653494064,32.59170000343958,6.695078026364709,23.0,23.3,23.150000000000002
42,73,18,0.38,988.8661333333333,379.0070367423981,1367.8731700757314,32.680506879030105,6.695270016172075,23.0,23.3,23.150000000000002
42,74,18,0.39,994.7807333333334,385.43761721721364,1380.218350550547,32.76894681768063,6.689869978053903,23.0,23.3,23.150000000000002
42,75,18,0.41000000000000003,1006.6099333333331,398.53039194603406,1405.140325279367,32.94473730993878,6.674763130509028,23.0,23.3,23.150000000000002
42,76,18,0.42000000000000004,1012.5245333333335,405.19302798682287,1417.7175613201564,33.03209349900239,6.666462678008963,23.0,23.3,23.150000000000002
42,77,18,0.44,1024.3537333333334,418.83940698030926,1443.1931403136425,33.20574162368248,6.523973265392136,23.0,23.3,23.150000000000002
42,78,18,0.45999999999999996,1036.1829333333335,432.8034295899261,1468.9863629232595,33.377988877624354,6.37182518861883,23.0,23.3,23.150000000000002
42,79,18,0.47,1042.097533333333,439.9508531139358,1482.048386447269,33.46359386908272,6.217507590329386,23.0,23.3,23.150000000000002
42,80,18,0.49,1053.9267333333335,454.3816264377801,1508.3083597711134,33.633779713636365,6.0729126949710315,23.0,23.3,23.150000000000002
42,81,18,0.51,1065.7559333333334,469.05394208258735,1534.8098754159207,33.80261722598666,6.084615650654375,23.0,23.3,23.150000000000002
42,82,18,0.52,1071.6705333333332,476.5188981939465,1548.1894315272796,33.88653670005147,6.087213701087863,23.0,23.3,23.150000000000002
42,83,18,0.53,1077.5851333333333,484.06932792535156,1561.654461258685,33.970126648552366,6.090391712570562,23.0,23.3,23.150000000000002
42,84,18,0.56,1095.3289333333335,507.24177386062274,1602.5707071939562,34.218943852604575,6.104253762968006,23.0,23.3,23.150000000000002
42,85,18,0.5700000000000001,1101.2435333333333,515.1444615998929,1616.387994933226,34.30124008296512,6.106027650116522,23.0,23.3,23.150000000000002
42,86,18,0.58,1107.1581333333334,523.1391315663503,1630.2972648996836,34.38321885316579,6.102902428337075,23.0,23.3,23.150000000000002
42,87,18,0.59,1113.0727333333334,531.2206150275425,1644.2933483608758,34.464882501445416,6.109704059065897,23.0,23.3,23.150000000000002
42,88,18,0.59,1113.0727333333334,531.2218804755095,1644.2946138088428,34.464882501445416,6.1064202674095265,23.0,23.3,23.150000000000002
42,89,18,0.59,1113.0727333333334,531.3223881304813,1644.3951214638148,34.464882501445416,5.827695705356396,23.0,23.3,23.150000000000002
42,90,18,0.59,1113.0727333333334,531.4042420518846,1644.4769753852179,34.464882501445416,5.565558362823511,23.0,23.3,23.150000000000002
42,91,18,0.58,1107.1581333333334,523.4119363561592,1630.5700696894924,34.38321885316579,5.287600463879617,23.0,23.3,23.150000000000002
42,92,18,0.5700000000000001,1101.2435333333333,481.89380091714725,1583.1373342504803,34.30124008296512,4.986091460369113,23.0,23.3,23.150000000000002
42,93,18,0.56,1095.3289333333335,475.4271589719273,1570.7560923052606,34.218943852604575,4.839578482985543,23.0,23.3,23.150000000000002
42,94,18,0.54,1083.4997333333333,462.3924015306672,1545.8921348640006,34.05338953556522,4.685577686028114,23.0,23.3,23.150000000000002
42,95,18,0.53,1077.5851333333333,456.0707365554969,1533.6558698888302,33.970126648552366,4.532651807076376,23.0,23.3,23.150000000000002
42,96,18,0.52,1071.6705333333332,449.77822079515425,1521.4487541284875,33.88653670005147,4.387635214812468,23.0,23.3,23.150000000000002
42,97,18,0.51,1065.7559333333334,443.3191009454003,1509.0750342787337,33.80261722598666,4.385957243954966,23.0,23.3,23.150000000000002
42,98,18,0.49,1053.9267333333335,430.56056682626325,1484.4873001595965,33.633779713636365,4.38812910424783,23.0,23.3,23.150000000000002
42,99,18,0.49,1053.9267333333335,430.5895719647087,1484.516305298042,33.633779713636365,4.367694520598433,23.0,23.3,23.150000000000002
42,100,18,0.48,1048.0121333333334,424.30912417899754,1472.3212575123307,33.54885661492425,4.3573805155723315,23.0,23.3,23.150000000000002
42,101,18,0.48,1048.0121333333334,424.6624225399483,1472.6745558732816,33.54885661492425,4.096559039343929,23.0,23.3,23.150000000000002
42,102,18,0.47,1042.097533333333,418.76334684213737,1460.8608801754706,33.46359386908272,3.821363743402855,23.0,23.3,23.150000000000002
42,103,18,0.47,1042.097533333333,419.1114591530103,1461.2089924863435,33.46359386908272,3.5294458828087536,23.0,23.3,23.150000000000002
42,104,18,0.47,1042.097533333333,419.43094023657665,1461.52847356991,33.46359386908272,3.2444168155188287,23.0,23.3,23.150000000000002
42,105,18,0.48,1048.0121333333334,425.7085182962694,1473.7206516296028,33.54885661492425,3.23438717820601,23.0,23.3,23.150000000000002
42,106,18,0.48,1048.0121333333334,425.70737624309027,1473.7195095764237,33.54885661492425,3.2354213555470626,23.0,23.3,23.150000000000002
42,107,18,0.49,1053.9267333333335,432.0346421469716,1485.961375480305,33.633779713636365,3.2310500331650958,23.0,23.3,23.150000000000002
42,108,18,0.51,1065.7559333333334,444.8552467750715,1510.611180108405,33.80261722598666,3.224389292210147,23.0,23.3,23.150000000000002
42,109,18,0.51,1065.7559333333334,444.8552003459814,1510.6111336793147,33.80261722598666,3.2244290769021533,23.0,23.3,23.150000000000002
42,110,18,0.52,1071.6705333333332,451.34046445674574,1523.0109977900788,33.88653670005147,3.2292565673926132,23.0,23.3,23.150000000000002
42,111,18,0.53,1077.5851333333333,457.8911568934463,1535.4762902267796,33.970126648552366,3.2266391993350365,23.0,23.3,23.150000000000002
42,112,18,0.54,1083.4997333333333,464.5044351004677,1548.004168433801,34.05338953556522,3.2194735347861445,23.0,23.3,23.150000000000002
42,113,18,0.56,1095.3289333333335,478.40726507276025,1573.7361984060935,34.218943852604575,2.790202355333104,23.0,23.3,23.150000000000002
42,114,18,0.56,1095.3289333333335,478.86662783351187,1574.1955611668452,34.218943852604575,2.3686239641321514,23.0,23.3,23.150000000000002
42,115,18,0.5700000000000001,1101.2435333333333,486.07826322624345,1587.3217965595766,34.30124008296512,1.943537261691723,23.0,23.3,23.150000000000002
42,116,18,0.58,1107.1581333333334,493.2995852757578,1600.4577186090912,34.38321885316579,1.5275197958979314,23.0,23.3,23.150000000000002
42,117,18,0.59,1113.0727333333334,500.274721061205,1613.3474543945383,34.464882501445416,1.465900231593546,23.0,23.3,23.150000000000002
42,118,18,0.59,1113.0727333333334,500.3202990657254,1613.3930323990587,34.464882501445416,1.4080643816677116,23.0,23.3,23.150000000000002
42,119,18,0.59,1113.0727333333334,500.35287217786583,1613.4256055111991,34.464882501445416,1.3658751956153456,23.0,23.3,23.150000000000002
42,120,18,0.58,1107.1581333333334,493.4681281755143,1600.6262615088476,34.38321885316579,1.308028515232978,23.0,23.3,23.150000000000002
42,121,18,0.5700000000000001,1101.2435333333333,486.56980582587414,1587.8133391592073,34.30124008296512,1.347014085640045,23.0,23.3,23.150000000000002
42,122,18,0.56,1095.3289333333335,479.7301236304722,1575.0590569638057,34.218943852604575,1.3862137673014103,23.0,23.3,23.150000000000002
42,123,18,0.54,1083.4997333333333,466.2545824999807,1549.7543158333142,34.05338953556522,1.4252833068734883,23.0,23.3,23.150000000000002
42,124,18,0.54,1083.4997333333333,466.2432775361333,1549.7430108694666,34.05338953556522,1.4410316492408584,23.0,23.3,23.150000000000002
42,125,18,0.54,1083.4997333333333,466.2959271855462,1549.7956605188795,34.05338953556522,1.3668064976706273,23.0,23.3,23.150000000000002
42,126,18,0.54,1083.4997333333333,466.3508650413607,1549.850598374694,34.05338953556522,1.286818443695496,23.0,23.3,23.150000000000002
42,127,18,0.54,1083.4997333333333,466.3945751306337,1549.8943084639673,34.05338953556522,1.2211444465469772,23.0,23.3,23.150000000000002
42,128,18,0.54,1083.4997333333333,466.43168321022483,1549.9314165435583,34.05338953556522,1.1638434162855902,23.0,23.3,23.150000000000002
42,129,18,0.54,1083.4997333333333,466.39357271307387,1549.8933060464071,34.05338953556522,1.222672071754467,23.0,23.3,23.150000000000002
42,130,18,0.54,1083.4997333333333,466.36032380265766,1549.8600571359912,34.05338953556522,1.272765898240417,23.0,23.3,23.150000000000002
42,131,18,0.56,1095.3289333333335,479.77850389263295,1575.1074372259664,34.218943852604575,1.3190737148865892,23.0,23.3,23.150000000000002
42,132,18,0.5700000000000001,1101.2435333333333,486.548305416473,1587.7918387498062,34.30124008296512,1.376198956246555,23.0,23.3,23.150000000000002
42,133,18,0.58,1107.1581333333334,493.27023165091225,1600.4283649842455,34.38321885316579,1.5638480765962355,23.0,23.3,23.150000000000002
42,134,18,0.61,1124.901933333333,514.0376689414059,1638.939602274739,34.62727366453827,1.769273219120126,23.0,23.3,23.150000000000002
42,135,18,0.63,1136.7311333333332,528.1042659513956,1664.8353992847287,34.788431799870125,1.960036386212112,23.0,23.3,23.150000000000002
42,136,18,0.66,1154.4749333333332,549.6953803868059,1704.1703137201391,35.027896034782735,2.1661183855439052,23.0,23.3,23.150000000000002
42,137,18,0.68,1166.3041333333333,564.3546071845183,1730.6587405178514,35.186048926403316,2.3144964666138605,23.0,23.3,23.150000000000002
42,138,18,0.71,1184.0479333333335,582.2447412297179,1766.2926745630514,35.42108578178017,2.4605775102773784,23.0,23.3,23.150000000000002
42,139,18,0.73,1195.8771333333334,582.3918271669489,1778.2689605002822,35.576339487550534,2.601634086599133,23.0,23.3,23.150000000000002
42,140,18,0.76,1213.6209333333334,582.5499144737739,1796.1708478071073,35.80710407790515,2.7474342871926036,23.0,23.3,23.150000000000002
42,141,18,0.78,1225.4501333333333,582.5561304165327,1808.006263749866,35.95955943678259,2.7530536480670436,23.0,23.3,23.150000000000002
42,142,18,0.79,1231.3647333333333,582.5678225999332,1813.9325559332665,36.035376589548186,2.7636013904695687,23.0,23.3,23.150000000000002
42,143,18,0.8200000000000001,1249.1085333333333,582.5737314883257,1831.682264821659,36.2612085674227,2.768920912574301,23.0,23.3,23.150000000000002
42,144,18,0.8400000000000001,1260.9377333333337,582.5890778592934,1843.526811192627,36.41043214095309,2.782702373025392,23.0,23.3,23.150000000000002
42,145,18,0.86,1272.7669333333336,582.6177944840159,1855.3847278173496,36.55860777406092,2.808359471271234,23.0,23.3,23.150000000000002
42,146,18,0.86,1272.7669333333336,582.6141140646982,1855.3810473980318,36.55860777406092,2.8050806359561284,23.0,23.3,23.150000000000002
42,147,18,0.8400000000000001,1260.9377333333337,582.6117807064926,1843.5495140398261,36.41043214095309,2.8030004452884625,23.0,23.3,23.150000000000002
42,148,18,0.8200000000000001,1249.1085333333333,582.5960836657308,1831.704616999064,36.2612085674227,2.7889774566633987,23.0,23.3,23.150000000000002
42,149,18,0.78,1225.4501333333333,582.7519104341691,1808.2020437675026,35.95955943678259,2.926012787972806,23.0,23.3,23.150000000000002
42,150,18,0.74,1201.7917333333337,582.9144631260828,1784.7061964594163,35.653541160521925,3.064146176335408,23.0,23.3,23.150000000000002
42,151,18,0.73,1195.8771333333334,583.055506227924,1778.9326395612572,35.576339487550534,3.1803876215440647,23.0,23.3,23.150000000000002
42,152,18,0.72,1189.962533333333,583.2195527964404,1773.1820861297736,35.498855030023826,3.3117406227809636,23.0,23.3,23.150000000000002
42,153,18,0.72,1189.962533333333,583.4290769257575,1773.3916102590906,35.498855030023826,3.474042857223734,23.0,23.3,23.150000000000002
42,154,18,0.72,1189.962533333333,583.6325203069479,1773.595053640281,35.498855030023826,3.6263336794458656,23.0,23.3,23.150000000000002
42,155,18,0.72,1189.962533333333,583.8513692737656,1773.8139026070987,35.498855030023826,3.7849005710765327,23.0,23.3,23.150000000000002
42,156,18,0.72,1189.962533333333,584.0652765912057,1774.027809924539,35.498855030023826,3.9351131973944833,23.0,23.3,23.150000000000002
42,157,18,0.72,1189.962533333333,583.7648242000195,1773.7273575333527,35.498855030023826,3.7228117175895243,23.0,23.3,23.150000000000002
42,158,18,0.72,1189.962533333333,583.507596670806,1773.4701300041393,35.498855030023826,3.533409193527117,23.0,23.3,23.150000000000002
42,159,18,0.72,1189.962533333333,583.2641656341916,1773.2266989675247,35.498855030023826,3.346793082859749,23.0,23.3,23.150000000000002
42,160,18,0.72,1189.962533333333,583.024101462196,1772.9866347955292,35.498855030023826,3.1547799706838293,23.0,23.3,23.150000000000002
42,161,18,0.72,1189.962533333333,582.9216325381087,1772.8841658714418,35.498855030023826,3.07013306429402,23.0,23.3,23.150000000000002
42,162,18,0.73,1195.8771333333334,582.823636637206,1778.7007699705396,35.576339487550534,2.9875405932868864,23.0,23.3,23.150000000000002
42,163,18,0.74,1201.7917333333337,582.723196928831,1784.5149302621646,35.653541160521925,2.901115985308945,23.0,23.3,23.150000000000002
42,164,18,0.78,1225.4501333333333,582.6460337370094,1808.0961670703427,35.95955943678259,2.8334260701735223,23.0,23.3,23.150000000000002
42,165,18,0.8200000000000001,1249.1085333333333,582.466529328853,1831.5750626621862,36.2612085674227,2.671237581897173,23.0,23.3,23.150000000000002
42,166,18,0.8400000000000001,1260.9377333333337,582.2858075618743,1843.2235408952079,36.41043214095309,2.5005218302108014,23.0,23.3,23.150000000000002
42,167,18,0.87,1278.6815333333332,582.1186727360376,1860.8002060693707,36.6323070582759,2.3350205252215552,23.0,23.3,23.150000000000002
42,168,18,0.87,1278.6815333333332,581.9429719229535,1860.6245052562867,36.6323070582759,2.151847739629798,23.0,23.3,23.150000000000002
42,169,18,0.87,1278.6815333333332,581.8980603208015,1860.5795936541347,36.6323070582759,2.1033201811225153,23.0,23.3,23.150000000000002
42,170,18,0.87,1278.6815333333332,581.8400195090632,1860.5215528423962,36.6323070582759,2.0394768226803963,23.0,23.3,23.150000000000002
42,171,18,0.86,1272.7669333333336,581.7884980356475,1854.555431368981,36.55860777406092,1.9816768980339872,23.0,23.3,23.150000000000002
42,172,18,0.86,1272.7669333333336,581.7528632105367,1854.5197965438701,36.55860777406092,1.9410449540040844,23.0,23.3,23.150000000000002
42,173,18,0.8400000000000001,1260.9377333333337,581.7946402093548,1842.7323735426883,36.41043214095309,1.988625386144707,23.0,23.3,23.150000000000002
42,174,18,0.8300000000000001,1255.0231333333334,581.8502693792148,1836.873402712548,36.335952244461815,2.050847074490118,23.0,23.3,23.150000000000002
42,175,18,0.8200000000000001,1249.1085333333333,581.9007839408001,1831.0093172741333,36.2612085674227,2.1062843455702556,23.0,23.3,23.150000000000002
42,176,18,0.78,1225.4501333333333,581.9732635040557,1807.4233968373892,35.95955943678259,2.184167028444793,23.0,23.3,23.150000000000002
42,177,18,0.74,1201.7917333333337,582.0698379965512,1783.8615713298848,35.653541160521925,2.2851173399446276,23.0,23.3,23.150000000000002
42,178,18,0.72,1189.962533333333,582.1542402889542,1772.1167736222874,35.498855030023826,2.370909100666919,23.0,23.3,23.150000000000002
42,179,18,0.6900000000000001,1172.2187333333334,571.6597894823117,1743.8785228156453,35.26468478717842,2.470563047971107,23.0,23.3,23.150000000000002
42,180,18,0.67,1160.3895333333335,556.5918198212556,1716.981353154589,35.10712004555023,2.5621193450018804,23.0,23.3,23.150000000000002
42,181,18,0.67,1160.3895333333335,556.0938742293314,1716.4834075626648,35.10712004555023,2.9220032986725335,23.0,23.3,23.150000000000002
42,182,18,0.66,1154.4749333333332,548.1999904030891,1702.6749237364222,35.027896034782735,3.27243747722933,23.0,23.3,23.150000000000002
42,183,18,0.66,1154.4749333333332,547.638939242367,1702.1138725757,35.027896034782735,3.621060396071774,23.0,23.3,23.150000000000002
42,184,18,0.64,1142.6457333333333,532.530290027484,1675.1760233608175,34.868554076184736,3.9674530017938223,23.0,23.3,23.150000000000002
42,185,18,0.63,1136.7311333333332,525.5207176288542,1662.2518509621875,34.788431799870125,3.87493095911577,23.0,23.3,23.150000000000002
42,186,18,0.63,1136.7311333333332,525.6935352617901,1662.4246685951234,34.788431799870125,3.7703561776143215,23.0,23.3,23.150000000000002
42,187,18,0.63,1136.7311333333332,525.8428132808265,1662.5739466141597,34.788431799870125,3.6782050626528062,23.0,23.3,23.150000000000002
42,188,18,0.63,1136.7311333333332,525.9822491797087,1662.713382513042,34.788431799870125,3.590511006733106,23.0,23.3,23.150000000000002
42,189,18,0.63,1136.7311333333332,525.625050956797,1662.3561842901304,34.788431799870125,3.812060239888689,23.0,23.3,23.150000000000002
42,190,18,0.63,1136.7311333333332,525.2617292028117,1661.992862536145,34.788431799870125,4.027709376347429,23.0,23.3,23.150000000000002
42,191,18,0.64,1142.6457333333333,532.0324230474605,1674.678156380794,34.868554076184736,4.247532513735741,23.0,23.3,23.150000000000002
42,192,18,0.66,1154.4749333333332,546.0783826536515,1700.5533159869847,35.027896034782735,4.478481358031798,23.0,23.3,23.150000000000002
42,193,18,0.68,1166.3041333333333,560.7909096834164,1727.09504301675,35.186048926403316,4.479415815472374,23.0,23.3,23.150000000000002
42,194,18,0.6900000000000001,1172.2187333333334,568.2248049539467,1740.44353828728,35.26468478717842,4.4857824395954955,23.0,23.3,23.150000000000002
42,195,18,0.6900000000000001,1172.2187333333334,568.1877884798636,1740.406521813197,35.26468478717842,4.503596130556828,23.0,23.3,23.150000000000002
42,196,18,0.6900000000000001,1172.2187333333334,568.1843863407745,1740.403119674108,35.26468478717842,4.505230593277291,23.0,23.3,23.150000000000002
42,197,18,0.68,1166.3041333333333,561.0076139530694,1727.3117472864026,35.186048926403316,4.372053082041508,23.0,23.3,23.150000000000002
42,198,18,0.68,1166.3041333333333,561.2338303587048,1727.5379636920381,35.186048926403316,4.257734303979701,23.0,23.3,23.150000000000002
42,199,18,0.67,1160.3895333333335,554.0761876138976,1714.4657209472311,35.10712004555023,4.133249714931736,23.0,23.3,23.150000000000002
42,200,18,0.67,1160.3895333333335,554.2881859513159,1714.6777192846496,35.10712004555023,4.019345004144098,23.0,23.3,23.150000000000002
42,201,18,0.66,1154.4749333333332,546.4144795533757,1700.889412886709,35.027896034782735,4.305126309721088,23.0,23.3,23.150000000000002
42,202,18,0.64,1142.6457333333333,531.4258541813156,1674.0715875146489,34.868554076184736,4.570443812245545,23.0,23.3,23.150000000000002
42,203,18,0.63,1136.7311333333332,523.7172320443628,1660.4483653776963,34.788431799870125,4.859416196148496,23.0,23.3,23.150000000000002
42,204,18,0.59,1113.0727333333334,531.5097606558564,1644.5824939891897,34.464882501445416,5.141968822134369,23.0,23.3,23.150000000000002
42,205,18,0.5700000000000001,1101.2435333333333,515.477210499805,1616.7207438331382,34.30124008296512,5.135866639821809,23.0,23.3,23.150000000000002
42,206,18,0.54,1083.4997333333333,492.08955489719847,1575.5892882305318,34.05338953556522,5.13894296137038,23.0,23.3,23.150000000000002
42,207,18,0.53,1077.5851333333333,484.46684857139854,1562.0519819047317,33.970126648552366,5.14154192748758,23.0,23.3,23.150000000000002
42,208,18,0.53,1077.5851333333333,484.4669666089392,1562.0520999422724,33.970126648552366,5.141190123471451,23.0,23.3,23.150000000000002
42,209,18,0.54,1083.4997333333333,492.1170026947278,1575.6167360280613,34.05338953556522,5.049997568561064,23.0,23.3,23.150000000000002
42,210,18,0.56,1095.3289333333335,475.20602650500416,1570.5349598383375,34.218943852604575,4.964518554403499,23.0,23.3,23.150000000000002
42,211,18,0.56,1095.3289333333335,475.38324952580643,1570.7121828591398,34.218943852604575,4.864589528054114,23.0,23.3,23.150000000000002
42,212,18,0.5700000000000001,1101.2435333333333,482.2668208363531,1583.5103541696863,34.30124008296512,4.778488411937299,23.0,23.3,23.150000000000002
42,213,18,0.5700000000000001,1101.2435333333333,482.293312555538,1583.5368458888713,34.30124008296512,4.763473041765518,23.0,23.3,23.150000000000002
42,214,18,0.58,1107.1581333333334,489.1248402707272,1596.2829736040605,34.38321885316579,4.74081957656825,23.0,23.3,23.150000000000002
42,215,18,0.58,1107.1581333333334,489.1662704888254,1596.3244038221587,34.38321885316579,4.717599092125978,23.0,23.3,23.150000000000002
42,216,18,0.59,1113.0727333333334,496.08167332018127,1609.1544066535146,34.464882501445416,4.681414565435033,23.0,23.3,23.150000000000002
42,217,18,0.61,1124.901933333333,509.89241014341303,1634.7943434767462,34.62727366453827,4.716251402190629,23.0,23.3,23.150000000000002
42,218,18,0.63,1136.7311333333332,523.8982047796937,1660.6293381130272,34.788431799870125,4.767920310391989,23.0,23.3,23.150000000000002
42,219,18,0.64,1142.6457333333333,530.9549248641789,1673.6006581975123,34.868554076184736,4.80927296028022,23.0,23.3,23.150000000000002
42,220,18,0.64,1142.6457333333333,530.8557077185195,1673.501441051853,34.868554076184736,4.858402978007233,23.0,23.3,23.150000000000002
42,221,18,0.66,1154.4749333333332,545.3692958908132,1699.8442292241464,35.027896034782735,4.827999737767029,23.0,23.3,23.150000000000002
42,222,18,0.67,1160.3895333333335,552.775541170922,1713.1650745042552,35.10712004555023,4.784927070775057,23.0,23.3,23.150000000000002
42,223,18,0.67,1160.3895333333335,552.8205914750255,1713.210124808359,35.10712004555023,4.763536759121726,23.0,23.3,23.150000000000002
42,224,18,0.67,1160.3895333333335,552.8808071285113,1713.2703404618446,35.10712004555023,4.734826853750406,23.0,23.3,23.150000000000002
42,225,18,0.66,1154.4749333333332,545.4574671560921,1699.9324004894254,35.027896034782735,4.7856386526837795,23.0,23.3,23.150000000000002
42,226,18,0.66,1154.4749333333332,545.3721867717028,1699.847120105036,35.027896034782735,4.826615500634017,23.0,23.3,23.150000000000002
42,227,18,0.64,1142.6457333333333,530.8256006281125,1673.471333961446,34.868554076184736,4.8732337497844505,23.0,23.3,23.150000000000002
42,228,18,0.63,1136.7311333333332,523.5539946638827,1660.285127997216,34.788431799870125,4.94079155154713,23.0,23.3,23.150000000000002
42,229,18,0.62,1130.8165333333332,556.223934647925,1687.0404679812582,34.70800573610506,5.267099777015844,23.0,23.3,23.150000000000002
42,230,18,0.61,1124.901933333333,547.8140137089105,1672.7159470422434,34.62727366453827,5.597662274403093,23.0,23.3,23.150000000000002
42,231,18,0.58,1107.1581333333334,523.2144617119311,1630.3725950452642,34.38321885316579,5.909829961254379,23.0,23.3,23.150000000000002
42,232,18,0.54,1083.4997333333333,491.62515119835564,1575.1248845316888,34.05338953556522,6.256827483545475,23.0,23.3,23.150000000000002
42,233,18,0.51,1065.7559333333334,468.94983581158783,1534.705769144921,33.80261722598666,6.275454351214066,23.0,23.3,23.150000000000002
42,234,18,0.48,1048.0121333333334,447.0413104343655,1495.053443767699,33.54885661492425,6.289231254174666,23.0,23.3,23.150000000000002
42,235,18,0.48,1048.0121333333334,447.03627225569267,1495.0484055890258,33.54885661492425,6.29760556196281,23.0,23.3,23.150000000000002
42,236,18,0.49,1053.9267333333335,454.2522384228455,1508.178971756179,33.633779713636365,6.298768880790266,23.0,23.3,23.150000000000002
42,237,18,0.52,1071.6705333333332,476.3192323667031,1547.9897657000365,33.88653670005147,6.4532401210237404,23.0,23.3,23.150000000000002
42,238,18,0.54,1083.4997333333333,491.4322512025168,1574.93198453585,34.05338953556522,6.613834170541136,23.0,23.3,23.150000000000002
42,239,18,0.56,1095.3289333333335,506.9130677082349,1602.2420010415683,34.218943852604575,6.757487036642051,23.0,23.3,23.150000000000002
42,240,18,0.56,1095.3289333333335,506.8310024122658,1602.1599357455991,34.218943852604575,6.901972430934634,23.0,23.3,23.150000000000002
42,241,18,0.56,1095.3289333333335,506.8407519166541,1602.1696852499874,34.218943852604575,6.885106598489906,23.0,23.3,23.150000000000002
42,242,18,0.56,1095.3289333333335,506.8452450344429,1602.1741783677762,34.218943852604575,6.8773077135349805,23.0,23.3,23.150000000000002
42,243,18,0.56,1095.3289333333335,506.83556195786826,1602.1644952912015,34.218943852604575,6.8940944209976776,23.0,23.3,23.150000000000002
42,244,18,0.5700000000000001,1101.2435333333333,514.757064027564,1616.000597360897,34.30124008296512,6.889672453981214,23.0,23.3,23.150000000000002
42,245,18,0.58,1107.1581333333334,522.8473301280602,1630.0054634613934,34.38321885316579,6.73645647287501,23.0,23.3,23.150000000000002
42,246,18,0.59,1113.0727333333334,531.0158143954758,1644.0885477288093,34.464882501445416,6.58966308500141,23.0,23.3,23.150000000000002
42,247,18,0.61,1124.901933333333,547.5506785211102,1672.4526118544434,34.62727366453827,6.4233679715912615,23.0,23.3,23.150000000000002
42,248,18,0.62,1130.8165333333332,555.9706141410841,1686.7871474744172,34.70800573610506,6.28203161936189,23.0,23.3,23.150000000000002
42,249,18,0.62,1130.8165333333332,556.0540035350645,1686.8705368683977,34.70800573610506,6.019820243163403,23.0,23.3,23.150000000000002
42,250,18,0.63,1136.7311333333332,564.5734548367868,1701.30458817012,34.788431799870125,5.748624803985946,23.0,23.3,23.150000000000002
42,251,18,0.62,1130.8165333333332,556.1845793862825,1687.0011127196158,34.70800573610506,5.490303115253206,23.0,23.3,23.150000000000002
42,252,18,0.61,1124.901933333333,547.895718087122,1672.797651420455,34.62727366453827,5.203866024256055,23.0,23.3,23.150000000000002
42,253,18,0.59,1113.0727333333334,531.4922908836517,1644.5650242169852,34.464882501445416,5.222495943897373,23.0,23.3,23.150000000000002
42,254,18,0.5700000000000001,1101.2435333333333,515.4564440823057,1616.699977415639,34.30124008296512,5.215112130384817,23.0,23.3,23.150000000000002
42,255,18,0.5700000000000001,1101.2435333333333,515.4599131106951,1616.7034464440283,34.30124008296512,5.2021791166268905,23.0,23.3,23.150000000000002
42,256,18,0.56,1095.3289333333335,507.5762214640407,1602.905154797374,34.218943852604575,5.198684455846448,23.0,23.3,23.150000000000002
42,257,18,0.56,1095.3289333333335,507.61236425168454,1602.941297585018,34.218943852604575,5.067595951096178,23.0,23.3,23.150000000000002
42,258,18,0.54,1083.4997333333333,462.00342366429294,1545.5031569976263,34.05338953556522,4.917395216054852,23.0,23.3,23.150000000000002
42,259,18,0.52,1071.6705333333332,449.202287361401,1520.8728206947342,33.88653670005147,4.7579675154920285,23.0,23.3,23.150000000000002
42,260,18,0.51,1065.7559333333334,443.0045183006214,1508.7604516339547,33.80261722598666,4.595063930317934,23.0,23.3,23.150000000000002
42,261,18,0.47,1042.097533333333,417.91603903237467,1460.013572365708,33.46359386908272,4.468998187610273,23.0,23.3,23.150000000000002
42,262,18,0.45999999999999996,1036.1829333333335,411.9293960259053,1448.1123293592389,33.377988877624354,4.323836429935268,23.0,23.3,23.150000000000002
42,263,18,0.45999999999999996,1036.1829333333335,412.1102723492971,1448.2932056826307,33.377988877624354,4.185694998074214,23.0,23.3,23.150000000000002
42,264,18,0.48,1048.0121333333334,424.6879336335063,1472.7000669668396,33.54885661492425,4.077225243547582,23.0,23.3,23.150000000000002
42,265,18,0.51,1065.7559333333334,443.74377712519095,1509.4997104585243,33.80261722598666,4.090596229694988,23.0,23.3,23.150000000000002
42,266,18,0.53,1077.5851333333333,456.7415409819728,1534.326674315306,33.970126648552366,4.089298682657684,23.0,23.3,23.150000000000002
42,267,18,0.54,1083.4997333333333,463.33125291408527,1546.8309862474187,34.05338953556522,4.084593349395994,23.0,23.3,23.150000000000002
42,268,18,0.56,1095.3289333333335,476.66861760117837,1571.9975509345118,34.218943852604575,4.084037262545801,23.0,23.3,23.150000000000002
42,269,18,0.5700000000000001,1101.2435333333333,483.6176197046861,1584.8611530380192,34.30124008296512,3.95775843546419,23.0,23.3,23.150000000000002
42,270,18,0.5700000000000001,1101.2435333333333,483.83689751092874,1585.080430844262,34.30124008296512,3.811846250055805,23.0,23.3,23.150000000000002
42,271,18,0.5700000000000001,1101.2435333333333,484.04249278919593,1585.2860261225292,34.30124008296512,3.6710344645683444,23.0,23.3,23.150000000000002
42,272,18,0.58,1107.1581333333334,491.0837373917979,1598.241870725131,34.38321885316579,3.5197607191641618,23.0,23.3,23.150000000000002
42,273,18,0.58,1107.1581333333334,491.1534621614244,1598.3115954947577,34.38321885316579,3.4703746250331258,23.0,23.3,23.150000000000002
42,274,18,0.59,1113.0727333333334,498.101529677215,1611.1742630105484,34.464882501445416,3.4269124862927707,23.0,23.3,23.150000000000002
42,275,18,0.59,1113.0727333333334,498.17017695945265,1611.242910292786,34.464882501445416,3.378185190884402,23.0,23.3,23.150000000000002
42,276,18,0.61,1124.901933333333,512.2227925059492,1637.1247258392823,34.62727366453827,3.308420851818688,23.0,23.3,23.150000000000002
42,277,18,0.62,1130.8165333333332,519.4496274613747,1650.266160794708,34.70800573610506,3.1963565733362627,23.0,23.3,23.150000000000002
42,278,18,0.62,1130.8165333333332,519.6329203363033,1650.4494536696366,34.70800573610506,3.065137356486386,23.0,23.3,23.150000000000002
42,279,18,0.62,1130.8165333333332,519.7737110824336,1650.5902444157668,34.70800573610506,2.9614677050565743,23.0,23.3,23.150000000000002
42,280,18,0.61,1124.901933333333,512.8518727153732,1637.7538060487063,34.62727366453827,2.8440037653540844,23.0,23.3,23.150000000000002
42,281,18,0.58,1107.1581333333334,492.032305381249,1599.1904387145823,34.38321885316579,2.794719482740488,23.0,23.3,23.150000000000002
42,282,18,0.5700000000000001,1101.2435333333333,485.2414476907426,1586.4849810240758,34.30124008296512,2.7491572590931503,23.0,23.3,23.150000000000002
42,283,18,0.56,1095.3289333333335,478.5121958012083,1573.8411291345417,34.218943852604575,2.698059509702629,23.0,23.3,23.150000000000002
42,284,18,0.54,1083.4997333333333,465.1682238477005,1548.667957181034,34.05338953556522,2.642737635497214,23.0,23.3,23.150000000000002
42,285,18,0.54,1083.4997333333333,465.27143293728636,1548.7711662706197,34.05338953556522,2.5448324686781025,23.0,23.3,23.150000000000002
42,286,18,0.53,1077.5851333333333,458.74441119265634,1536.3295445259896,33.970126648552366,2.4537720457056182,23.0,23.3,23.150000000000002
42,287,18,0.53,1077.5851333333333,458.84703958549466,1536.432172918828,33.970126648552366,2.349075327374639,23.0,23.3,23.150000000000002
42,288,18,0.52,1071.6705333333332,452.38076256584236,1524.0512958991756,33.88653670005147,2.24278504646998,23.0,23.3,23.150000000000002
42,289,18,0.49,1053.9267333333335,433.1074290338948,1487.0341623672282,33.633779713636365,2.1391901395337185,23.0,23.3,23.150000000000002
42,290,18,0.49,1053.9267333333335,433.1822264351878,1487.1089597685211,33.633779713636365,2.0488069298771423,23.0,23.3,23.150000000000002
42,291,18,0.48,1048.0121333333334,426.9051013860067,1474.91723471934,33.54885661492425,1.963481443444809,23.0,23.3,23.150000000000002
42,292,18,0.49,1053.9267333333335,433.325094050125,1487.2518273834585,33.633779713636365,1.8683866130616726,23.0,23.3,23.150000000000002
42,293,18,0.49,1053.9267333333335,433.2817667111312,1487.2085000444647,33.633779713636365,1.9242619581472558,23.0,23.3,23.150000000000002
42,294,18,0.51,1065.7559333333334,446.1075494823403,1511.8634828156735,33.80261722598666,1.9679005409292984,23.0,23.3,23.150000000000002
42,295,18,0.52,1071.6705333333332,452.5725338835078,1524.243067216841,33.88653670005147,2.0267611796686147,23.0,23.3,23.150000000000002
42,296,18,0.53,1077.5851333333333,459.0952145612454,1536.6803478945787,33.970126648552366,2.081492888244069,23.0,23.3,23.150000000000002
42,297,18,0.56,1095.3289333333335,479.20232808151474,1574.5312614148481,34.218943852604575,2.02431593735204,23.0,23.3,23.150000000000002
42,298,18,0.5700000000000001,1101.2435333333333,486.0665973198321,1587.3101306531653,34.30124008296512,1.9562508920429669,23.0,23.3,23.150000000000002
42,299,18,0.5700000000000001,1101.2435333333333,486.1233209174601,1587.3668542507933,34.30124008296512,1.8939161526350912,23.0,23.3,23.150000000000002
42,300,18,0.5700000000000001,1101.2435333333333,486.17374892481956,1587.4172822581527,34.30124008296512,1.8373667800039681,23.0,23.3,23.150000000000002
42,301,18,0.5700000000000001,1101.2435333333333,486.18543140126826,1587.4289647346015,34.30124008296512,1.8241069209791787,23.0,23.3,23.150000000000002
42,302,18,0.5700000000000001,1101.2435333333333,486.19360143383705,1587.4371347671704,34.30124008296512,1.8147971577278996,23.0,23.3,23.150000000000002
42,303,18,0.5700000000000001,1101.2435333333333,486.2192637753685,1587.4627971087016,34.30124008296512,1.7853553136079774,23.0,23.3,23.150000000000002
42,304,18,0.58,1107.1581333333334,493.110353556409,1600.2684868897422,34.38321885316579,1.7534130836044746,23.0,23.3,23.150000000000002
42,305,18,0.59,1113.0727333333334,500.3218698352729,1613.3946031686062,34.464882501445416,1.406046678152205,23.0,23.3,23.150000000000002
42,306,18,0.61,1124.901933333333,514.6143909127136,1639.5163242460467,34.62727366453827,1.056159424298663,23.0,23.3,23.150000000000002
42,307,18,0.61,1124.901933333333,514.8302809611755,1639.7322142945086,34.62727366453827,0.7155561060217177,23.0,23.3,23.150000000000002
42,308,18,0.62,1130.8165333333332,522.1287774609733,1652.9453107943064,34.70800573610506,0.363116353257054,23.0,23.3,23.150000000000002
42,309,18,0.62,1130.8165333333332,522.1359466168899,1652.952479950223,34.70800573610506,0.3477063031495474,23.0,23.3,23.150000000000002
42,310,18,0.62,1130.8165333333332,522.1485026071326,1652.9650359404657,34.70800573610506,0.3202883305748153,23.0,23.3,23.150000000000002
42,311,18,0.61,1124.901933333333,515.0396083899514,1639.9415417232844,34.62727366453827,0.30391664779608546,23.0,23.3,23.150000000000002
42,312,18,0.61,1124.901933333333,515.0514889045496,1639.9534222378827,34.62727366453827,0.2766224104145891,23.0,23.3,23.150000000000002
42,313,18,0.61,1124.901933333333,515.0433299159662,1639.9452632492992,34.62727366453827,0.2954280776356496,23.0,23.3,23.150000000000002
42,314,18,0.59,1113.0727333333334,500.9693707437738,1614.0421040771073,34.464882501445416,0.3397519015549222,23.0,23.3,23.150000000000002
42,315,18,0.58,1107.1581333333334,494.0150959792649,1601.1732293125983,34.38321885316579,0.3755162560426613,23.0,23.3,23.150000000000002
42,316,18,0.5700000000000001,1101.2435333333333,487.13221961854913,1588.3757529518823,34.30124008296512,0.3824091590726168,23.0,23.3,23.150000000000002
42,317,18,0.56,1095.3289333333335,480.30193665804484,1575.6308699913782,34.218943852604575,0.4028954269894938,23.0,23.3,23.150000000000002
42,318,18,0.54,1083.4997333333333,466.81764079666743,1550.3173741300009,34.05338953556522,0.4400713451587319,23.0,23.3,23.150000000000002
42,319,18,0.54,1083.4997333333333,466.8121027043471,1550.3118360376805,34.05338953556522,0.45298034234119855,23.0,23.3,23.150000000000002
42,320,18,0.54,1083.4997333333333,466.7971117966858,1550.2968451300192,34.05338953556522,0.4873666331657822,23.0,23.3,23.150000000000002
42,321,18,0.56,1095.3289333333335,480.16323290507046,1575.4921662384038,34.218943852604575,0.6941126432674365,23.0,23.3,23.150000000000002
42,322,18,0.56,1095.3289333333335,480.05711797347567,1575.3860513068091,34.218943852604575,0.8870537891908569,23.0,23.3,23.150000000000002
42,323,18,0.56,1095.3289333333335,479.9352304053744,1575.2641637387078,34.218943852604575,1.086970404826032,23.0,23.3,23.150000000000002
42,324,18,0.56,1095.3289333333335,479.8133107811768,1575.1422441145103,34.218943852604575,1.269556158269693,23.0,23.3,23.150000000000002
42,325,18,0.5700000000000001,1101.2435333333333,486.12912539066167,1587.3726587239948,34.30124008296512,1.88746269695715,23.0,23.3,23.150000000000002
42,326,18,0.5700000000000001,1101.2435333333333,485.53833132445277,1586.781864657786,34.30124008296512,2.4843565798223426,23.0,23.3,23.150000000000002
42,327,18,0.5700000000000001,1101.2435333333333,484.82485115123706,1586.0683844845703,34.30124008296512,3.092495873280208,23.0,23.3,23.150000000000002
42,328,18,0.56,1095.3289333333335,477.24256058910356,1572.5714939224367,34.218943852604575,3.6954392387645902,23.0,23.3,23.150000000000002
42,329,18,0.56,1095.3289333333335,476.85785642009927,1572.1867897534325,34.218943852604575,3.959167148855767,23.0,23.3,23.150000000000002
42,330,18,0.56,1095.3289333333335,476.48129044522784,1571.8102237785613,34.218943852604575,4.204795947545725,23.0,23.3,23.150000000000002
42,331,18,0.56,1095.3289333333335,476.07663225177396,1571.4055655851073,34.218943852604575,4.456862619524106,23.0,23.3,23.150000000000002
42,332,18,0.54,1083.4997333333333,462.3483503349803,1545.8480836683136,34.05338953556522,4.712282422774817,23.0,23.3,23.150000000000002
42,333,18,0.54,1083.4997333333333,461.95421603517724,1545.4539493685106,34.05338953556522,4.946105484885733,23.0,23.3,23.150000000000002
42,334,18,0.54,1083.4997333333333,492.0754983140012,1575.5752316473345,34.05338953556522,5.182776138169044,23.0,23.3,23.150000000000002
42,335,18,0.56,1095.3289333333335,507.51359331532416,1602.8425266486574,34.218943852604575,5.4029588317147095,23.0,23.3,23.150000000000002
42,336,18,0.56,1095.3289333333335,507.437426709025,1602.7663600423582,34.218943852604575,5.623650861985401,23.0,23.3,23.150000000000002
42,337,18,0.5700000000000001,1101.2435333333333,515.1417221763027,1616.385255509636,34.30124008296512,6.11240773248257,23.0,23.3,23.150000000000002
42,338,18,0.58,1107.1581333333334,522.9320045519792,1630.0901378853125,34.38321885316579,6.566837551866214,23.0,23.3,23.150000000000002
42,339,18,0.58,1107.1581333333334,522.6742813018491,1629.8324146351827,34.38321885316579,7.0577155788719175,23.0,23.3,23.150000000000002
42,340,18,0.5700000000000001,1101.2435333333333,514.3722775964402,1615.6158109297735,34.30124008296512,7.523609613786162,23.0,23.3,23.150000000000002
42,341,18,0.5700000000000001,1101.2435333333333,514.4688441364236,1615.7123774697568,34.30124008296512,7.373559227505489,23.0,23.3,23.150000000000002
42,342,18,0.56,1095.3289333333335,506.6409939003879,1601.9699272337214,34.218943852604575,7.216660181195596,23.0,23.3,23.150000000000002
42,343,18,0.54,1083.4997333333333,491.1586725561343,1574.6584058894678,34.05338953556522,7.066168906527359,23.0,23.3,23.150000000000002
42,344,18,0.54,1083.4997333333333,491.24149894770454,1574.7412322810378,34.05338953556522,6.934654044430687,23.0,23.3,23.150000000000002
42,345,18,0.53,1077.5851333333333,483.29984897822266,1560.8849823115559,33.970126648552366,7.367455399016354,23.0,23.3,23.150000000000002
42,346,18,0.53,1077.5851333333333,482.98530249823034,1560.5704358315636,33.970126648552366,7.7974459038824016,23.0,23.3,23.150000000000002
42,347,18,0.53,1077.5851333333333,482.64837890564473,1560.233512238978,33.970126648552366,8.223356055014829,23.0,23.3,23.150000000000002
42,348,18,0.54,1083.4997333333333,489.98317512604854,1573.4829084593819,34.05338953556522,8.6295399343125,23.0,23.3,23.150000000000002
42,349,18,0.56,1095.3289333333335,505.6185243015566,1600.94745763489,34.218943852604575,8.621010310124063,23.0,23.3,23.150000000000002
42,350,18,0.56,1095.3289333333335,505.62137373266137,1600.9503070659948,34.218943852604575,8.617542415849341,23.0,23.3,23.150000000000002
42,351,18,0.5700000000000001,1101.2435333333333,513.5692460210688,1614.8127793544018,34.30124008296512,8.62216703075915,23.0,23.3,23.150000000000002
42,352,18,0.5700000000000001,1101.2435333333333,513.5696893784045,1614.8132227117378,34.30124008296512,8.621615096034894,23.0,23.3,23.150000000000002
42,353,18,0.5700000000000001,1101.2435333333333,513.6612882025054,1614.9048215358384,34.30124008296512,8.506549397648227,23.0,23.3,23.150000000000002
42,354,18,0.5700000000000001,1101.2435333333333,513.7551982487253,1614.9987315820586,34.30124008296512,8.38633162211788,23.0,23.3,23.150000000000002
42,355,18,0.5700000000000001,1101.2435333333333,513.8504525969114,1615.0939859302446,34.30124008296512,8.261877242831476,23.0,23.3,23.150000000000002
42,356,18,0.5700000000000001,1101.2435333333333,513.9260640276068,1615.1695973609399,34.30124008296512,8.16113923406402,23.0,23.3,23.150000000000002
42,357,18,0.5700000000000001,1101.2435333333333,513.9230094828443,1615.1665428161775,34.30124008296512,8.165243972173801,23.0,23.3,23.150000000000002
42,358,18,0.5700000000000001,1101.2435333333333,513.9262573147893,1615.1697906481222,34.30124008296512,8.16087939032476,23.0,23.3,23.150000000000002
42,359,18,0.5700000000000001,1101.2435333333333,513.9122538664827,1615.155787199816,34.30124008296512,8.179673521127679,23.0,23.3,23.150000000000002
42,360,18,0.5700000000000001,1101.2435333333333,513.9031911179899,1615.146724451323,34.30124008296512,8.191803140405618,23.0,23.3,23.150000000000002
42,361,18,0.56,1095.3289333333335,505.9454743363443,1601.2744076696777,34.218943852604575,8.210153891446033,23.0,23.3,23.150000000000002
42,362,18,0.56,1095.3289333333335,505.94633636180475,1601.2752696951381,34.218943852604575,8.209032974085043,23.0,23.3,23.150000000000002
42,363,18,0.54,1083.4997333333333,490.32422757602967,1573.8239609093632,34.05338953556522,8.218898139092364,23.0,23.3,23.150000000000002
42,364,18,0.54,1083.4997333333333,490.3372656434617,1573.8369989767953,34.05338953556522,8.202659484514019,23.0,23.3,23.150000000000002
42,365,18,0.54,1083.4997333333333,490.44984772014743,1573.9495810534809,34.05338953556522,8.060577236049895,23.0,23.3,23.150000000000002
42,366,18,0.54,1083.4997333333333,490.56696592549974,1574.0666992588333,34.05338953556522,7.908979225382724,23.0,23.3,23.150000000000002
42,367,18,0.53,1077.5851333333333,483.02485956457195,1560.6099928979052,33.970126648552366,7.745282692709045,23.0,23.3,23.150000000000002
42,368,18,0.52,1071.6705333333332,475.5550738600562,1547.2256071933894,33.88653670005147,7.60439955198212,23.0,23.3,23.150000000000002
42,369,18,0.51,1065.7559333333334,468.2850546450976,1534.0409879784308,33.80261722598666,7.311101139948923,23.0,23.3,23.150000000000002
42,370,18,0.49,1053.9267333333335,453.78809403930626,1507.7148273726398,33.633779713636365,7.016766251693238,23.0,23.3,23.150000000000002
42,371,18,0.49,1053.9267333333335,453.97276233829086,1507.8994956716242,33.633779713636365,6.745421065028981,23.0,23.3,23.150000000000002
42,372,18,0.49,1053.9267333333335,454.14378534620164,1508.070518679535,33.633779713636365,6.478044356217179,23.0,23.3,23.150000000000002
42,373,18,0.51,1065.7559333333334,468.88576796473313,1534.6417012980664,33.80261722598666,6.387848209339614,23.0,23.3,23.150000000000002
42,374,18,0.52,1071.6705333333332,476.408036607728,1548.078569941061,33.88653670005147,6.295342558249275,23.0,23.3,23.150000000000002
42,375,18,0.53,1077.5851333333333,484.00817200971045,1561.5933053430438,33.970126648552366,6.210260676142929,23.0,23.3,23.150000000000002
42,376,18,0.54,1083.4997333333333,491.69469919106774,1575.1944325244012,34.05338953556522,6.11760173505804,23.0,23.3,23.150000000000002
42,377,18,0.56,1095.3289333333335,507.2696980944641,1602.5986314277975,34.218943852604575,6.041262768155235,23.0,23.3,23.150000000000002
42,378,18,0.5700000000000001,1101.2435333333333,515.203013341442,1616.4465466747752,34.30124008296512,5.965516820436119,23.0,23.3,23.150000000000002
42,379,18,0.58,1107.1581333333334,523.2226924160335,1630.3808257493667,34.38321885316579,5.8876629616687035,23.0,23.3,23.150000000000002
42,380,18,0.59,1113.0727333333334,531.3258792649898,1644.3986125983233,34.464882501445416,5.817273247559259,23.0,23.3,23.150000000000002
42,381,18,0.61,1124.901933333333,547.7373255442462,1672.6392588775793,34.62727366453827,5.881187201134461,23.0,23.3,23.150000000000002
42,382,18,0.61,1124.901933333333,547.7135296755458,1672.6154630088793,34.62727366453827,5.959634207225624,23.0,23.3,23.150000000000002
42,383,18,0.62,1130.8165333333332,556.0498757156172,1686.8664090489503,34.70800573610506,6.033763178042038,23.0,23.3,23.150000000000002
42,384,18,0.62,1130.8165333333332,556.0265521525965,1686.8430854859296,34.70800573610506,6.110454566237434,23.0,23.3,23.150000000000002
42,385,18,0.62,1130.8165333333332,556.0334063263651,1686.8499396596983,34.70800573610506,6.088270223767718,23.0,23.3,23.150000000000002
42,386,18,0.61,1124.901933333333,547.6885003739959,1672.5904337073289,34.62727366453827,6.038490478434131,23.0,23.3,23.150000000000002
42,387,18,0.59,1113.0727333333334,531.2602637618585,1644.3329970951918,34.464882501445416,6.004382595912617,23.0,23.3,23.150000000000002
42,388,18,0.5700000000000001,1101.2435333333333,515.1977216937235,1616.4412550270567,34.30124008296512,5.978561072969404,23.0,23.3,23.150000000000002
42,389,18,0.54,1083.4997333333333,491.7611710169903,1575.260904350324,34.05338953556522,5.978000422398613,23.0,23.3,23.150000000000002
42,390,18,0.52,1071.6705333333332,476.5729095443763,1548.2434428777096,33.88653670005147,5.980621434806476,23.0,23.3,23.150000000000002
42,391,18,0.51,1065.7559333333334,469.1065977859127,1534.8625311192461,33.80261722598666,5.983676528416585,23.0,23.3,23.150000000000002
42,392,18,0.49,1053.9267333333335,454.42219307701663,1508.34892641035,33.633779713636365,5.998997384807897,23.0,23.3,23.150000000000002
42,393,18,0.48,1048.0121333333334,447.20732196391907,1495.2194552972524,33.54885661492425,6.002154637352568,23.0,23.3,23.150000000000002
42,394,18,0.47,1042.097533333333,440.07832084591814,1482.1758541792515,33.46359386908272,5.998991673441855,23.0,23.3,23.150000000000002
42,395,18,0.45999999999999996,1036.1829333333335,433.0384253162791,1469.2213586496127,33.377988877624354,5.982833249336444,23.0,23.3,23.150000000000002
42,396,18,0.44,1024.3537333333334,419.1900851368288,1443.5438184701623,33.20574162368248,5.969004261210651,23.0,23.3,23.150000000000002
42,397,18,0.43,1018.4391333333332,412.3779208143558,1430.8170541476889,33.119094022867024,5.9744151653210285,23.0,23.3,23.150000000000002
42,398,18,0.42000000000000004,1012.5245333333335,405.6409055521733,1418.1654388855068,33.03209349900239,5.985130503853605,23.0,23.3,23.150000000000002
42,399,18,0.41000000000000003,1006.6099333333331,398.9784445106145,1405.5883778439477,32.94473730993878,6.000705365144624,23.0,23.3,23.150000000000002
42,400,18,0.42000000000000004,1012.5245333333335,405.6365263405781,1418.1610596739115,33.03209349900239,5.992339877605486,23.0,23.3,23.150000000000002
42,401,18,0.42000000000000004,1012.5245333333335,405.63839236755695,1418.1629257008904,33.03209349900239,5.989269464030446,23.0,23.3,23.150000000000002
42,402,18,0.43,1018.4391333333332,412.36754582239945,1430.8066791557326,33.119094022867024,5.991718137032879,23.0,23.3,23.150000000000002
42,403,18,0.44,1024.3537333333334,419.1643470845812,1443.5180804179147,33.20574162368248,6.012406183108575,23.0,23.3,23.150000000000002
42,404,18,0.45999999999999996,1036.1829333333335,433.02071631980687,1469.2036496531405,33.377988877624354,6.013566806630551,23.0,23.3,23.150000000000002
42,405,18,0.47,1042.097533333333,440.06112460744976,1482.1586579407829,33.46359386908272,6.029241620699768,23.0,23.3,23.150000000000002
42,406,18,0.48,1048.0121333333334,447.1912567747665,1495.2033901081,33.54885661492425,6.030959120504361,23.0,23.3,23.150000000000002
42,407,18,0.49,1053.9267333333335,454.3983629429512,1508.3250962762847,33.633779713636365,6.042612144889191,23.0,23.3,23.150000000000002
42,408,18,0.51,1065.7559333333334,469.0706227443642,1534.8265560776977,33.80261722598666,6.052985272933103,23.0,23.3,23.150000000000002
42,409,18,0.53,1077.5851333333333,484.0870937478987,1561.672227081232,33.970126648552366,6.054663518878479,23.0,23.3,23.150000000000002
42,410,18,0.54,1083.4997333333333,491.72998707786894,1575.2297204112024,34.05338953556522,6.044353004685879,23.0,23.3,23.150000000000002
42,411,18,0.54,1083.4997333333333,491.7312796068858,1575.2310129402192,34.05338953556522,6.041633926311297,23.0,23.3,23.150000000000002
42,412,18,0.54,1083.4997333333333,491.72256626316573,1575.2222995964992,34.05338953556522,6.05991359844375,23.0,23.3,23.150000000000002
42,413,18,0.54,1083.4997333333333,491.58007888425874,1575.079812217592,34.05338953556522,6.343791475707881,23.0,23.3,23.150000000000002
42,414,18,0.53,1077.5851333333333,483.78465965405485,1561.369792987388,33.970126648552366,6.614417482419135,23.0,23.3,23.150000000000002
42,415,18,0.52,1071.6705333333332,476.05558856331976,1547.726121896653,33.88653670005147,6.885966455843661,23.0,23.3,23.150000000000002
42,416,18,0.51,1065.7559333333334,468.4059687668738,1534.1619021002073,33.80261722598666,7.140219675955429,23.0,23.3,23.150000000000002
42,417,18,0.49,1053.9267333333335,453.6899398482453,1507.6166731815788,33.633779713636365,7.154814070418106,23.0,23.3,23.150000000000002
42,418,18,0.48,1048.0121333333334,446.45726930842363,1494.469402641757,33.54885661492425,7.163767344531511,23.0,23.3,23.150000000000002
42,419,18,0.47,1042.097533333333,439.3155391479512,1481.4130724812844,33.46359386908272,7.162382234747383,23.0,23.3,23.150000000000002
42,420,18,0.47,1042.097533333333,439.31403772319254,1481.4115710565256,33.46359386908272,7.16440450312042,23.0,23.3,23.150000000000002
42,421,18,0.47,1042.097533333333,439.3302923203636,1481.4278256536966,33.46359386908272,7.1424688794307665,23.0,23.3,23.150000000000002
42,422,18,0.47,1042.097533333333,439.33392714298884,1481.4314604763222,33.46359386908272,7.137550848159028,23.0,23.3,23.150000000000002
42,423,18,0.45999999999999996,1036.1829333333335,432.2639328442289,1468.4468661775625,33.377988877624354,7.151034821711417,23.0,23.3,23.150000000000002
42,424,18,0.43,1018.4391333333332,411.5626618656347,1430.001795198968,33.119094022867024,7.162465517129085,23.0,23.3,23.150000000000002
42,425,18,0.41000000000000003,1006.6099333333331,398.0645895112503,1404.6745228445834,32.94473730993878,7.290810665107511,23.0,23.3,23.150000000000002
42,426,18,0.39,994.7807333333334,384.8770319949987,1379.657765328332,32.76894681768063,7.415665511171236,23.0,23.3,23.150000000000002
42,427,18,0.39,994.7807333333334,384.76668813784704,1379.5474214711803,32.76894681768063,7.548716397617762,23.0,23.3,23.150000000000002
42,428,18,0.39,994.7807333333334,384.6646671415525,1379.445400474886,32.76894681768063,7.66934982495403,23.0,23.3,23.150000000000002
42,429,18,0.41000000000000003,1006.6099333333331,397.7671153831617,1404.3770487164948,32.94473730993878,7.652528848255572,23.0,23.3,23.150000000000002
42,430,18,0.42000000000000004,1012.5245333333335,404.428187802757,1416.9527211360905,33.03209349900239,7.652466208734822,23.0,23.3,23.150000000000002
42,431,18,0.43,1018.4391333333332,411.1648203051663,1429.6039536384997,33.119094022867024,7.656539548388702,23.0,23.3,23.150000000000002
42,432,18,0.43,1018.4391333333332,411.15529964198544,1429.5944329753188,33.119094022867024,7.667883701905416,23.0,23.3,23.150000000000002
42,433,18,0.44,1024.3537333333334,417.98739496838755,1442.341128301721,33.20574162368248,7.653321066363546,23.0,23.3,23.150000000000002
42,434,18,0.44,1024.3537333333334,417.9884290388389,1442.3421623721724,33.20574162368248,7.652079102842457,23.0,23.3,23.150000000000002
42,435,18,0.44,1024.3537333333334,417.9890624773355,1442.3427958106688,33.20574162368248,7.651318193249722,23.0,23.3,23.150000000000002
42,436,18,0.45999999999999996,1036.1829333333335,431.88059852492523,1468.0635318582588,33.377988877624354,7.64019053761149,23.0,23.3,23.150000000000002
42,437,18,0.45999999999999996,1036.1829333333335,431.87656851494245,1468.059501848276,33.377988877624354,7.645118256912978,23.0,23.3,23.150000000000002
42,438,18,0.45999999999999996,1036.1829333333335,431.8703860456487,1468.053319378982,33.377988877624354,7.652670075033968,23.0,23.3,23.150000000000002
42,439,18,0.45999999999999996,1036.1829333333335,431.87279166727023,1468.0557250006038,33.377988877624354,7.649732759887256,23.0,23.3,23.150000000000002
42,440,18,0.45999999999999996,1036.1829333333335,431.85421179772516,1468.0371451310587,33.377988877624354,7.672382162617797,23.0,23.3,23.150000000000002
42,441,18,0.44,1024.3537333333334,417.8474729870316,1442.201206320365,33.20574162368248,7.819159454193859,23.0,23.3,23.150000000000002
42,442,18,0.43,1018.4391333333332,410.9002347075075,1429.3393680408406,33.119094022867024,7.964650199388994,23.0,23.3,23.150000000000002
42,443,18,0.41000000000000003,1006.6099333333331,397.3666791958284,1403.9766125291615,32.94473730993878,8.109848035110264,23.0,23.3,23.150000000000002
42,444,18,0.39,994.7807333333334,384.1499851667062,1378.9307185000396,32.76894681768063,8.247810586019991,23.0,23.3,23.150000000000002
42,445,18,0.37,982.9515333333335,371.51049713395025,1354.4620304672837,32.59170000343958,8.092157603671323,23.0,23.3,23.150000000000002
42,446,18,0.36,977.0369333333335,365.3805901262751,1342.4175234596087,32.50252329511545,7.9276624991280205,23.0,23.3,23.150000000000002
42,447,18,0.36,977.0369333333335,365.5139624538855,1342.5508957872191,32.50252329511545,7.775722865065767,23.0,23.3,23.150000000000002
42,448,18,0.36,977.0369333333335,365.64127701377333,1342.6782103471069,32.50252329511545,7.627577908397443,23.0,23.3,23.150000000000002
42,449,18,0.36,977.0369333333335,365.7030694598587,1342.7400027931924,32.50252329511545,7.5545097880578505,23.0,23.3,23.150000000000002
42,450,18,0.37,982.9515333333335,372.02341113278663,1354.9749444661202,32.59170000343958,7.503478207065067,23.0,23.3,23.150000000000002
42,451,18,0.37,982.9515333333335,372.0646292067553,1355.0161625400885,32.59170000343958,7.453902526046271,23.0,23.3,23.150000000000002
42,452,18,0.36,977.0369333333335,365.8229893949481,1342.8599227282816,32.50252329511545,7.410390780732055,23.0,23.3,23.150000000000002
42,453,18,0.36,977.0369333333335,365.771575472633,1342.8085088059668,32.50252329511545,7.47256450380513,23.0,23.3,23.150000000000002
42,454,18,0.36,977.0369333333335,365.7226684120513,1342.7596017453848,32.50252329511545,7.5311684830644205,23.0,23.3,23.150000000000002
42,455,18,0.37,982.9515333333335,371.9634808636394,1354.9150141969728,32.59170000343958,7.574901413397159,23.0,23.3,23.150000000000002
42,456,18,0.39,994.7807333333334,384.7093293745473,1379.4900627078805,32.76894681768063,7.6168110227913495,23.0,23.3,23.150000000000002
42,457,18,0.42000000000000004,1012.5245333333335,404.4532355759087,1416.977768909242,33.03209349900239,7.622666654362023,23.0,23.3,23.150000000000002
42,458,18,0.43,1018.4391333333332,411.1977567561524,1429.6368900894856,33.119094022867024,7.61713663754234,23.0,23.3,23.150000000000002
42,459,18,0.44,1024.3537333333334,418.0277000944397,1442.3814334277731,33.20574162368248,7.604727703519337,23.0,23.3,23.150000000000002
42,460,18,0.45999999999999996,1036.1829333333335,431.88996878617525,1468.0729021195089,33.377988877624354,7.628717338988419,23.0,23.3,23.150000000000002
42,461,18,0.45999999999999996,1036.1829333333335,431.8925299065746,1468.0754632399082,33.377988877624354,7.6255776099219945,23.0,23.3,23.150000000000002
42,462,18,0.45999999999999996,1036.1829333333335,431.8976898982205,1468.0806232315542,33.377988877624354,7.619246864591796,23.0,23.3,23.150000000000002
42,463,18,0.45999999999999996,1036.1829333333335,431.915701037474,1468.0986343708075,33.377988877624354,7.597096375432401,23.0,23.3,23.150000000000002
42,464,18,0.45999999999999996,1036.1829333333335,431.9087136399541,1468.0916469732877,33.377988877624354,7.605699410988537,23.0,23.3,23.150000000000002
42,465,18,0.44,1024.3537333333334,418.0351392593283,1442.3888725926618,33.20574162368248,7.5957167632071325,23.0,23.3,23.150000000000002
42,466,18,0.43,1018.4391333333332,411.2153345517217,1429.6544678850548,33.119094022867024,7.596005961100587,23.0,23.3,23.150000000000002
42,467,18,0.42000000000000004,1012.5245333333335,404.4673662787554,1416.9918996120887,33.03209349900239,7.605793462833053,23.0,23.3,23.150000000000002
42,468,18,0.41000000000000003,1006.6099333333331,397.8206477766256,1404.4305811099587,32.94473730993878,7.588956939637517,23.0,23.3,23.150000000000002
42,469,18,0.39,994.7807333333334,385.15691240831984,1379.9376457416531,32.76894681768063,7.064745090792476,23.0,23.3,23.150000000000002
42,470,18,0.38,988.8661333333333,379.1075280715634,1367.9736614048968,32.680506879030105,6.555127294536704,23.0,23.3,23.150000000000002
42,471,18,0.36,977.0369333333335,366.8502204365004,1343.887153769834,32.50252329511545,6.0052879861904005,23.0,23.3,23.150000000000002
42,472,18,0.34,965.2077333333335,354.83480058686274,1320.0425339201963,32.32304863668119,5.480839163159739,23.0,23.3,23.150000000000002
42,473,18,0.32,953.3785333333332,342.72452249787773,1296.103055831211,32.142059089567915,5.596702741343813,23.0,23.3,23.150000000000002
42,474,18,0.29,935.6347333333334,325.11142722510624,1260.7461605584397,31.867680943169727,5.7198177165217245,23.0,23.3,23.150000000000002
42,475,18,0.29,935.6347333333334,325.03555186245563,1260.6702851957891,31.867680943169727,5.844338378634651,23.0,23.3,23.150000000000002
42,476,18,0.28,929.7201333333333,319.2597486556049,1248.9798819889381,31.77543739153205,5.951825932781869,23.0,23.3,23.150000000000002
42,477,18,0.29,935.6347333333334,325.19997016329035,1260.834703496624,31.867680943169727,5.570203081809395,23.0,23.3,23.150000000000002
42,478,18,0.29,935.6347333333334,325.4133468871617,1261.0480802204952,31.867680943169727,5.187379288580295,23.0,23.3,23.150000000000002
42,479,18,0.31,947.4639333333333,325.1091820967911,1272.5731154301243,32.050988645414336,4.808824018528782,23.0,23.3,23.150000000000002
42,480,18,0.32,953.3785333333332,330.8703626902729,1284.248896023606,32.142059089567915,4.440470540674408,23.0,23.3,23.150000000000002
42,481,18,0.33,959.2931333333333,336.3484384881765,1295.6415718215098,32.232744733254826,4.399669954977109,23.0,23.3,23.150000000000002
42,482,18,0.34,965.2077333333335,341.87832604452115,1307.0860593778548,32.32304863668119,4.360332173490691,23.0,23.3,23.150000000000002
42,483,18,0.37,982.9515333333335,358.70849855708633,1341.6600318904198,32.59170000343958,4.316935427002024,23.0,23.3,23.150000000000002
42,484,18,0.38,988.8661333333333,364.4754291035515,1353.3415624368847,32.680506879030105,4.257412225293619,23.0,23.3,23.150000000000002
42,485,18,0.39,994.7807333333334,370.3428262956542,1365.1235596289878,32.76894681768063,4.157376067537047,23.0,23.3,23.150000000000002
42,486,18,0.42000000000000004,1012.5245333333335,388.0240308830734,1400.5485642164067,33.03209349900239,4.0813647452643,23.0,23.3,23.150000000000002
42,487,18,0.42000000000000004,1012.5245333333335,388.128169342444,1400.6527026757774,33.03209349900239,3.991613288269206,23.0,23.3,23.150000000000002
42,488,18,0.43,1018.4391333333332,394.223405046869,1412.6625383802022,33.119094022867024,3.88855206749577,23.0,23.3,23.150000000000002
42,489,18,0.43,1018.4391333333332,394.2049879288859,1412.644121262219,33.119094022867024,3.9045378524275107,23.0,23.3,23.150000000000002
42,490,18,0.43,1018.4391333333332,394.209510986298,1412.648644319631,33.119094022867024,3.900616587647975,23.0,23.3,23.150000000000002
42,491,18,0.43,1018.4391333333332,394.21729318211607,1412.6564265154493,33.119094022867024,3.893862686112406,23.0,23.3,23.150000000000002
42,492,18,0.43,1018.4391333333332,394.20103087522943,1412.6401642085625,33.119094022867024,3.907965930136717,23.0,23.3,23.150000000000002
42,493,18,0.43,1018.4391333333332,394.2162915065114,1412.6554248398447,33.119094022867024,3.894732512567164,23.0,23.3,23.150000000000002
42,494,18,0.42000000000000004,1012.5245333333335,388.2603465865936,1400.784879919927,33.03209349900239,3.875394650096586,23.0,23.3,23.150000000000002
42,495,18,0.41000000000000003,1006.6099333333331,382.325753658991,1388.9356869923242,32.94473730993878,3.884905907780803,23.0,23.3,23.150000000000002
42,496,18,0.38,988.8661333333333,364.87548018107265,1353.7416135144058,32.680506879030105,3.885539603579725,23.0,23.3,23.150000000000002
42,497,18,0.36,977.0369333333335,353.48224920432455,1330.5191825376583,32.50252329511545,3.9118272879978777,23.0,23.3,23.150000000000002
42,498,18,0.33,959.2931333333333,336.80770266023677,1296.10083599357,32.232744733254826,3.9331759861056717,23.0,23.3,23.150000000000002
42,499,18,0.31,947.4639333333333,325.9453541920686,1273.4092875254019,32.050988645414336,3.9557668312886842,23.0,23.3,23.150000000000002
42,500,18,0.28,929.7201333333333,310.05149139744,1239.7716247307733,31.77543739153205,3.9768520407500403,23.0,23.3,23.150000000000002
42,501,18,0.26,917.8909333333334,299.6665550876938,1217.557488421027,31.58975488644856,4.045528803959007,23.0,23.3,23.150000000000002
42,502,18,0.23,900.1471333333333,284.49914677340973,1184.646280106743,31.30819352755676,4.116671913249782,23.0,23.3,23.150000000000002
42,503,18,0.22,894.2325333333332,279.50841500120225,1173.7409483345357,31.213516360021533,4.187496314742656,23.0,23.3,23.150000000000002
42,504,18,0.22,894.2325333333332,279.45686192991576,1173.689395263249,31.213516360021533,4.254125988542235,23.0,23.3,23.150000000000002
42,505,18,0.22,894.2325333333332,279.40241429909815,1173.6349476324312,31.213516360021533,4.323619439233103,23.0,23.3,23.150000000000002
42,506,18,0.22,894.2325333333332,279.3630398276005,1173.5955731609338,31.213516360021533,4.373332319382612,23.0,23.3,23.150000000000002
42,507,18,0.23,900.1471333333333,284.22761170170725,1184.3747450350406,31.30819352755676,4.455252461649504,23.0,23.3,23.150000000000002
42,508,18,0.24000000000000002,906.0617333333336,289.13943809272814,1195.2011714260616,31.402456753492356,4.534922842572541,23.0,23.3,23.150000000000002
42,509,18,0.26,917.8909333333334,299.1322917283182,1217.0232250616516,31.58975488644856,4.659068444428339,23.0,23.3,23.150000000000002
42,510,18,0.27,923.8055333333333,304.1365890289518,1227.942122362285,31.68279645136979,4.786470068145298,23.0,23.3,23.150000000000002
42,511,18,0.28,929.7201333333333,309.18265480601053,1238.9027881393438,31.77543739153205,4.914238012322256,23.0,23.3,23.150000000000002
42,512,18,0.29,935.6347333333334,325.4937728787815,1261.1285062121149,31.867680943169727,5.033387095875897,23.0,23.3,23.150000000000002
42,513,18,0.29,935.6347333333334,325.37812133156194,1261.0128546648953,31.867680943169727,5.25301203265919,23.0,23.3,23.150000000000002
42,514,18,0.31,947.4639333333333,336.87407299734275,1284.338006330676,32.050988645414336,5.483356856010496,23.0,23.3,23.150000000000002
42,515,18,0.32,953.3785333333332,342.65700139958903,1296.0355347329225,32.142059089567915,5.710460006900072,23.0,23.3,23.150000000000002
42,516,18,0.33,959.2931333333333,348.4876493295145,1307.7807826628477,32.232744733254826,5.9627401651274825,23.0,23.3,23.150000000000002
42,517,18,0.34,965.2077333333335,354.0752410898029,1319.2829744231365,32.32304863668119,6.654124882415232,23.0,23.3,23.150000000000002
42,518,18,0.36,977.0369333333335,365.88177112467037,1342.918704458004,32.50252329511545,7.338571815082473,23.0,23.3,23.150000000000002
42,519,18,0.36,977.0369333333335,365.31082581599674,1342.3477591493302,32.50252329511545,8.005894090301801,23.0,23.3,23.150000000000002
42,520,18,0.37,982.9515333333335,370.9710667292314,1353.922600062565,32.59170000343958,8.665191350549717,23.0,23.3,23.150000000000002
42,521,18,0.36,977.0369333333335,364.7039894064481,1341.7409227397816,32.50252329511545,8.655066118688705,23.0,23.3,23.150000000000002
42,522,18,0.36,977.0369333333335,364.7012403473526,1341.7381736806863,32.50252329511545,8.657892940996106,23.0,23.3,23.150000000000002
42,523,18,0.34,965.2077333333335,352.3986475219832,1317.6063808553167,32.32304863668119,8.63019682397252,23.0,23.3,23.150000000000002
42,524,18,0.33,959.2931333333333,346.34509980756445,1305.6382331408977,32.232744733254826,8.62967524255486,23.0,23.3,23.150000000000002
42,525,18,0.32,953.3785333333332,340.0993828266729,1293.477916160006,32.142059089567915,8.901583859563756,23.0,23.3,23.150000000000002
42,526,18,0.29,935.6347333333334,322.33364430077967,1257.968377634113,31.867680943169727,9.161189437081099,23.0,23.3,23.150000000000002
42,527,18,0.28,929.7201333333333,316.355230250824,1246.0753635841572,31.77543739153205,9.444258052465422,23.0,23.3,23.150000000000002
42,528,18,0.27,923.8055333333333,310.46737168922243,1234.2729050225557,31.68279645136979,9.703611431702011,23.0,23.3,23.150000000000002
42,529,18,0.26,917.8909333333334,304.9131246615641,1222.8040579948974,31.58975488644856,9.706316851025687,23.0,23.3,23.150000000000002
42,530,18,0.24000000000000002,906.0617333333336,293.98588382650547,1200.047617159839,31.402456753492356,9.734445670967544,23.0,23.3,23.150000000000002
42,531,18,0.24000000000000002,906.0617333333336,294.0023347907899,1200.0640681241234,31.402456753492356,9.718167183202903,23.0,23.3,23.150000000000002
42,532,18,0.24000000000000002,906.0617333333336,294.0057666982526,1200.0675000315862,31.402456753492356,9.71476825279497,23.0,23.3,23.150000000000002
42,533,18,0.23,900.1471333333333,288.78535610480236,1188.9324894381357,31.30819352755676,9.585647483747675,23.0,23.3,23.150000000000002
42,534,18,0.24000000000000002,906.0617333333336,294.2653595386441,1200.3270928719778,31.402456753492356,9.454561293295578,23.0,23.3,23.150000000000002
42,535,18,0.24000000000000002,906.0617333333336,294.38035545304547,1200.442088786379,31.402456753492356,9.337239721525865,23.0,23.3,23.150000000000002
42,536,18,0.26,917.8909333333334,305.400454938713,1223.2913882720463,31.58975488644856,9.221120526502297,23.0,23.3,23.150000000000002
42,537,18,0.27,923.8055333333333,311.2166793973709,1235.022212730704,31.68279645136979,8.95390973485896,23.0,23.3,23.150000000000002
42,538,18,0.28,929.7201333333333,317.1124998787056,1246.8326332120387,31.77543739153205,8.671592870074063,23.0,23.3,23.150000000000002
42,539,18,0.28,929.7201333333333,317.3447927446012,1247.0649260779344,31.77543739153205,8.421177962831116,23.0,23.3,23.150000000000002
42,540,18,0.29,935.6347333333334,323.304728945764,1258.9394622790974,31.867680943169727,8.132520737144587,23.0,23.3,23.150000000000002
42,541,18,0.31,947.4639333333333,334.92440358638765,1282.388336919721,32.050988645414336,8.122086484425779,23.0,23.3,23.150000000000002
42,542,18,0.32,953.3785333333332,340.8342061048348,1294.212739438168,32.142059089567915,8.123801522574732,23.0,23.3,23.150000000000002
42,543,18,0.33,959.2931333333333,346.8164634108789,1306.109596744212,32.232744733254826,8.12470480795751,23.0,23.3,23.150000000000002
42,544,18,0.34,965.2077333333335,352.8773881670145,1318.085121500348,32.32304863668119,8.118768384005994,23.0,23.3,23.150000000000002
42,545,18,0.36,977.0369333333335,365.8029328147054,1342.839866148039,32.50252329511545,7.434714951246178,23.0,23.3,23.150000000000002
42,546,18,0.36,977.0369333333335,366.35063745530545,1343.387570788639,32.50252329511545,6.733483933823315,23.0,23.3,23.150000000000002
42,547,18,0.37,982.9515333333335,373.10715389146935,1356.0586872248027,32.59170000343958,6.034613141173977,23.0,23.3,23.150000000000002
42,548,18,0.37,982.9515333333335,373.51807789076315,1356.4696112240968,32.59170000343958,5.335232725066554,23.0,23.3,23.150000000000002
42,549,18,0.37,982.9515333333335,373.6571676766179,1356.6087010099513,32.59170000343958,5.066169671975901,23.0,23.3,23.150000000000002
42,550,18,0.37,982.9515333333335,358.16697417585567,1341.1185075091892,32.59170000343958,4.787943741340251,23.0,23.3,23.150000000000002
42,551,18,0.36,977.0369333333335,352.84923542128337,1329.886168754617,32.50252329511545,4.509711965116837,23.0,23.3,23.150000000000002
42,552,18,0.34,965.2077333333335,341.9977994449285,1307.2055327782618,32.32304863668119,4.244528085179586,23.0,23.3,23.150000000000002
42,553,18,0.33,959.2931333333333,336.49517104819154,1295.788304381525,32.232744733254826,4.254985496094077,23.0,23.3,23.150000000000002
42,554,18,0.32,953.3785333333332,331.0768932844848,1284.455426617818,32.142059089567915,4.232673571627566,23.0,23.3,23.150000000000002
42,555,18,0.31,947.4639333333333,325.6844894709876,1273.148422804321,32.050988645414336,4.236319075488943,23.0,23.3,23.150000000000002
42,556,18,0.29,935.6347333333334,315.0661715522222,1250.7009048855557,31.867680943169727,4.230415185819966,23.0,23.3,23.150000000000002
42,557,18,0.28,929.7201333333333,309.9975211259518,1239.717654459285,31.77543739153205,4.039984721226985,23.0,23.3,23.150000000000002
42,558,18,0.27,923.8055333333333,304.9759919291352,1228.7815252624684,31.68279645136979,3.8374516368131557,23.0,23.3,23.150000000000002
42,559,18,0.27,923.8055333333333,305.124114017392,1228.9296473507252,31.68279645136979,3.6505924790818702,23.0,23.3,23.150000000000002
42,560,18,0.27,923.8055333333333,305.28322770334063,1229.088761036674,31.68279645136979,3.441354592847527,23.0,23.3,23.150000000000002
42,561,18,0.28,929.7201333333333,310.75436823925185,1240.4745015725853,31.77543739153205,3.0688081224859087,23.0,23.3,23.150000000000002
42,562,18,0.29,935.6347333333334,316.24338144167916,1251.8781147750126,31.867680943169727,2.729424008746898,23.0,23.3,23.150000000000002
42,563,18,0.29,935.6347333333334,316.4673490966141,1252.1020824299476,31.867680943169727,2.370890377090495,23.0,23.3,23.150000000000002
42,564,18,0.31,947.4639333333333,327.36924298390886,1274.8331763172423,32.050988645414336,2.0069246962273217,23.0,23.3,23.150000000000002
42,565,18,0.32,953.3785333333332,332.9184634557955,1286.2969967891288,32.142059089567915,1.7820804873928013,23.0,23.3,23.150000000000002
42,566,18,0.32,953.3785333333332,333.0330858765802,1286.4116192099134,32.142059089567915,1.5546572730341053,23.0,23.3,23.150000000000002
42,567,18,0.33,959.2931333333333,338.6193565365621,1297.9124898698954,32.232744733254826,1.3379679575261636,23.0,23.3,23.150000000000002
42,568,18,0.33,959.2931333333333,338.7115311339428,1298.0046644672761,32.232744733254826,1.1244105226727883,23.0,23.3,23.150000000000002
42,569,18,0.32,953.3785333333332,333.2527537286566,1286.6312870619897,32.142059089567915,1.0503745838382987,23.0,23.3,23.150000000000002
42,570,18,0.32,953.3785333333332,333.284693616294,1286.6632269496272,32.142059089567915,0.9664317758754258,23.0,23.3,23.150000000000002
42,571,18,0.33,959.2931333333333,338.8010579296935,1298.0941912630267,32.232744733254826,0.8943290479076886,23.0,23.3,23.150000000000002
42,572,18,0.33,959.2931333333333,338.82774601670576,1298.120879350039,32.232744733254826,0.8201798890747571,23.0,23.3,23.150000000000002
42,573,18,0.34,965.2077333333335,344.4124603103411,1309.6201936436746,32.32304863668119,0.7009251710586101,23.0,23.3,23.150000000000002
42,574,18,0.34,965.2077333333335,344.45582584563397,1309.6635591789675,32.32304863668119,0.5670820748673041,23.0,23.3,23.150000000000002
42,575,18,0.34,965.2077333333335,344.4943044358293,1309.7020377691629,32.32304863668119,0.4380329194427107,23.0,23.3,23.150000000000002
42,576,18,0.33,959.2931333333333,338.9807422498366,1298.27387558317,32.232744733254826,0.31776541832720956,23.0,23.3,23.150000000000002
42,577,18,0.33,959.2931333333333,339.0141254252334,1298.3072587585668,32.232744733254826,0.1803648167754386,23.0,23.3,23.150000000000002
42,578,18,0.32,953.3785333333332,333.54918612920136,1286.9277194625347,32.142059089567915,0.0401207436735872,23.0,23.3,23.150000000000002
42,579,18,0.32,953.3785333333332,333.55699051462045,1286.9355238479536,32.142059089567915,0.0,23.0,23.3,23.150000000000002
42,580,18,0.31,947.4639333333333,328.1139333478412,1275.5778666811746,32.050988645414336,0.0,23.0,23.3,23.150000000000002
42,581,18,0.31,947.4639333333333,328.1139333478412,1275.5778666811746,32.050988645414336,0.0,23.0,23.3,23.150000000000002
42,582,18,0.31,947.4639333333333,328.1139333478412,1275.5778666811746,32.050988645414336,0.0,23.0,23.3,23.150000000000002
42,583,18,0.31,947.4639333333333,328.1139333478412,1275.5778666811746,32.050988645414336,0.0,23.0,23.3,23.150000000000002
42,584,18,0.31,947.4639333333333,328.1139333478412,1275.5778666811746,32.050988645414336,0.0,23.0,23.3,23.150000000000002
42,585,18,0.31,947.4639333333333,328.1139333478412,1275.5778666811746,32.050988645414336,0.0,23.0,23.3,23.150000000000002
42,586,18,0.31,947.4639333333333,328.1139333478412,1275.5778666811746,32.050988645414336,0.0,23.0,23.3,23.150000000000002
42,587,18,0.31,947.4639333333333,328.1139333478412,1275.5778666811746,32.050988645414336,0.0,23.0,23.3,23.150000000000002
42,588,18,0.29,935.6347333333334,317.3840117783535,1253.018745111687,31.867680943169727,0.0,23.0,23.3,23.150000000000002
42,589,18,0.29,935.6347333333334,317.3840117783535,1253.018745111687,31.867680943169727,0.0,23.0,23.3,23.150000000000002
42,590,18,0.28,929.7201333333333,312.0966776419721,1241.8168109753055,31.77543739153205,0.0,23.0,23.3,23.150000000000002
42,591,18,0.29,935.6347333333334,317.3840117783535,1253.018745111687,31.867680943169727,0.0,23.0,23.3,23.150000000000002
42,592,18,0.29,935.6347333333334,317.3840117783535,1253.018745111687,31.867680943169727,0.0,23.0,23.3,23.150000000000002
42,593,18,0.29,935.6347333333334,317.3840117783535,1253.018745111687,31.867680943169727,0.0,23.0,23.3,23.150000000000002
42,594,18,0.29,935.6347333333334,317.3840117783535,1253.018745111687,31.867680943169727,0.0,23.0,23.3,23.150000000000002
42,595,18,0.29,935.6347333333334,317.3840117783535,1253.018745111687,31.867680943169727,0.0,23.0,23.3,23.150000000000002
42,596,18,0.28,929.7201333333333,312.0966776419721,1241.8168109753055,31.77543739153205,0.0,23.0,23.3,23.150000000000002
42,597,18,0.27,923.8055333333333,306.8607822598104,1230.6663155931437,31.68279645136979,0.0,23.0,23.3,23.150000000000002
42,598,18,0.26,917.8909333333334,301.6760920092701,1219.5670253426035,31.58975488644856,0.0,23.0,23.3,23.150000000000002
42,599,18,0.26,917.8909333333334,301.6760920092701,1219.5670253426035,31.58975488644856,0.0,23.0,23.3,23.150000000000002
42,600,18,0.26,917.8909333333334,301.6760920092701,1219.5670253426035,31.58975488644856,0.0,23.0,23.3,23.150000000000002
42,601,18,0.26,917.8909333333334,301.6760920092701,1219.5670253426035,31.58975488644856,0.0,23.0,23.3,23.150000000000002
42,602,18,0.26,917.8909333333334,301.6760920092701,1219.5670253426035,31.58975488644856,0.0,23.0,23.3,23.150000000000002
42,603,18,0.26,917.8909333333334,301.6760920092701,1219.5670253426035,31.58975488644856,0.0,23.0,23.3,23.150000000000002
42,604,18,0.26,917.8909333333334,301.6760920092701,1219.5670253426035,31.58975488644856,0.0,23.0,23.3,23.150000000000002
42,605,18,0.24000000000000002,906.0617333333336,291.4593950895326,1197.521128422866,31.402456753492356,0.0,23.0,23.3,23.150000000000002
42,606,18,0.24000000000000002,906.0617333333336,291.4593950895326,1197.521128422866,31.402456753492356,0.0,23.0,23.3,23.150000000000002
42,607,18,0.24000000000000002,906.0617333333336,291.4593950895326,1197.521128422866,31.402456753492356,0.0,23.0,23.3,23.150000000000002
42,608,18,0.24000000000000002,906.0617333333336,291.4593950895326,1197.521128422866,31.402456753492356,0.0,23.0,23.3,23.150000000000002
42,609,18,0.26,917.8909333333334,301.6760920092701,1219.5670253426035,31.58975488644856,0.0,23.0,23.3,23.150000000000002
42,610,18,0.26,917.8909333333334,301.6760920092701,1219.5670253426035,31.58975488644856,0.0,23.0,23.3,23.150000000000002
42,611,18,0.26,917.8909333333334,301.6760920092701,1219.5670253426035,31.58975488644856,0.0,23.0,23.3,23.150000000000002
42,612,18,0.26,917.8909333333334,301.6760920092701,1219.5670253426035,31.58975488644856,0.0,23.0,23.3,23.150000000000002
42,613,18,0.26,917.8909333333334,301.6760920092701,1219.5670253426035,31.58975488644856,0.0,23.0,23.3,23.150000000000002
42,614,18,0.26,917.8909333333334,301.6760920092701,1219.5670253426035,31.58975488644856,0.0,23.0,23.3,23.150000000000002
42,615,18,0.24000000000000002,906.0617333333336,291.4593950895326,1197.521128422866,31.402456753492356,0.0,23.0,23.3,23.150000000000002
42,616,18,0.24000000000000002,906.0617333333336,291.4593950895326,1197.521128422866,31.402456753492356,0.0,23.0,23.3,23.150000000000002
42,617,18,0.23,900.1471333333333,286.42692391105396,1186.5740572443872,31.30819352755676,0.0,23.0,23.3,23.150000000000002
42,618,18,0.23,900.1471333333333,286.42692391105396,1186.5740572443872,31.30819352755676,0.0,23.0,23.3,23.150000000000002
42,619,18,0.23,900.1471333333333,286.42692391105396,1186.5740572443872,31.30819352755676,0.0,23.0,23.3,23.150000000000002
42,620,18,0.23,900.1471333333333,286.42692391105396,1186.5740572443872,31.30819352755676,0.0,23.0,23.3,23.150000000000002
42,621,18,0.24000000000000002,906.0617333333336,291.4593950895326,1197.521128422866,31.402456753492356,0.0,23.0,23.3,23.150000000000002
42,622,18,0.24000000000000002,906.0617333333336,291.4593950895326,1197.521128422866,31.402456753492356,0.0,23.0,23.3,23.150000000000002
42,623,18,0.24000000000000002,906.0617333333336,291.4593950895326,1197.521128422866,31.402456753492356,0.0,23.0,23.3,23.150000000000002
42,624,18,0.23,900.1471333333333,286.42692391105396,1186.5740572443872,31.30819352755676,0.0,23.0,23.3,23.150000000000002
42,625,18,0.22,894.2325333333332,281.4447288861752,1175.6772622195085,31.213516360021533,0.0,23.0,23.3,23.150000000000002
42,626,18,0.21000000000000002,888.3179333333336,276.51257924986487,1164.8305125831985,31.118421826101724,0.0,23.0,23.3,23.150000000000002
42,627,18,0.21000000000000002,888.3179333333336,276.51257924986487,1164.8305125831985,31.118421826101724,0.0,23.0,23.3,23.150000000000002
42,628,18,0.19,876.4887333333332,266.79749627587836,1143.2862296092117,30.926966762937276,0.0,23.0,23.3,23.150000000000002
42,629,18,0.21000000000000002,888.3179333333336,276.51257924986487,1164.8305125831985,31.118421826101724,0.0,23.0,23.3,23.150000000000002
42,630,18,0.21000000000000002,888.3179333333336,276.51257924986487,1164.8305125831985,31.118421826101724,0.0,23.0,23.3,23.150000000000002
42,631,18,0.21000000000000002,888.3179333333336,276.51257924986487,1164.8305125831985,31.118421826101724,0.0,23.0,23.3,23.150000000000002
42,632,18,0.19,876.4887333333332,266.79749627587836,1143.2862296092117,30.926966762937276,0.0,23.0,23.3,23.150000000000002
42,633,18,0.19,876.4887333333332,266.79749627587836,1143.2862296092117,30.926966762937276,0.0,23.0,23.3,23.150000000000002
42,634,18,0.19,876.4887333333332,266.79749627587836,1143.2862296092117,30.926966762937276,0.0,23.0,23.3,23.150000000000002
42,635,18,0.21000000000000002,888.3179333333336,276.51257924986487,1164.8305125831985,31.118421826101724,0.0,23.0,23.3,23.150000000000002
42,636,18,0.21000000000000002,888.3179333333336,276.51257924986487,1164.8305125831985,31.118421826101724,0.0,23.0,23.3,23.150000000000002
42,637,18,0.22,894.2325333333332,281.4447288861752,1175.6772622195085,31.213516360021533,0.0,23.0,23.3,23.150000000000002
42,638,18,0.23,900.1471333333333,286.42692391105396,1186.5740572443872,31.30819352755676,0.0,23.0,23.3,23.150000000000002
42,639,18,0.23,900.1471333333333,286.42692391105396,1186.5740572443872,31.30819352755676,0.0,23.0,23.3,23.150000000000002
42,640,18,0.24000000000000002,906.0617333333336,291.4593950895326,1197.521128422866,31.402456753492356,0.0,23.0,23.3,23.150000000000002
42,641,18,0.24000000000000002,906.0617333333336,291.4593950895326,1197.521128422866,31.402456753492356,0.0,23.0,23.3,23.150000000000002
42,642,18,0.24000000000000002,906.0617333333336,291.44762910441887,1197.5093624377523,31.402456753492356,0.07150051572243105,23.0,23.3,23.150000000000002
42,643,18,0.24000000000000002,906.0617333333336,291.419320714624,1197.4810540479575,31.402456753492356,0.22672550785909162,23.0,23.3,23.150000000000002
42,644,18,0.24000000000000002,906.0617333333336,291.3913184864732,1197.4530518198067,31.402456753492356,0.36314127958549086,23.0,23.3,23.150000000000002
42,645,18,0.24000000000000002,906.0617333333336,291.4222697187451,1197.4840030520786,31.402456753492356,0.2114744397528092,23.0,23.3,23.150000000000002
42,646,18,0.26,917.8909333333334,301.6655412631764,1219.5564745965098,31.58975488644856,0.06147722307748227,23.0,23.3,23.150000000000002
42,647,18,0.26,917.8909333333334,301.6760920092701,1219.5670253426035,31.58975488644856,0.0,23.0,23.3,23.150000000000002
42,648,18,0.27,923.8055333333333,306.8607822598104,1230.6663155931437,31.68279645136979,0.0,23.0,23.3,23.150000000000002
42,649,18,0.28,929.7201333333333,312.0966776419721,1241.8168109753055,31.77543739153205,0.0,23.0,23.3,23.150000000000002
42,650,18,0.29,935.6347333333334,317.3840117783535,1253.018745111687,31.867680943169727,0.0,23.0,23.3,23.150000000000002
42,651,18,0.29,935.6347333333334,317.3840117783535,1253.018745111687,31.867680943169727,0.0,23.0,23.3,23.150000000000002
42,652,18,0.31,947.4639333333333,328.1139333478412,1275.5778666811746,32.050988645414336,0.0,23.0,23.3,23.150000000000002
42,653,18,0.32,953.3785333333332,333.55699051462045,1286.9355238479536,32.142059089567915,0.0,23.0,23.3,23.150000000000002
42,654,18,0.33,959.2931333333333,339.03439862854566,1298.327531961879,32.232744733254826,0.08858366023875208,23.0,23.3,23.150000000000002
42,655,18,0.33,959.2931333333333,339.0031067091063,1298.2962400424396,32.232744733254826,0.2274011481592632,23.0,23.3,23.150000000000002
42,656,18,0.34,965.2077333333335,344.5073934330768,1309.71512676641,32.32304863668119,0.3914364289565392,23.0,23.3,23.150000000000002
42,657,18,0.34,965.2077333333335,344.4718786923233,1309.6796120256568,32.32304863668119,0.5145691594478695,23.0,23.3,23.150000000000002
42,658,18,0.34,965.2077333333335,344.4314736863528,1309.6392070196862,32.32304863668119,0.6435723782365259,23.0,23.3,23.150000000000002
42,659,18,0.34,965.2077333333335,344.38481942660195,1309.5925527599354,32.32304863668119,0.7810405486915102,23.0,23.3,23.150000000000002
42,660,18,0.34,965.2077333333335,344.3361792542267,1309.5439125875603,32.32304863668119,0.9139664922904848,23.0,23.3,23.150000000000002
42,661,18,0.33,959.2931333333333,338.8379517401621,1298.1310850734953,32.232744733254826,0.7910212399715202,23.0,23.3,23.150000000000002
42,662,18,0.33,959.2931333333333,338.87890558033524,1298.1720389136685,32.232744733254826,0.6689463983535727,23.0,23.3,23.150000000000002
42,663,18,0.34,965.2077333333335,344.46375419811346,1309.671487531447,32.32304863668119,0.5413679764901278,23.0,23.3,23.150000000000002
42,664,18,0.34,965.2077333333335,344.4996703349224,1309.7074036682561,32.32304863668119,0.4191137798465049,23.0,23.3,23.150000000000002
42,665,18,0.36,977.0369333333335,355.71801294584384,1332.7549462791774,32.50252329511545,0.5244494595612592,23.0,23.3,23.150000000000002
42,666,18,0.36,977.0369333333335,355.6825729971241,1332.7195063304578,32.50252329511545,0.6328716663885902,23.0,23.3,23.150000000000002
42,667,18,0.36,977.0369333333335,355.6525347170622,1332.6894680503958,32.50252329511545,0.7194704396891352,23.0,23.3,23.150000000000002
42,668,18,0.34,965.2077333333335,344.3724290806342,1309.5801624139679,32.32304863668119,0.8158165480074323,23.0,23.3,23.150000000000002
42,669,18,0.33,959.2931333333333,338.79338671507446,1298.086520048408,32.232744733254826,0.9151162280806098,23.0,23.3,23.150000000000002
42,670,18,0.32,953.3785333333332,333.2644549766844,1286.6429883100177,32.142059089567915,1.0200229821062465,23.0,23.3,23.150000000000002
42,671,18,0.32,953.3785333333332,333.2283768088638,1286.606910142197,32.142059089567915,1.112218381803191,23.0,23.3,23.150000000000002
123,0,18,0.24000000000000002,906.0927333333335,289.757475610407,1195.8502089437404,31.402262378208444,3.769061126680238,23.0,23.3,23.150000000000002
123,1,18,0.26,917.9219333333333,300.24693472875043,1218.168868062084,31.589553974748874,3.2903473948342175,23.0,23.3,23.150000000000002
123,2,18,0.26,917.9219333333333,300.58209406874266,1218.504027402076,31.589553974748874,2.7838442140377935,23.0,23.3,23.150000000000002
123,3,18,0.26,917.9219333333333,300.8771556221798,1218.7990889555133,31.589553974748874,2.275066720531113,23.0,23.3,23.150000000000002
123,4,18,0.26,917.9219333333333,300.6236209031961,1218.5455542365294,31.589553974748874,2.716383532857366,23.0,23.3,23.150000000000002
123,5,18,0.26,917.9219333333333,300.3335026801326,1218.255436013466,31.589553974748874,3.165306527613791,23.0,23.3,23.150000000000002
123,6,18,0.26,917.9219333333333,300.01133237089283,1217.9332657042262,31.589553974748874,3.613901866374066,23.0,23.3,23.150000000000002
123,7,18,0.24000000000000002,906.0927333333335,289.53338768147285,1195.6261210148064,31.402262378208444,4.061869363682645,23.0,23.3,23.150000000000002
123,8,18,0.24000000000000002,906.0927333333335,289.341061422446,1195.4337947557794,31.402262378208444,4.300654967873749,23.0,23.3,23.150000000000002
123,9,18,0.23,900.1781333333333,284.14925440470444,1184.327387738038,31.308002482525062,4.554756248556977,23.0,23.3,23.150000000000002
123,10,18,0.23,900.1781333333333,283.94427379909996,1184.1224071324332,31.308002482525062,4.793435031533268,23.0,23.3,23.150000000000002
123,11,18,0.23,900.1781333333333,292.23444877617743,1192.4125821095106,31.308002482525062,5.041879473138954,23.0,23.3,23.150000000000002
123,12,18,0.23,900.1781333333333,291.96878676805915,1192.1469201013927,31.308002482525062,5.537548210232296,23.0,23.3,23.150000000000002
123,13,18,0.24000000000000002,906.0927333333335,297.04736569944885,1203.1400990327825,31.402262378208444,6.0380695735474585,23.0,23.3,23.150000000000002
123,14,18,0.24000000000000002,906.0927333333335,296.7225814550562,1202.8153147883897,31.402262378208444,6.533553759855226,23.0,23.3,23.150000000000002
123,15,18,0.24000000000000002,906.0927333333335,296.36320975304125,1202.4559430863749,31.402262378208444,7.03830318961109,23.0,23.3,23.150000000000002
123,16,18,0.23,900.1781333333333,290.9848400187413,1191.1629733520747,31.308002482525062,7.0487763399725205,23.0,23.3,23.150000000000002
123,17,18,0.22,894.2635333333332,285.6778321298706,1179.9413654632037,31.213328687378628,7.05070255218745,23.0,23.3,23.150000000000002
123,18,18,0.21000000000000002,888.3489333333335,280.43370913069174,1168.7826424640255,31.118237568576337,7.054719492666849,23.0,23.3,23.150000000000002
123,19,18,0.21000000000000002,888.3489333333335,280.4360382564572,1168.7849715897908,31.118237568576337,7.051493161379527,23.0,23.3,23.150000000000002
123,20,18,0.19,876.5197333333334,270.0407931794671,1146.5605265128004,30.926789466250348,7.196284800515498,23.0,23.3,23.150000000000002
123,21,18,0.21000000000000002,888.3489333333335,280.21241622081584,1168.5613495541495,31.118237568576337,7.354710771805024,23.0,23.3,23.150000000000002
123,22,18,0.21000000000000002,888.3489333333335,280.11309769322077,1168.4620310265543,31.118237568576337,7.485416899710184,23.0,23.3,23.150000000000002
123,23,18,0.21000000000000002,888.3489333333335,279.9958218766362,1168.34475520997,31.118237568576337,7.636888231450266,23.0,23.3,23.150000000000002
123,24,18,0.19,876.5197333333334,269.6102929811854,1146.1300263145188,30.926789466250348,7.770467772368573,23.0,23.3,23.150000000000002
123,25,18,0.19,876.5197333333334,269.5063398306951,1146.0260731640285,30.926789466250348,7.903005303721402,23.0,23.3,23.150000000000002
123,26,18,0.19,876.5197333333334,269.4015101218055,1145.9212434551387,30.926789466250348,8.034528975072428,23.0,23.3,23.150000000000002
123,27,18,0.21000000000000002,888.3489333333335,279.57341362549755,1167.922346958831,31.118237568576337,8.159625958582051,23.0,23.3,23.150000000000002
123,28,18,0.21000000000000002,888.3489333333335,279.5893703896094,1167.9383037229431,31.118237568576337,8.140470163712319,23.0,23.3,23.150000000000002
123,29,18,0.22,894.2635333333332,284.8287182695681,1179.0922516029013,31.213328687378628,8.132487804230859,23.0,23.3,23.150000000000002
123,30,18,0.23,900.1781333333333,290.1321707098377,1190.310304043171,31.308002482525062,8.125469605812501,23.0,23.3,23.150000000000002
123,31,18,0.23,900.1781333333333,290.1226025816343,1190.3007359149674,31.308002482525062,8.13674968455615,23.0,23.3,23.150000000000002
123,32,18,0.24000000000000002,906.0927333333335,295.5950372097501,1201.6877705430836,31.402262378208444,8.007925890841651,23.0,23.3,23.150000000000002
123,33,18,0.24000000000000002,906.0927333333335,295.68227993413007,1201.7750132674635,31.402262378208444,7.903826033484717,23.0,23.3,23.150000000000002
123,34,18,0.24000000000000002,906.0927333333335,295.7904396553095,1201.8831729886429,31.402262378208444,7.772852454725922,23.0,23.3,23.150000000000002
123,35,18,0.24000000000000002,906.0927333333335,295.8916724069852,1201.9844057403186,31.402262378208444,7.648240759581631,23.0,23.3,23.150000000000002
123,36,18,0.24000000000000002,906.0927333333335,296.2056765570582,1202.2984098903917,31.402262378208444,7.247942625401064,23.0,23.3,23.150000000000002
123,37,18,0.24000000000000002,906.0927333333335,296.49434822556526,1202.5870815588987,31.402262378208444,6.858679684480869,23.0,23.3,23.150000000000002
123,38,18,0.26,917.9219333333333,307.7063767355991,1225.6283100689327,31.589553974748874,6.4759354127444215,23.0,23.3,23.150000000000002
123,39,18,0.26,917.9219333333333,307.97731126776057,1225.8992446010939,31.589553974748874,6.066680559193828,23.0,23.3,23.150000000000002
123,40,18,0.27,923.8365333333333,313.68996308722353,1237.5264964205567,31.68259233236925,5.844712821848588,23.0,23.3,23.150000000000002
123,41,18,0.28,929.7511333333333,319.4515392077509,1249.2026725410842,31.775230105092305,5.645035999983619,23.0,23.3,23.150000000000002
123,42,18,0.29,935.6657333333335,325.27849878621583,1260.9442321195493,31.86747052860626,5.441473081776987,23.0,23.3,23.150000000000002
123,43,18,0.29,935.6657333333335,325.39168332258106,1261.0574166559145,31.86747052860626,5.2365131872706705,23.0,23.3,23.150000000000002
123,44,18,0.31,947.4949333333334,337.0970961465466,1284.5920294798798,32.050772090408614,5.081984561129541,23.0,23.3,23.150000000000002
123,45,18,0.32,953.4095333333332,330.37409654856253,1283.7836298818956,32.14183952119426,4.914917066903396,23.0,23.3,23.150000000000002
123,46,18,0.33,959.3241333333333,335.9928355268105,1295.3169688601438,32.232522188729604,4.739611891656537,23.0,23.3,23.150000000000002
123,47,18,0.33,959.3241333333333,336.17894152338147,1295.5030748567149,32.232522188729604,4.5663055712993526,23.0,23.3,23.150000000000002
123,48,18,0.34,965.2387333333335,341.7981889890666,1307.0369223224002,32.322823152716616,4.440661821793183,23.0,23.3,23.150000000000002
123,49,18,0.34,965.2387333333335,341.89073937502,1307.1294727083534,32.322823152716616,4.352466179077965,23.0,23.3,23.150000000000002
123,50,18,0.34,965.2387333333335,341.99014975966986,1307.2288830930033,32.322823152716616,4.256143142222313,23.0,23.3,23.150000000000002
123,51,18,0.34,965.2387333333335,342.09922072657207,1307.3379540599055,32.322823152716616,4.148457429302537,23.0,23.3,23.150000000000002
123,52,18,0.34,965.2387333333335,342.10487244325253,1307.3436057765862,32.322823152716616,4.142818071174775,23.0,23.3,23.150000000000002
123,53,18,0.33,959.3241333333333,336.6153318545515,1295.939465187885,32.232522188729604,4.137927224609106,23.0,23.3,23.150000000000002
123,54,18,0.33,959.3241333333333,336.6158839877387,1295.940017321072,32.232522188729604,4.137363384557583,23.0,23.3,23.150000000000002
123,55,18,0.34,965.2387333333335,342.10258716353,1307.3413204968635,32.322823152716616,4.14509907401942,23.0,23.3,23.150000000000002
123,56,18,0.34,965.2387333333335,342.0730638013774,1307.311797134711,32.322823152716616,4.174479697751236,23.0,23.3,23.150000000000002
123,57,18,0.36,977.0679333333336,353.187497189068,1330.2554305224016,32.50229204043179,4.202404986489301,23.0,23.3,23.150000000000002
123,58,18,0.36,977.0679333333336,353.1606618981797,1330.2285952315133,32.50229204043179,4.227729273410312,23.0,23.3,23.150000000000002
123,59,18,0.36,977.0679333333336,353.1143932165745,1330.182326549908,32.50229204043179,4.271116538694248,23.0,23.3,23.150000000000002
123,60,18,0.34,965.2387333333335,341.8859132921878,1307.1246466255213,32.322823152716616,4.357099802265885,23.0,23.3,23.150000000000002
123,61,18,0.33,959.3241333333333,336.32357686046925,1295.6477101938026,32.232522188729604,4.427943464194518,23.0,23.3,23.150000000000002
123,62,18,0.32,953.4095333333332,330.80732238062586,1284.2168557139591,32.14183952119426,4.5065897372979915,23.0,23.3,23.150000000000002
123,63,18,0.32,953.4095333333332,330.7349245542101,1284.1444578875435,32.14183952119426,4.576827296280506,23.0,23.3,23.150000000000002
123,64,18,0.32,953.4095333333332,330.6743259918479,1284.0838593251813,32.14183952119426,4.634969210641484,23.0,23.3,23.150000000000002
123,65,18,0.32,953.4095333333332,330.6160045163905,1284.0255378497238,32.14183952119426,4.690386301827544,23.0,23.3,23.150000000000002
123,66,18,0.33,959.3241333333333,335.9853280677983,1295.3094614011318,32.232522188729604,4.746497518019256,23.0,23.3,23.150000000000002
123,67,18,0.33,959.3241333333333,335.9176497499814,1295.2417830833149,32.232522188729604,4.808216105644135,23.0,23.3,23.150000000000002
123,68,18,0.34,965.2387333333335,341.36706908266603,1306.6058024159995,32.322823152716616,4.834567946749695,23.0,23.3,23.150000000000002
123,69,18,0.36,977.0679333333336,352.4330858035938,1329.5010191369274,32.50229204043179,4.874250555556115,23.0,23.3,23.150000000000002
123,70,18,0.36,977.0679333333336,352.3950478499325,1329.462981183266,32.50229204043179,4.906177167041008,23.0,23.3,23.150000000000002
123,71,18,0.37,982.9825333333334,358.0097369773281,1340.9922703106615,32.59146591650709,4.921280392932028,23.0,23.3,23.150000000000002
123,72,18,0.39,994.8117333333336,386.45144234804116,1381.2631756813748,32.76870717010592,5.014975876067512,23.0,23.3,23.150000000000002
123,73,18,0.41000000000000003,1006.6409333333331,399.4654112739993,1406.1063446073324,32.94449223712684,5.120669340293075,23.0,23.3,23.150000000000002
123,74,18,0.42000000000000004,1012.5555333333334,406.0643863609273,1418.6199196942607,33.031845763224666,5.220085455138014,23.0,23.3,23.150000000000002
123,75,18,0.43,1018.4701333333333,412.7371145941285,1431.2072479274618,33.118843656639825,5.326334935322231,23.0,23.3,23.150000000000002
123,76,18,0.43,1018.4701333333333,412.74163633855727,1431.2117696718906,33.118843656639825,5.317228940943833,23.0,23.3,23.150000000000002
123,77,18,0.43,1018.4701333333333,412.7419571112789,1431.2120904446124,33.118843656639825,5.316581949533838,23.0,23.3,23.150000000000002
123,78,18,0.42000000000000004,1012.5555333333334,406.01831574169546,1418.5738490750289,33.031845763224666,5.31295766853408,23.0,23.3,23.150000000000002
123,79,18,0.42000000000000004,1012.5555333333334,406.0160143612946,1418.5715476946282,33.031845763224666,5.317526215772819,23.0,23.3,23.150000000000002
123,80,18,0.42000000000000004,1012.5555333333334,386.99797716762725,1399.5535105009608,33.031845763224666,4.8981970986142525,23.0,23.3,23.150000000000002
123,81,18,0.41000000000000003,1006.6409333333331,381.61541340124217,1388.2563467345751,32.94449223712684,4.495154324778747,23.0,23.3,23.150000000000002
123,82,18,0.41000000000000003,1006.6409333333331,382.1221295090139,1388.763062842347,32.94449223712684,4.069524385147825,23.0,23.3,23.150000000000002
123,83,18,0.41000000000000003,1006.6409333333331,382.5737947272014,1389.2147280605345,32.94449223712684,3.658615722931116,23.0,23.3,23.150000000000002
123,84,18,0.41000000000000003,1006.6409333333331,382.5900371289458,1389.230970462279,32.94449223712684,3.6431821528719515,23.0,23.3,23.150000000000002
123,85,18,0.39,994.8117333333336,370.90597517498145,1365.7177085083151,32.76870717010592,3.630414717989812,23.0,23.3,23.150000000000002
123,86,18,0.39,994.8117333333336,370.9084880503984,1365.7202213837318,32.76870717010592,3.627915246102691,23.0,23.3,23.150000000000002
123,87,18,0.38,988.8971333333333,365.1497069365392,1354.0468402698725,32.680269994622535,3.6180166007404226,23.0,23.3,23.150000000000002
123,88,18,0.37,982.9825333333334,359.4875636100274,1342.4700969433607,32.59146591650709,3.5622009191894044,23.0,23.3,23.150000000000002
123,89,18,0.36,977.0679333333336,353.8978588323658,1330.9657921656994,32.50229204043179,3.4820452198663916,23.0,23.3,23.150000000000002
123,90,18,0.36,977.0679333333336,353.9640754012694,1331.0320087346029,32.50229204043179,3.4090803717160707,23.0,23.3,23.150000000000002
123,91,18,0.34,965.2387333333335,342.8389692995749,1308.0777026329085,32.322823152716616,3.350623285882728,23.0,23.3,23.150000000000002
123,92,18,0.36,977.0679333333336,354.1090996792857,1331.1770330126192,32.50229204043179,3.2450081715345203,23.0,23.3,23.150000000000002
123,93,18,0.37,982.9825333333334,359.8624687793469,1342.8450021126803,32.59146591650709,3.1496149046720037,23.0,23.3,23.150000000000002
123,94,18,0.37,982.9825333333334,359.9635005878808,1342.9460339212144,32.59146591650709,3.0313899901808767,23.0,23.3,23.150000000000002
123,95,18,0.38,988.8971333333333,365.77884083399215,1354.6759741673254,32.680269994622535,2.927104681671069,23.0,23.3,23.150000000000002
123,96,18,0.37,982.9825333333334,359.73399495435626,1342.7165282876897,32.59146591650709,3.2953575256966614,23.0,23.3,23.150000000000002
123,97,18,0.37,982.9825333333334,359.39456978144096,1342.3771031147744,32.59146591650709,3.659026874456408,23.0,23.3,23.150000000000002
123,98,18,0.37,982.9825333333334,359.0063176222151,1341.9888509555485,32.59146591650709,4.043774416219785,23.0,23.3,23.150000000000002
123,99,18,0.37,982.9825333333334,358.60901163264714,1341.5915449659806,32.59146591650709,4.4100676588105685,23.0,23.3,23.150000000000002
123,100,18,0.37,982.9825333333334,373.64417880471325,1356.6267121380467,32.59146591650709,5.1007584587049895,23.0,23.3,23.150000000000002
123,101,18,0.38,988.8971333333333,379.6220348035851,1368.5191681369186,32.680269994622535,5.7731386951832055,23.0,23.3,23.150000000000002
123,102,18,0.39,994.8117333333336,385.6296568176003,1380.4413901509338,32.76870717010592,6.423239139666393,23.0,23.3,23.150000000000002
123,103,18,0.39,994.8117333333336,385.11674380736554,1379.928477140699,32.76870717010592,7.1217332672025,23.0,23.3,23.150000000000002
123,104,18,0.39,994.8117333333336,385.09561755335494,1379.9073508866884,32.76870717010592,7.148691704189578,23.0,23.3,23.150000000000002
123,105,18,0.39,994.8117333333336,385.0846223026991,1379.8963556360327,32.76870717010592,7.1626735976522165,23.0,23.3,23.150000000000002
123,106,18,0.38,988.8971333333333,378.6580457641462,1367.5551790974794,32.680269994622535,7.161186216970313,23.0,23.3,23.150000000000002
123,107,18,0.37,982.9825333333334,372.2980033138348,1355.2805366471682,32.59146591650709,7.171108510490266,23.0,23.3,23.150000000000002
123,108,18,0.37,982.9825333333334,372.1893958028146,1355.1719291361483,32.59146591650709,7.306757721352541,23.0,23.3,23.150000000000002
123,109,18,0.36,977.0679333333336,365.8016506344381,1342.8695839677716,32.50229204043179,7.441500207104097,23.0,23.3,23.150000000000002
123,110,18,0.34,965.2387333333335,353.35667590471473,1318.5954092380484,32.322823152716616,7.57578154162995,23.0,23.3,23.150000000000002
123,111,18,0.34,965.2387333333335,353.2252656693501,1318.4639990026835,32.322823152716616,7.7301459191069855,23.0,23.3,23.150000000000002
123,112,18,0.36,977.0679333333336,365.550604957258,1342.6185382905915,32.50229204043179,7.738412708827461,23.0,23.3,23.150000000000002
123,113,18,0.37,982.9825333333334,371.8516249110256,1354.834158244359,32.59146591650709,7.711177184185067,23.0,23.3,23.150000000000002
123,114,18,0.37,982.9825333333334,371.84963666204465,1354.832169995378,32.59146591650709,7.713486847219795,23.0,23.3,23.150000000000002
123,115,18,0.38,988.8971333333333,378.21201905881185,1367.1091523921452,32.680269994622535,7.702253752600965,23.0,23.3,23.150000000000002
123,116,18,0.38,988.8971333333333,378.1021549169011,1366.9992882502345,32.680269994622535,7.828980619478794,23.0,23.3,23.150000000000002
123,117,18,0.38,988.8971333333333,377.9904910129514,1366.8876243462846,32.680269994622535,7.9554799841139845,23.0,23.3,23.150000000000002
123,118,18,0.38,988.8971333333333,377.888324889447,1366.7854582227803,32.680269994622535,8.069308688524982,23.0,23.3,23.150000000000002
123,119,18,0.38,988.8971333333333,377.7696219568203,1366.6667552901536,32.680269994622535,8.19940612346444,23.0,23.3,23.150000000000002
123,120,18,0.38,988.8971333333333,377.88146811602786,1366.778601449361,32.680269994622535,8.076885459129635,23.0,23.3,23.150000000000002
123,121,18,0.38,988.8971333333333,377.976088074178,1366.8732214075112,32.680269994622535,7.971635006135583,23.0,23.3,23.150000000000002
123,122,18,0.38,988.8971333333333,378.0880354039969,1366.9851687373302,32.680269994622535,7.845101162764825,23.0,23.3,23.150000000000002
123,123,18,0.38,988.8971333333333,378.19165464179986,1367.088787975133,32.680269994622535,7.725920423418884,23.0,23.3,23.150000000000002
123,124,18,0.38,988.8971333333333,378.1877113552627,1367.084844688596,32.680269994622535,7.730493698518122,23.0,23.3,23.150000000000002
123,125,18,0.38,988.8971333333333,378.1943004626922,1367.0914337960253,32.680269994622535,7.722850188032044,23.0,23.3,23.150000000000002
123,126,18,0.38,988.8971333333333,378.1960015196148,1367.0931348529482,32.680269994622535,7.720875538252413,23.0,23.3,23.150000000000002
123,127,18,0.38,988.8971333333333,378.1960998920512,1367.0932332253847,32.680269994622535,7.720761326462008,23.0,23.3,23.150000000000002
123,128,18,0.38,988.8971333333333,378.64220484255065,1367.539338175884,32.680269994622535,7.18122493329992,23.0,23.3,23.150000000000002
123,129,18,0.38,988.8971333333333,379.0590817947527,1367.9562151280861,32.680269994622535,6.629054226117779,23.0,23.3,23.150000000000002
123,130,18,0.38,988.8971333333333,379.43277087922564,1368.3299042125589,32.680269994622535,6.079016759880988,23.0,23.3,23.150000000000002
123,131,18,0.38,988.8971333333333,379.7592688426798,1368.6564021760132,32.680269994622535,5.536282443182952,23.0,23.3,23.150000000000002
123,132,18,0.37,982.9825333333334,373.4792542947279,1356.4617876280613,32.59146591650709,5.414678712623838,23.0,23.3,23.150000000000002
123,133,18,0.36,977.0679333333336,367.26229333244015,1344.3302266657736,32.50229204043179,5.310648687851545,23.0,23.3,23.150000000000002
123,134,18,0.36,977.0679333333336,367.31620001480877,1344.3841333481425,32.50229204043179,5.208900618329249,23.0,23.3,23.150000000000002
123,135,18,0.36,977.0679333333336,367.36850614560905,1344.4364394789427,32.50229204043179,5.107328165362363,23.0,23.3,23.150000000000002
123,136,18,0.37,982.9825333333334,373.65940538355983,1356.641938716893,32.59146591650709,5.070296344331226,23.0,23.3,23.150000000000002
123,137,18,0.38,988.8971333333333,363.60080434018306,1352.4979376735164,32.680269994622535,4.996299493394574,23.0,23.3,23.150000000000002
123,138,18,0.39,994.8117333333336,369.3974619024976,1364.2091952358312,32.76870717010592,4.9492402314810064,23.0,23.3,23.150000000000002
123,139,18,0.41000000000000003,1006.6409333333331,381.082607891591,1387.7235412249242,32.94449223712684,4.910878947171234,23.0,23.3,23.150000000000002
123,140,18,0.42000000000000004,1012.5555333333334,386.891574562894,1399.4471078962274,33.031845763224666,4.97646761847379,23.0,23.3,23.150000000000002
123,141,18,0.44,1024.3847333333335,419.67192224905773,1444.0566555823912,33.20548865909147,5.0441927680127,23.0,23.3,23.150000000000002
123,142,18,0.45999999999999996,1036.2139333333337,433.4785107061035,1469.692444039437,33.37773081087316,5.117466147682308,23.0,23.3,23.150000000000002
123,143,18,0.47,1042.1285333333333,440.48322663850087,1482.6117599718343,33.463333297706605,5.198437757828339,23.0,23.3,23.150000000000002
123,144,18,0.49,1053.9577333333334,454.6625179526961,1508.6202512860295,33.63351422389689,5.529479640329429,23.0,23.3,23.150000000000002
123,145,18,0.51,1065.7869333333333,469.17400282668336,1534.9609361600167,33.80234693643912,5.856342523287466,23.0,23.3,23.150000000000002
123,146,18,0.52,1071.7015333333331,476.4603667398147,1548.1619000731478,33.88626405409558,6.204939465151847,23.0,23.3,23.150000000000002
123,147,18,0.53,1077.6161333333332,483.83778838369096,1561.4539217170243,33.96985167468354,6.528172329696624,23.0,23.3,23.150000000000002
123,148,18,0.56,1095.3599333333334,507.0426459643985,1602.4025792977318,34.21866206230589,6.52196163385304,23.0,23.3,23.150000000000002
123,149,18,0.5700000000000001,1101.2745333333332,514.9569165632308,1616.231449896564,34.30095607509909,6.516765816666247,23.0,23.3,23.150000000000002
123,150,18,0.58,1107.1891333333333,522.9591097442917,1630.148243077625,34.38293265443695,6.516292956059185,23.0,23.3,23.150000000000002
123,151,18,0.59,1113.1037333333334,531.0584507996452,1644.1621841329786,34.46459413821611,6.502803000779993,23.0,23.3,23.150000000000002
123,152,18,0.59,1113.1037333333334,531.0215585720996,1644.125291905433,34.46459413821611,6.583119775439432,23.0,23.3,23.150000000000002
123,153,18,0.59,1113.1037333333334,530.9814881858072,1644.0852215191405,34.46459413821611,6.667839174069702,23.0,23.3,23.150000000000002
123,154,18,0.59,1113.1037333333334,530.9437899357964,1644.0475232691297,34.46459413821611,6.74536478422723,23.0,23.3,23.150000000000002
123,155,18,0.58,1107.1891333333333,522.801515919363,1629.9906492526961,34.38293265443695,6.829817315053827,23.0,23.3,23.150000000000002
123,156,18,0.5700000000000001,1101.2745333333332,514.6999879726985,1615.9745213060316,34.30095607509909,6.9955066983467615,23.0,23.3,23.150000000000002
123,157,18,0.56,1095.3599333333334,506.69809332668655,1602.05802666002,34.21866206230589,7.1295213515027,23.0,23.3,23.150000000000002
123,158,18,0.54,1083.5307333333335,491.0270503172482,1574.5577836505815,34.05311226190976,7.271770132116646,23.0,23.3,23.150000000000002
123,159,18,0.53,1077.6161333333332,483.2662924559964,1560.8824257893298,33.96985167468354,7.41965799314273,23.0,23.3,23.150000000000002
123,160,18,0.52,1071.7015333333331,475.4465514628118,1547.148084796145,33.88626405409558,7.751637227813736,23.0,23.3,23.150000000000002
123,161,18,0.51,1065.7869333333333,467.6669001805619,1533.4538335138952,33.80234693643912,8.111293231161465,23.0,23.3,23.150000000000002
123,162,18,0.49,1053.9577333333334,452.63681959525906,1506.5945529285923,33.63351422389689,8.456153205595978,23.0,23.3,23.150000000000002
123,163,18,0.49,1053.9577333333334,452.31016095188363,1506.2678942852172,33.63351422389689,8.811068399326714,23.0,23.3,23.150000000000002
123,164,18,0.48,1048.0431333333333,444.9474636478356,1492.9905969811687,33.54859356935155,8.936659286882115,23.0,23.3,23.150000000000002
123,165,18,0.48,1048.0431333333333,444.8305074369202,1492.8736407702536,33.54859356935155,9.056829128421858,23.0,23.3,23.150000000000002
123,166,18,0.47,1042.1285333333333,437.5685446011988,1479.697077934532,33.463333297706605,9.160161785680401,23.0,23.3,23.150000000000002
123,167,18,0.47,1042.1285333333333,437.46086315948634,1479.5893964928196,33.463333297706605,9.26716827329851,23.0,23.3,23.150000000000002
123,168,18,0.47,1042.1285333333333,437.5969607915826,1479.7254941249157,33.463333297706605,9.131706970067668,23.0,23.3,23.150000000000002
123,169,18,0.48,1048.0431333333333,444.877529207132,1492.9206625404654,33.54859356935155,9.00872279234283,23.0,23.3,23.150000000000002
123,170,18,0.48,1048.0431333333333,444.96898045707337,1493.0121137904068,33.54859356935155,8.914360280441535,23.0,23.3,23.150000000000002
123,171,18,0.49,1053.9577333333334,452.329294975131,1506.2870283084642,33.63351422389689,8.7907304534483,23.0,23.3,23.150000000000002
123,172,18,0.51,1065.7869333333333,467.06954396192015,1532.8564772952534,33.80234693643912,8.793605922473155,23.0,23.3,23.150000000000002
123,173,18,0.51,1065.7869333333333,467.0670599130454,1532.8539932463786,33.80234693643912,8.796311238935981,23.0,23.3,23.150000000000002
123,174,18,0.52,1071.7015333333331,474.56992684657547,1546.2714601799087,33.88626405409558,8.796059525422148,23.0,23.3,23.150000000000002
123,175,18,0.53,1077.6161333333332,482.16050763246864,1559.7766409658018,33.96985167468354,8.796811249855498,23.0,23.3,23.150000000000002
123,176,18,0.54,1083.5307333333335,489.83444204040654,1573.36517537374,34.05311226190976,8.80461538555598,23.0,23.3,23.150000000000002
123,177,18,0.56,1095.3599333333334,505.4813153830338,1600.841248716367,34.21866206230589,8.789410475009264,23.0,23.3,23.150000000000002
123,178,18,0.56,1095.3599333333334,505.4782390079222,1600.8381723412554,34.21866206230589,8.793060913553465,23.0,23.3,23.150000000000002
123,179,18,0.5700000000000001,1101.2745333333332,513.4265770500594,1614.7011103833925,34.30095607509909,8.800873916684314,23.0,23.3,23.150000000000002
123,180,18,0.58,1107.1891333333333,521.2189176164645,1628.408050949798,34.38293265443695,9.111553027184108,23.0,23.3,23.150000000000002
123,181,18,0.59,1113.1037333333334,529.0884615030969,1642.1921948364302,34.46459413821611,9.444998909642536,23.0,23.3,23.150000000000002
123,182,18,0.59,1113.1037333333334,528.8094424745225,1641.9131758078559,34.46459413821611,9.764887552509014,23.0,23.3,23.150000000000002
123,183,18,0.59,1113.1037333333334,528.5270107074789,1641.6307440408123,34.46459413821611,10.077705252392459,23.0,23.3,23.150000000000002
123,184,18,0.58,1107.1891333333333,520.4092162322105,1627.598349565544,34.38293265443695,10.021779374539731,23.0,23.3,23.150000000000002
123,185,18,0.5700000000000001,1101.2745333333332,512.3979355274996,1613.6724688608329,34.30095607509909,9.956909258235893,23.0,23.3,23.150000000000002
123,186,18,0.56,1095.3599333333334,504.46765639171616,1599.8275897250496,34.21866206230589,9.908667227809394,23.0,23.3,23.150000000000002
123,187,18,0.54,1083.5307333333335,488.8534831011405,1572.384216434474,34.05311226190976,9.850995610462258,23.0,23.3,23.150000000000002
123,188,18,0.54,1083.5307333333335,488.4544408230885,1571.985174156422,34.05311226190976,10.245231114356203,23.0,23.3,23.150000000000002
123,189,18,0.54,1083.5307333333335,488.02181316335805,1571.5525464966913,34.05311226190976,10.65777888867572,23.0,23.3,23.150000000000002
123,190,18,0.54,1083.5307333333335,487.58936160699534,1571.1200949403287,34.05311226190976,11.057556731545823,23.0,23.3,23.150000000000002
123,191,18,0.54,1083.5307333333335,487.1554049082183,1570.6861382415516,34.05311226190976,11.448428950467676,23.0,23.3,23.150000000000002
123,192,18,0.54,1083.5307333333335,487.325195331204,1570.8559286645375,34.05311226190976,11.296591695171307,23.0,23.3,23.150000000000002
123,193,18,0.54,1083.5307333333335,487.4687368065931,1570.9994701399266,34.05311226190976,11.167150645807293,23.0,23.3,23.150000000000002
123,194,18,0.54,1083.5307333333335,487.6314362501052,1571.1621695834385,34.05311226190976,11.019145127406704,23.0,23.3,23.150000000000002
123,195,18,0.56,1095.3599333333334,503.505498061754,1598.8654313950874,34.21866206230589,10.864408682967595,23.0,23.3,23.150000000000002
123,196,18,0.5700000000000001,1101.2745333333332,510.7448467268479,1612.0193800601812,34.30095607509909,11.584987561107829,23.0,23.3,23.150000000000002
123,197,18,0.58,1107.1891333333333,518.0853660553423,1625.2744993886756,34.38293265443695,12.30688209986445,23.0,23.3,23.150000000000002
123,198,18,0.61,1124.9329333333333,542.3461851700772,1667.2791185034107,34.626981050051775,13.027546903361085,23.0,23.3,23.150000000000002
123,199,18,0.63,1136.7621333333334,558.8896742069815,1695.6518075403148,34.78813503559568,13.75942832046746,23.0,23.3,23.150000000000002
123,200,18,0.66,1154.5059333333327,585.7233047711189,1740.2292381044515,35.02759323050377,13.609526674853097,23.0,23.3,23.150000000000002
123,201,18,0.68,1166.3351333333333,604.1895997780514,1770.5247331113846,35.185742214977,13.443189551116525,23.0,23.3,23.150000000000002
123,202,18,0.71,1184.0789333333335,632.6234958540293,1816.7024291873624,35.42077338297563,13.298480034721143,23.0,23.3,23.150000000000002
123,203,18,0.73,1195.9081333333334,652.1566995978109,1848.064832931144,35.57602340938229,13.148225251318799,23.0,23.3,23.150000000000002
123,204,18,0.76,1213.651933333333,682.2321026706602,1895.8840360039933,35.8067826435037,13.14145168499497,23.0,23.3,23.150000000000002
123,205,18,0.78,1225.4811333333332,702.8929526486563,1928.3740859819898,35.95923453699553,13.124863023379039,23.0,23.3,23.150000000000002
123,206,18,0.79,1231.3957333333337,711.3582372784003,1942.7539706117338,36.035049987923685,13.122902238057398,23.0,23.3,23.150000000000002
123,207,18,0.8200000000000001,1249.1395333333332,720.8489798467555,1969.9885131800888,36.260876980703955,13.124741737714611,23.0,23.3,23.150000000000002
123,208,18,0.8400000000000001,1260.9687333333336,729.273886884609,1990.2426202179427,36.41009732875452,13.294775403331727,23.0,23.3,23.150000000000002
123,209,18,0.86,1272.7979333333335,737.9427313461558,2010.7406646794896,36.5582698125095,13.445555676081579,23.0,23.3,23.150000000000002
123,210,18,0.86,1272.7979333333335,739.4871586900462,2012.2850920233795,36.5582698125095,13.587673701140972,23.0,23.3,23.150000000000002
123,211,18,0.8400000000000001,1260.9687333333336,733.9582486812684,1994.9269820146021,36.41009732875452,13.741931048916726,23.0,23.3,23.150000000000002
123,212,18,0.8200000000000001,1249.1395333333332,727.1872285268315,1976.3267618601647,36.260876980703955,13.755456737867084,23.0,23.3,23.150000000000002
123,213,18,0.78,1225.4811333333332,702.8672551281817,1928.3483884615148,35.95923453699553,13.76154480618251,23.0,23.3,23.150000000000002
123,214,18,0.74,1201.8227333333336,661.8580086034846,1863.6807419368183,35.65322327550432,13.763638707496991,23.0,23.3,23.150000000000002
123,215,18,0.73,1195.9081333333334,651.9125533598279,1847.8206866931612,35.57602340938229,13.766150497583652,23.0,23.3,23.150000000000002
123,216,18,0.72,1189.9935333333333,641.9667067085124,1831.9602400418455,35.498540780501955,14.056826894081425,23.0,23.3,23.150000000000002
123,217,18,0.72,1189.9935333333333,641.8655240446099,1831.8590573779434,35.498540780501955,14.316776936156568,23.0,23.3,23.150000000000002
123,218,18,0.72,1189.9935333333333,641.7631442767375,1831.756677610071,35.498540780501955,14.604085717469843,23.0,23.3,23.150000000000002
123,219,18,0.72,1189.9935333333333,641.6783800789909,1831.671913412324,35.498540780501955,14.869569077174235,23.0,23.3,23.150000000000002
123,220,18,0.72,1189.9935333333333,641.7636947786605,1831.7572281119935,35.498540780501955,14.602456272732729,23.0,23.3,23.150000000000002
123,221,18,0.72,1189.9935333333333,641.8599700740908,1831.853503407424,35.498540780501955,14.33165303031529,23.0,23.3,23.150000000000002
123,222,18,0.72,1189.9935333333333,641.967122602642,1831.9606559359752,35.498540780501955,14.055796760677739,23.0,23.3,23.150000000000002
123,223,18,0.72,1189.9935333333333,642.0821802157462,1832.0757135490794,35.498540780501955,13.780441236417833,23.0,23.3,23.150000000000002
123,224,18,0.72,1189.9935333333333,641.9421412879789,1831.935674621312,35.498540780501955,14.11818406919189,23.0,23.3,23.150000000000002
123,225,18,0.72,1189.9935333333333,641.8195734743404,1831.8131068076734,35.498540780501955,14.442118015287551,23.0,23.3,23.150000000000002
123,226,18,0.73,1195.9081333333334,651.6031873893926,1847.5113207227257,35.57602340938229,14.767002841117618,23.0,23.3,23.150000000000002
123,227,18,0.74,1201.8227333333336,661.5756218953904,1863.3983552287239,35.65322327550432,15.082628261594902,23.0,23.3,23.150000000000002
123,228,18,0.78,1225.4811333333332,703.0000368194103,1928.4811701527437,35.95923453699553,15.036713997334083,23.0,23.3,23.150000000000002
123,229,18,0.8200000000000001,1249.1395333333332,740.3000594239771,1989.4395927573105,36.260876980703955,14.984537184115732,23.0,23.3,23.150000000000002
123,230,18,0.8400000000000001,1260.9687333333336,747.2308401992195,2008.199573532553,36.41009732875452,14.943106005560681,23.0,23.3,23.150000000000002
123,231,18,0.87,1278.712533333333,758.3602702121241,2037.0728035454574,36.63196755002137,14.894960609353786,23.0,23.3,23.150000000000002
123,232,18,0.87,1278.712533333333,763.2499450947028,2041.9624784280359,36.63196755002137,15.293781783074287,23.0,23.3,23.150000000000002
123,233,18,0.87,1278.712533333333,768.5061287435448,2047.218662076878,36.63196755002137,15.711429876933515,23.0,23.3,23.150000000000002
123,234,18,0.87,1278.712533333333,773.7028661757066,2052.4153995090396,36.63196755002137,16.11367879766857,23.0,23.3,23.150000000000002
123,235,18,0.86,1272.7979333333335,774.3766058552983,2047.1745391886318,36.5582698125095,16.49380091072358,23.0,23.3,23.150000000000002
123,236,18,0.86,1272.7979333333335,773.0021016387356,2045.8000349720694,36.5582698125095,16.38894987494439,23.0,23.3,23.150000000000002
123,237,18,0.8400000000000001,1260.9687333333336,762.843723252084,2023.8124565854175,36.41009732875452,16.24777866847533,23.0,23.3,23.150000000000002
123,238,18,0.8300000000000001,1255.0541333333333,757.323025989331,2012.377159322664,36.33561903537078,16.12509192223187,23.0,23.3,23.150000000000002
123,239,18,0.8200000000000001,1249.1395333333332,747.2563012125357,1996.3958345458689,36.260876980703955,16.007650475028267,23.0,23.3,23.150000000000002
123,240,18,0.78,1225.4811333333332,703.3906949823286,1928.8718283156618,35.95923453699553,16.135704893376495,23.0,23.3,23.150000000000002
123,241,18,0.74,1201.8227333333336,661.582398810012,1863.4051321433456,35.65322327550432,16.263454159595298,23.0,23.3,23.150000000000002
123,242,18,0.72,1189.9935333333333,641.4252394099041,1831.4187727432372,35.498540780501955,16.39078281041671,23.0,23.3,23.150000000000002
123,243,18,0.6900000000000001,1172.2497333333333,612.0782163852283,1784.3279497185617,35.264376157137484,16.51998251834798,23.0,23.3,23.150000000000002
123,244,18,0.67,1160.4205333333334,593.1316133596279,1753.5521466929613,35.1068152759463,16.520243709722845,23.0,23.3,23.150000000000002
123,245,18,0.67,1160.4205333333334,593.1303616216721,1753.5508949550056,35.1068152759463,16.523524789812292,23.0,23.3,23.150000000000002
123,246,18,0.66,1154.5059333333327,583.8322868781078,1738.3382202114406,35.02759323050377,16.53660757005726,23.0,23.3,23.150000000000002
123,247,18,0.66,1154.5059333333327,583.8279432188278,1738.3338765521603,35.02759323050377,16.546285791638027,23.0,23.3,23.150000000000002
123,248,18,0.64,1142.6767333333335,565.7721286302055,1708.448861963539,34.86825527426461,16.255276844709883,23.0,23.3,23.150000000000002
123,249,18,0.63,1136.7621333333334,557.0500347265126,1693.8121680598458,34.78813503559568,15.9708528379276,23.0,23.3,23.150000000000002
123,250,18,0.63,1136.7621333333334,557.2537553986203,1694.0158887319537,34.78813503559568,15.696229808382002,23.0,23.3,23.150000000000002
123,251,18,0.63,1136.7621333333334,557.469691478316,1694.2318248116492,34.78813503559568,15.417245036385728,23.0,23.3,23.150000000000002
123,252,18,0.63,1136.7621333333334,557.4836618175767,1694.2457951509102,34.78813503559568,15.39956165278819,23.0,23.3,23.150000000000002
123,253,18,0.63,1136.7621333333334,557.4829350418673,1694.2450683752004,34.78813503559568,15.400480579721776,23.0,23.3,23.150000000000002
123,254,18,0.63,1136.7621333333334,557.4800753332067,1694.2422086665401,34.78813503559568,15.404097436952366,23.0,23.3,23.150000000000002
123,255,18,0.64,1142.6767333333335,566.3557566523546,1709.0324899856878,34.86825527426461,15.403006861809146,23.0,23.3,23.150000000000002
123,256,18,0.66,1154.5059333333327,584.4494530885373,1738.95538642187,35.02759323050377,15.398036216563813,23.0,23.3,23.150000000000002
123,257,18,0.68,1166.3351333333333,603.0060041550471,1769.3411374883806,35.185742214977,15.391520164933949,23.0,23.3,23.150000000000002
123,258,18,0.6900000000000001,1172.2497333333333,612.46125827654,1784.7109916098732,35.264376157137484,15.386889357373503,23.0,23.3,23.150000000000002
123,259,18,0.6900000000000001,1172.2497333333333,612.4611671132701,1784.7109004466035,35.264376157137484,15.387099497249132,23.0,23.3,23.150000000000002
123,260,18,0.6900000000000001,1172.2497333333333,612.6486566312876,1784.898389964621,35.264376157137484,14.981907625837303,23.0,23.3,23.150000000000002
123,261,18,0.68,1166.3351333333333,603.4423160417982,1769.7774493751317,35.185742214977,14.599267702732822,23.0,23.3,23.150000000000002
123,262,18,0.68,1166.3351333333333,603.6918918202151,1770.0270251535485,35.185742214977,14.194336974319077,23.0,23.3,23.150000000000002
123,263,18,0.67,1160.4205333333334,594.707719083529,1755.1282524168623,35.1068152759463,13.797269193792108,23.0,23.3,23.150000000000002
123,264,18,0.67,1160.4205333333334,594.6199844065038,1755.0405177398372,35.1068152759463,13.920192649677762,23.0,23.3,23.150000000000002
123,265,18,0.66,1154.5059333333327,585.3968065779179,1739.9027399112506,35.02759323050377,14.035761385682902,23.0,23.3,23.150000000000002
123,266,18,0.64,1142.6767333333335,567.34966819658,1710.0264015299133,34.86825527426461,14.153564430202223,23.0,23.3,23.150000000000002
123,267,18,0.63,1136.7621333333334,558.427906065156,1695.1900393984893,34.78813503559568,14.275852100242474,23.0,23.3,23.150000000000002
123,268,18,0.59,1113.1037333333334,524.2375222207077,1637.341255554041,34.46459413821611,14.26974676873934,23.0,23.3,23.150000000000002
123,269,18,0.5700000000000001,1101.2745333333332,507.79011208424265,1609.064645417576,34.30095607509909,14.25231128126787,23.0,23.3,23.150000000000002
123,270,18,0.54,1083.5307333333335,483.851571295948,1567.3823046292814,34.05311226190976,14.254369297550685,23.0,23.3,23.150000000000002
123,271,18,0.53,1077.6161333333332,476.0646385519918,1553.6807718853252,33.96985167468354,14.260012532972484,23.0,23.3,23.150000000000002
123,272,18,0.53,1077.6161333333332,476.81270261448526,1554.4288359478187,33.96985167468354,13.648031874217631,23.0,23.3,23.150000000000002
123,273,18,0.54,1083.5307333333335,485.31804808475454,1568.848781418088,34.05311226190976,13.029323564412607,23.0,23.3,23.150000000000002
123,274,18,0.56,1095.3599333333334,501.82215222562087,1597.1820855589542,34.21866206230589,12.405518030257918,23.0,23.3,23.150000000000002
123,275,18,0.56,1095.3599333333334,502.5175369428464,1597.8774702761798,34.21866206230589,11.782690634667812,23.0,23.3,23.150000000000002
123,276,18,0.5700000000000001,1101.2745333333332,509.85202468208604,1611.1265580154193,34.30095607509909,12.40487166729715,23.0,23.3,23.150000000000002
123,277,18,0.5700000000000001,1101.2745333333332,509.16967885423475,1610.444212187568,34.30095607509909,13.018374548372732,23.0,23.3,23.150000000000002
123,278,18,0.58,1107.1891333333333,516.6454491425732,1623.8345824759065,34.38293265443695,13.630885440690829,23.0,23.3,23.150000000000002
123,279,18,0.58,1107.1891333333333,515.9649669496516,1623.154100282985,34.38293265443695,14.258202061617158,23.0,23.3,23.150000000000002
123,280,18,0.59,1113.1037333333334,524.2371246686193,1637.3408580019527,34.46459413821611,14.270128255647972,23.0,23.3,23.150000000000002
123,281,18,0.61,1124.9329333333333,541.1307439278835,1666.0636772612168,34.626981050051775,14.260554327346345,23.0,23.3,23.150000000000002
123,282,18,0.63,1136.7621333333334,558.4373795542662,1695.1995128875994,34.78813503559568,14.265103161534633,23.0,23.3,23.150000000000002
123,283,18,0.64,1142.6767333333335,567.2417975416286,1709.918530874962,34.86825527426461,14.282170871780345,23.0,23.3,23.150000000000002
123,284,18,0.64,1142.6767333333335,567.565463816559,1710.2421971498925,34.86825527426461,13.899576533244453,23.0,23.3,23.150000000000002
123,285,18,0.66,1154.5059333333327,585.8106590955895,1740.316592428922,35.02759323050377,13.49754195458221,23.0,23.3,23.150000000000002
123,286,18,0.67,1160.4205333333334,595.2180644645597,1755.638597797893,35.1068152759463,13.103485731314267,23.0,23.3,23.150000000000002
123,287,18,0.67,1160.4205333333334,595.5307829610249,1755.951316294358,35.1068152759463,12.689814039546002,23.0,23.3,23.150000000000002
123,288,18,0.67,1160.4205333333334,595.6462452738236,1756.066778607157,35.1068152759463,12.538214817869513,23.0,23.3,23.150000000000002
123,289,18,0.66,1154.5059333333327,586.6847718961153,1741.190705229448,35.02759323050377,12.402832302893934,23.0,23.3,23.150000000000002
123,290,18,0.66,1154.5059333333327,586.7993356225969,1741.3052689559297,35.02759323050377,12.26081528196113,23.0,23.3,23.150000000000002
123,291,18,0.64,1142.6767333333335,569.1249835208013,1711.8017168541346,34.86825527426461,12.125996177182792,23.0,23.3,23.150000000000002
123,292,18,0.63,1136.7621333333334,560.397523336531,1697.1596566698645,34.78813503559568,12.120777846097942,23.0,23.3,23.150000000000002
123,293,18,0.62,1130.847533333333,551.7703852466824,1682.6179185800156,34.707711034202674,12.120500528112158,23.0,23.3,23.150000000000002
123,294,18,0.61,1124.9329333333333,543.2311727626306,1668.1641060959641,34.626981050051775,12.136108058273175,23.0,23.3,23.150000000000002
123,295,18,0.58,1107.1891333333333,518.2740701718267,1625.46320350516,34.38293265443695,12.131059238814832,23.0,23.3,23.150000000000002
123,296,18,0.54,1083.5307333333335,486.8524553955842,1570.3831887289177,34.05311226190976,11.716242698349859,23.0,23.3,23.150000000000002
123,297,18,0.51,1065.7869333333333,464.46671871236174,1530.2536520456952,33.80234693643912,11.276191556509694,23.0,23.3,23.150000000000002
123,298,18,0.48,1048.0431333333333,442.9204400731933,1490.9635734065266,33.54859356935155,10.835583705309311,23.0,23.3,23.150000000000002
123,299,18,0.48,1048.0431333333333,443.398792110551,1491.4419254438844,33.54859356935155,10.41590941684196,23.0,23.3,23.150000000000002
123,300,18,0.49,1053.9577333333334,450.47344275654433,1504.4311760898777,33.63351422389689,10.579023843110008,23.0,23.3,23.150000000000002
123,301,18,0.52,1071.7015333333331,472.63210277090167,1544.333636104235,33.88626405409558,10.7150888372556,23.0,23.3,23.150000000000002
123,302,18,0.54,1083.5307333333335,487.7908122890462,1571.3215456223795,34.05311226190976,10.87273303199515,23.0,23.3,23.150000000000002
123,303,18,0.56,1095.3599333333334,503.3484731322308,1598.7084064655642,34.21866206230589,11.013814188948498,23.0,23.3,23.150000000000002
123,304,18,0.56,1095.3599333333334,503.34599290262867,1598.705926235962,34.21866206230589,11.01616200641794,23.0,23.3,23.150000000000002
123,305,18,0.56,1095.3599333333334,503.34957949398455,1598.709512827318,34.21866206230589,11.012766774866957,23.0,23.3,23.150000000000002
123,306,18,0.56,1095.3599333333334,503.341356739987,1598.7012900733205,34.21866206230589,11.020549680696885,23.0,23.3,23.150000000000002
123,307,18,0.56,1095.3599333333334,503.34473339233926,1598.7046667256725,34.21866206230589,11.017354135560959,23.0,23.3,23.150000000000002
123,308,18,0.5700000000000001,1101.2745333333332,511.50021697310115,1612.7747503064345,34.30095607509909,10.864710870824815,23.0,23.3,23.150000000000002
123,309,18,0.58,1107.1891333333333,519.7429468620902,1626.9320801954236,34.38293265443695,10.71276410099488,23.0,23.3,23.150000000000002
123,310,18,0.59,1113.1037333333334,528.0675157013325,1641.1712490346658,34.46459413821611,10.567593183681113,23.0,23.3,23.150000000000002
123,311,18,0.61,1124.9329333333333,544.8519821842133,1669.7849155175468,34.626981050051775,10.426064851816362,23.0,23.3,23.150000000000002
123,312,18,0.62,1130.847533333333,553.3160008986636,1684.163534231997,34.707711034202674,10.43713544074618,23.0,23.3,23.150000000000002
123,313,18,0.62,1130.847533333333,553.3059488142525,1684.153482147586,34.707711034202674,10.448693790823699,23.0,23.3,23.150000000000002
123,314,18,0.63,1136.7621333333334,561.8849216954364,1698.6470550287697,34.78813503559568,10.44381016729934,23.0,23.3,23.150000000000002
123,315,18,0.62,1130.847533333333,553.3145045607174,1684.1620378940506,34.707711034202674,10.438856723475677,23.0,23.3,23.150000000000002
123,316,18,0.61,1124.9329333333333,544.837896840167,1669.7708301735004,34.626981050051775,10.441772834681155,23.0,23.3,23.150000000000002
123,317,18,0.59,1113.1037333333334,528.1823217386783,1641.2860550720115,34.46459413821611,10.447130054382093,23.0,23.3,23.150000000000002
123,318,18,0.5700000000000001,1101.2745333333332,511.9043265516634,1613.1788598849967,34.30095607509909,10.464572951624996,23.0,23.3,23.150000000000002
123,319,18,0.5700000000000001,1101.2745333333332,511.8908066497442,1613.1653399830773,34.30095607509909,10.478164415248846,23.0,23.3,23.150000000000002
123,320,18,0.56,1095.3599333333334,504.18517866031715,1599.5451119936504,34.21866206230589,10.197552121178195,23.0,23.3,23.150000000000002
123,321,18,0.56,1095.3599333333334,504.4561602307247,1599.8160935640583,34.21866206230589,9.920582816208118,23.0,23.3,23.150000000000002
123,322,18,0.54,1083.5307333333335,489.05601423125404,1572.5867475645875,34.05311226190976,9.644926655592721,23.0,23.3,23.150000000000002
123,323,18,0.52,1071.7015333333331,474.0172702280743,1545.7188035614076,33.88626405409558,9.383898862791684,23.0,23.3,23.150000000000002
123,324,18,0.51,1065.7869333333333,466.62767687731775,1532.414610210651,33.80234693643912,9.260898089375477,23.0,23.3,23.150000000000002
123,325,18,0.47,1042.1285333333333,437.5807648657282,1479.7092981990615,33.463333297706605,9.147936217774546,23.0,23.3,23.150000000000002
123,326,18,0.45999999999999996,1036.2139333333337,430.63053970013453,1466.844473033468,33.37773081087316,9.02262775593238,23.0,23.3,23.150000000000002
123,327,18,0.45999999999999996,1036.2139333333337,430.7572636713846,1466.9711970047183,33.37773081087316,8.893866829027203,23.0,23.3,23.150000000000002
123,328,18,0.48,1048.0431333333333,444.9824121207036,1493.025545454037,33.54859356935155,8.9004094472661,23.0,23.3,23.150000000000002
123,329,18,0.51,1065.7869333333333,466.96770324225287,1532.7546365755861,33.80234693643912,8.90374469945412,23.0,23.3,23.150000000000002
123,330,18,0.53,1077.6161333333332,482.0684677511171,1559.6846010844506,33.96985167468354,8.899283700527455,23.0,23.3,23.150000000000002
123,331,18,0.54,1083.5307333333335,489.76530388453904,1573.2960372178725,34.05311226190976,8.88294032898277,23.0,23.3,23.150000000000002
123,332,18,0.56,1095.3599333333334,505.6237379303149,1600.9836712636481,34.21866206230589,8.61824669051697,23.0,23.3,23.150000000000002
123,333,18,0.5700000000000001,1101.2745333333332,513.7992632099911,1615.073796543324,34.30095607509909,8.33281355757397,23.0,23.3,23.150000000000002
123,334,18,0.5700000000000001,1101.2745333333332,514.0006764365495,1615.2752097698826,34.30095607509909,8.063826338771715,23.0,23.3,23.150000000000002
123,335,18,0.5700000000000001,1101.2745333333332,514.1931226744073,1615.4676560077405,34.30095607509909,7.793618764060314,23.0,23.3,23.150000000000002
123,336,18,0.58,1107.1891333333333,522.3166906469575,1629.5058239802906,34.38293265443695,7.6494975910739145,23.0,23.3,23.150000000000002
123,337,18,0.58,1107.1891333333333,522.4090627917046,1629.598196125038,34.38293265443695,7.505692021244888,23.0,23.3,23.150000000000002
123,338,18,0.59,1113.1037333333334,530.6099578810017,1643.713691214335,34.46459413821611,7.3619588838329655,23.0,23.3,23.150000000000002
123,339,18,0.59,1113.1037333333334,530.6972566381879,1643.8009899715214,34.46459413821611,7.210812188694483,23.0,23.3,23.150000000000002
123,340,18,0.61,1124.9329333333333,547.2002426003792,1672.1331759337124,34.626981050051775,7.198587215082011,23.0,23.3,23.150000000000002
123,341,18,0.62,1130.847533333333,555.5960067883133,1686.4435401216465,34.707711034202674,7.186451338840943,23.0,23.3,23.150000000000002
123,342,18,0.62,1130.847533333333,555.5905176876372,1686.4380510209705,34.707711034202674,7.197636675510699,23.0,23.3,23.150000000000002
123,343,18,0.62,1130.847533333333,555.5886222426578,1686.4361555759908,34.707711034202674,7.201489941796707,23.0,23.3,23.150000000000002
123,344,18,0.61,1124.9329333333333,547.2737942846999,1672.2067276180333,34.626981050051775,7.053203114795908,23.0,23.3,23.150000000000002
123,345,18,0.58,1107.1891333333333,522.7590445589786,1629.9481778923118,34.38293265443695,6.909296902668886,23.0,23.3,23.150000000000002
123,346,18,0.5700000000000001,1101.2745333333332,514.8300999257003,1616.1046332590336,34.30095607509909,6.761625773906008,23.0,23.3,23.150000000000002
123,347,18,0.56,1095.3599333333334,506.9890504646568,1602.3489837979903,34.21866206230589,6.623705522490757,23.0,23.3,23.150000000000002
123,348,18,0.54,1083.5307333333335,491.50229869002465,1575.0330320233581,34.05311226190976,6.4942707542870295,23.0,23.3,23.150000000000002
123,349,18,0.54,1083.5307333333335,491.5737884064902,1575.1045217398237,34.05311226190976,6.361688589434367,23.0,23.3,23.150000000000002
123,350,18,0.53,1077.6161333333332,483.99921567397377,1561.615349007307,33.96985167468354,6.233592278060489,23.0,23.3,23.150000000000002
123,351,18,0.53,1077.6161333333332,484.0706769875725,1561.6868103209058,33.96985167468354,6.094138986001484,23.0,23.3,23.150000000000002
123,352,18,0.52,1071.7015333333331,476.51599145501996,1548.217524788353,33.88626405409558,6.099239760767992,23.0,23.3,23.150000000000002
123,353,18,0.49,1053.9577333333334,454.3745288808471,1508.3322622141802,33.63351422389689,6.092024504265344,23.0,23.3,23.150000000000002
123,354,18,0.49,1053.9577333333334,454.37396772793056,1508.3317010612639,33.63351422389689,6.093030229723411,23.0,23.3,23.150000000000002
123,355,18,0.48,1048.0431333333333,447.15537417037825,1495.1985075037117,33.54859356935155,6.1007765889624315,23.0,23.3,23.150000000000002
123,356,18,0.49,1053.9577333333334,454.51124877592946,1508.468982109263,33.63351422389689,5.8375508085179355,23.0,23.3,23.150000000000002
123,357,18,0.49,1053.9577333333334,454.64382768748186,1508.6015610208153,33.63351422389689,5.569358487179629,23.0,23.3,23.150000000000002
123,358,18,0.51,1065.7869333333333,469.42713499730337,1535.2140683306368,33.80234693643912,5.285936128042126,23.0,23.3,23.150000000000002
123,359,18,0.52,1071.7015333333331,476.97845148915724,1548.6799848224905,33.88626405409558,5.010743498244141,23.0,23.3,23.150000000000002
123,360,18,0.53,1077.6161333333332,455.5578753763919,1533.1740087097253,33.96985167468354,4.851730034409433,23.0,23.3,23.150000000000002
123,361,18,0.56,1095.3599333333334,475.66232827443133,1571.0222616077647,34.21866206230589,4.705565978381941,23.0,23.3,23.150000000000002
123,362,18,0.5700000000000001,1101.2745333333332,482.6608879766262,1583.9354213099593,34.30095607509909,4.5528232478858595,23.0,23.3,23.150000000000002
123,363,18,0.5700000000000001,1101.2745333333332,482.88590073805307,1584.1604340713861,34.30095607509909,4.41894337606187,23.0,23.3,23.150000000000002
123,364,18,0.5700000000000001,1101.2745333333332,483.1858260977504,1584.4603594310836,34.30095607509909,4.235383558924765,23.0,23.3,23.150000000000002
123,365,18,0.5700000000000001,1101.2745333333332,483.49731878775435,1584.7718521210875,34.30095607509909,4.037937230751499,23.0,23.3,23.150000000000002
123,366,18,0.5700000000000001,1101.2745333333332,483.79788573709436,1585.0724190704275,34.30095607509909,3.8400571948584865,23.0,23.3,23.150000000000002
123,367,18,0.5700000000000001,1101.2745333333332,484.0855783481402,1585.3601116814734,34.30095607509909,3.6430214695451384,23.0,23.3,23.150000000000002
123,368,18,0.58,1107.1891333333333,490.8696711067974,1598.0588044401306,34.38293265443695,3.6701358296614766,23.0,23.3,23.150000000000002
123,369,18,0.59,1113.1037333333334,497.71322713312,1610.8169604664533,34.46459413821611,3.6951104628382963,23.0,23.3,23.150000000000002
123,370,18,0.61,1124.9329333333333,511.61244145729364,1636.545374790627,34.626981050051775,3.71818999710903,23.0,23.3,23.150000000000002
123,371,18,0.61,1124.9329333333333,511.58368437731264,1636.516617710646,34.626981050051775,3.7365689999401472,23.0,23.3,23.150000000000002
123,372,18,0.62,1130.847533333333,518.559600952813,1649.4071342861462,34.707711034202674,3.7854158160680274,23.0,23.3,23.150000000000002
123,373,18,0.62,1130.847533333333,518.4701207308003,1649.3176540641334,34.707711034202674,3.840630359241287,23.0,23.3,23.150000000000002
123,374,18,0.62,1130.847533333333,518.3643855339242,1649.2119188672575,34.707711034202674,3.9050997408580237,23.0,23.3,23.150000000000002
123,375,18,0.61,1124.9329333333333,511.2292320747711,1636.1621654081043,34.626981050051775,3.9576839281285614,23.0,23.3,23.150000000000002
123,376,18,0.61,1124.9329333333333,511.2225568111934,1636.1554901445268,34.626981050051775,3.9617566217574467,23.0,23.3,23.150000000000002
123,377,18,0.61,1124.9329333333333,511.23751386974783,1636.170447203081,34.626981050051775,3.9526265636821574,23.0,23.3,23.150000000000002
123,378,18,0.59,1113.1037333333334,497.32852985428883,1610.432263187622,34.46459413821611,3.945186000628709,23.0,23.3,23.150000000000002
123,379,18,0.58,1107.1891333333333,490.4530885853385,1597.6422219186718,34.38293265443695,3.946533255975379,23.0,23.3,23.150000000000002
123,380,18,0.5700000000000001,1101.2745333333332,483.8664091491702,1585.1409424825033,34.30095607509909,3.7938389549024407,23.0,23.3,23.150000000000002
123,381,18,0.56,1095.3599333333334,477.3157016635563,1572.6756349968896,34.21866206230589,3.6457657542570896,23.0,23.3,23.150000000000002
123,382,18,0.54,1083.5307333333335,464.17126752042964,1547.702000853763,34.05311226190976,3.484035912464554,23.0,23.3,23.150000000000002
123,383,18,0.54,1083.5307333333335,464.3493920378757,1547.880125371209,34.05311226190976,3.345850105814055,23.0,23.3,23.150000000000002
123,384,18,0.54,1083.5307333333335,464.38642300859533,1547.9171563419288,34.05311226190976,3.316581664816313,23.0,23.3,23.150000000000002
123,385,18,0.56,1095.3599333333334,477.7798198735087,1573.1397532068422,34.21866206230589,3.303279674328148,23.0,23.3,23.150000000000002
123,386,18,0.56,1095.3599333333334,477.80682954833287,1573.1667628816663,34.21866206230589,3.282528558399717,23.0,23.3,23.150000000000002
123,387,18,0.56,1095.3599333333334,477.85223437249874,1573.2121677058321,34.21866206230589,3.24742215904843,23.0,23.3,23.150000000000002
123,388,18,0.56,1095.3599333333334,477.77395334533446,1573.1338866786677,34.21866206230589,3.307773963499638,23.0,23.3,23.150000000000002
123,389,18,0.5700000000000001,1101.2745333333332,484.43170520462303,1585.7062385379563,34.30095607509909,3.394632675871449,23.0,23.3,23.150000000000002
123,390,18,0.5700000000000001,1101.2745333333332,484.3394207232315,1585.6139540565648,34.30095607509909,3.4621720244776197,23.0,23.3,23.150000000000002
123,391,18,0.5700000000000001,1101.2745333333332,484.221999517038,1585.4965328503713,34.30095607509909,3.546697186353655,23.0,23.3,23.150000000000002
123,392,18,0.56,1095.3599333333334,477.3251709298923,1572.6851042632256,34.21866206230589,3.639023831346101,23.0,23.3,23.150000000000002
123,393,18,0.56,1095.3599333333334,477.16450598679614,1572.5244393201297,34.21866206230589,3.7521566392544905,23.0,23.3,23.150000000000002
123,394,18,0.56,1095.3599333333334,477.00891031333407,1572.3688436466675,34.21866206230589,3.859285239118906,23.0,23.3,23.150000000000002
123,395,18,0.56,1095.3599333333334,476.8459981702033,1572.2059315035367,34.21866206230589,3.9690541620281405,23.0,23.3,23.150000000000002
123,396,18,0.54,1083.5307333333335,463.2756564505364,1546.8063897838697,34.05311226190976,4.124151474191766,23.0,23.3,23.150000000000002
123,397,18,0.54,1083.5307333333335,463.03364194341725,1546.5643752767508,34.05311226190976,4.284244651574979,23.0,23.3,23.150000000000002
123,398,18,0.54,1083.5307333333335,462.79553290136977,1546.326266234703,34.05311226190976,4.437320645535468,23.0,23.3,23.150000000000002
123,399,18,0.56,1095.3599333333334,475.86481948471624,1571.2247528180496,34.21866206230589,4.586199442295706,23.0,23.3,23.150000000000002
123,400,18,0.56,1095.3599333333334,475.5565200838121,1570.9164534171455,34.21866206230589,4.76699728269926,23.0,23.3,23.150000000000002
123,401,18,0.5700000000000001,1101.2745333333332,481.9570446015492,1583.2315779348824,34.30095607509909,4.952965298306196,23.0,23.3,23.150000000000002
123,402,18,0.58,1107.1891333333333,523.4547086483218,1630.6438419816552,34.38293265443695,5.124554889327232,23.0,23.3,23.150000000000002
123,403,18,0.58,1107.1891333333333,523.4093899116533,1630.5985232449868,34.38293265443695,5.307974521209437,23.0,23.3,23.150000000000002
123,404,18,0.5700000000000001,1101.2745333333332,515.4127181336951,1616.687251467028,34.30095607509909,5.37890706471226,23.0,23.3,23.150000000000002
123,405,18,0.5700000000000001,1101.2745333333332,515.3930342982059,1616.6675676315392,34.30095607509909,5.443321686646364,23.0,23.3,23.150000000000002
123,406,18,0.56,1095.3599333333334,507.47617775211125,1602.8361110854446,34.21866206230589,5.523137411807802,23.0,23.3,23.150000000000002
123,407,18,0.54,1083.5307333333335,491.92625534423445,1575.456988677568,34.05311226190976,5.603303534803076,23.0,23.3,23.150000000000002
123,408,18,0.54,1083.5307333333335,491.94944231891293,1575.4801756522463,34.05311226190976,5.544530677639386,23.0,23.3,23.150000000000002
123,409,18,0.53,1077.6161333333332,484.3521892141286,1561.9683225474619,33.96985167468354,5.46501220279805,23.0,23.3,23.150000000000002
123,410,18,0.53,1077.6161333333332,484.3834815952267,1561.99961492856,33.96985167468354,5.383939699324247,23.0,23.3,23.150000000000002
123,411,18,0.53,1077.6161333333332,484.410481014501,1562.0266143478343,33.96985167468354,5.311439324058171,23.0,23.3,23.150000000000002
123,412,18,0.54,1083.5307333333335,492.0088027551046,1575.539536088438,34.05311226190976,5.386385590815907,23.0,23.3,23.150000000000002
123,413,18,0.56,1095.3599333333334,507.4976993523695,1602.8576326857028,34.21866206230589,5.4600719531847055,23.0,23.3,23.150000000000002
123,414,18,0.56,1095.3599333333334,507.4729158385667,1602.8328491718999,34.21866206230589,5.532516792027021,23.0,23.3,23.150000000000002
123,415,18,0.5700000000000001,1101.2745333333332,515.3378294300969,1616.6123627634302,34.30095607509909,5.61224944206784,23.0,23.3,23.150000000000002
123,416,18,0.5700000000000001,1101.2745333333332,515.33919051335,1616.6137238466833,34.30095607509909,5.608266098567608,23.0,23.3,23.150000000000002
123,417,18,0.5700000000000001,1101.2745333333332,515.3376464333697,1616.6121797667029,34.30095607509909,5.612784364198135,23.0,23.3,23.150000000000002
123,418,18,0.5700000000000001,1101.2745333333332,515.3409062951827,1616.6154396285158,34.30095607509909,5.603232754206342,23.0,23.3,23.150000000000002
123,419,18,0.5700000000000001,1101.2745333333332,515.3472901653249,1616.6218234986582,34.30095607509909,5.584386519458864,23.0,23.3,23.150000000000002
123,420,18,0.5700000000000001,1101.2745333333332,515.3464306363093,1616.6209639696426,34.30095607509909,5.586935029853278,23.0,23.3,23.150000000000002
123,421,18,0.5700000000000001,1101.2745333333332,515.3456609304912,1616.6201942638245,34.30095607509909,5.589214275219084,23.0,23.3,23.150000000000002
123,422,18,0.5700000000000001,1101.2745333333332,515.3474395780726,1616.621972911406,34.30095607509909,5.583943155174021,23.0,23.3,23.150000000000002
123,423,18,0.5700000000000001,1101.2745333333332,515.3460518043572,1616.6205851376903,34.30095607509909,5.588057169601553,23.0,23.3,23.150000000000002
123,424,18,0.5700000000000001,1101.2745333333332,515.4082645988,1616.6827979321333,34.30095607509909,5.3937008682186995,23.0,23.3,23.150000000000002
123,425,18,0.56,1095.3599333333334,507.5806558807013,1602.9405892140346,34.21866206230589,5.19361792991946,23.0,23.3,23.150000000000002
123,426,18,0.56,1095.3599333333334,475.16312650975215,1570.5230598430855,34.21866206230589,4.9901130344600695,23.0,23.3,23.150000000000002
123,427,18,0.54,1083.5307333333335,462.2103317818712,1545.7410651152045,34.05311226190976,4.797032636726677,23.0,23.3,23.150000000000002
123,428,18,0.54,1083.5307333333335,462.37620912653256,1545.9069424598658,34.05311226190976,4.697282824137366,23.0,23.3,23.150000000000002
123,429,18,0.54,1083.5307333333335,462.5276188959907,1546.058352229324,34.05311226190976,4.604750111450721,23.0,23.3,23.150000000000002
123,430,18,0.54,1083.5307333333335,462.68238660010974,1546.213119933443,34.05311226190976,4.5086259933058335,23.0,23.3,23.150000000000002
123,431,18,0.53,1077.6161333333332,456.25843709316564,1533.874570426499,33.96985167468354,4.414171953787401,23.0,23.3,23.150000000000002
123,432,18,0.52,1071.7015333333331,449.83325813117864,1521.5347914645117,33.88626405409558,4.353116199724585,23.0,23.3,23.150000000000002
123,433,18,0.51,1065.7869333333333,443.3934751812392,1509.1804085145725,33.80234693643912,4.337618879471993,23.0,23.3,23.150000000000002
123,434,18,0.49,1053.9577333333334,430.6822158013484,1484.6399491346817,33.63351422389689,4.304359887063159,23.0,23.3,23.150000000000002
123,435,18,0.49,1053.9577333333334,430.7477860860986,1484.705519419432,33.63351422389689,4.257347334687363,23.0,23.3,23.150000000000002
123,436,18,0.49,1053.9577333333334,430.90133810871004,1484.8590714420434,33.63351422389689,4.1456340336668625,23.0,23.3,23.150000000000002
123,437,18,0.51,1065.7869333333333,443.8348454705642,1509.6217788038975,33.80234693643912,4.027465481081585,23.0,23.3,23.150000000000002
123,438,18,0.52,1071.7015333333331,450.4967769749935,1522.1983103083267,33.88626405409558,3.8903498832675436,23.0,23.3,23.150000000000002
123,439,18,0.53,1077.6161333333332,457.1851652581302,1534.8012985914636,33.96985167468354,3.7766893728803552,23.0,23.3,23.150000000000002
123,440,18,0.54,1083.5307333333335,463.7525525625159,1547.2832858958493,34.05311226190976,3.793621999002463,23.0,23.3,23.150000000000002
123,441,18,0.56,1095.3599333333334,477.09980741371675,1572.45974074705,34.21866206230589,3.7969834992098948,23.0,23.3,23.150000000000002
123,442,18,0.5700000000000001,1101.2745333333332,483.88515488198266,1585.1596882153158,34.30095607509909,3.78111980399834,23.0,23.3,23.150000000000002
123,443,18,0.58,1107.1891333333333,490.71679656174365,1597.905929895077,34.38293265443695,3.773366826035572,23.0,23.3,23.150000000000002
123,444,18,0.59,1113.1037333333334,497.5517137119158,1610.6554470452493,34.46459413821611,3.801639524522917,23.0,23.3,23.150000000000002
123,445,18,0.61,1124.9329333333333,511.42344446273637,1636.3563777960696,34.626981050051775,3.8377414385581687,23.0,23.3,23.150000000000002
123,446,18,0.61,1124.9329333333333,511.4032399062056,1636.336173239539,34.626981050051775,3.8503531290706925,23.0,23.3,23.150000000000002
123,447,18,0.62,1130.847533333333,518.4184326587481,1649.2659659920812,34.707711034202674,3.872248952388097,23.0,23.3,23.150000000000002
123,448,18,0.62,1130.847533333333,518.5546105725497,1649.402143905883,34.707711034202674,3.788511399356246,23.0,23.3,23.150000000000002
123,449,18,0.62,1130.847533333333,518.6774642183739,1649.524997551707,34.707711034202674,3.7117316025458384,23.0,23.3,23.150000000000002
123,450,18,0.61,1124.9329333333333,511.7446679747111,1636.6776013080446,34.626981050051775,3.63277317029846,23.0,23.3,23.150000000000002
123,451,18,0.59,1113.1037333333334,497.91335095369766,1611.0170842870311,34.46459413821611,3.5597712579147682,23.0,23.3,23.150000000000002
123,452,18,0.5700000000000001,1101.2745333333332,484.134235178778,1585.4087685121112,34.30095607509909,3.608890110096172,23.0,23.3,23.150000000000002
123,453,18,0.54,1083.5307333333335,463.94022812443313,1547.4709614577666,34.05311226190976,3.6573310759665776,23.0,23.3,23.150000000000002
123,454,18,0.52,1071.7015333333331,450.7297589419391,1522.4312922752722,33.88626405409558,3.717475203873295,23.0,23.3,23.150000000000002
123,455,18,0.51,1065.7869333333333,444.1904963408872,1509.9774296742205,33.80234693643912,3.763395209793214,23.0,23.3,23.150000000000002
123,456,18,0.49,1053.9577333333334,431.34107953025654,1485.29881286359,33.63351422389689,3.811887181997136,23.0,23.3,23.150000000000002
123,457,18,0.48,1048.0431333333333,424.97536528201107,1473.0184986153442,33.54859356935155,3.857017133796522,23.0,23.3,23.150000000000002
123,458,18,0.47,1042.1285333333333,418.65809754180447,1460.7866308751377,33.463333297706605,3.9091398544784184,23.0,23.3,23.150000000000002
123,459,18,0.45999999999999996,1036.2139333333337,412.39658451220595,1448.6105178455396,33.37773081087316,3.9623576860360323,23.0,23.3,23.150000000000002
123,460,18,0.44,1024.3847333333335,400.20769106897893,1424.5924244023124,33.20548865909147,3.9323345425217147,23.0,23.3,23.150000000000002
123,461,18,0.43,1018.4701333333333,394.2452941668201,1412.7154275001535,33.118843656639825,3.872780405802959,23.0,23.3,23.150000000000002
123,462,18,0.42000000000000004,1012.5555333333334,388.31853633941824,1400.8740696727516,33.031845763224666,3.826812079960548,23.0,23.3,23.150000000000002
123,463,18,0.41000000000000003,1006.6409333333331,382.4491427601282,1389.0900760934614,32.94449223712684,3.7754465520518963,23.0,23.3,23.150000000000002
123,464,18,0.42000000000000004,1012.5555333333334,388.52000565385697,1401.0755389871904,33.031845763224666,3.6424555636478617,23.0,23.3,23.150000000000002
123,465,18,0.42000000000000004,1012.5555333333334,388.6404222523638,1401.1959555856972,33.031845763224666,3.5287890989826876,23.0,23.3,23.150000000000002
123,466,18,0.43,1018.4701333333333,394.7628399044455,1413.2329732377787,33.118843656639825,3.3990535898331564,23.0,23.3,23.150000000000002
123,467,18,0.44,1024.3847333333335,400.9307229286951,1425.3154562620286,33.20548865909147,3.2795342255681152,23.0,23.3,23.150000000000002
123,468,18,0.45999999999999996,1036.2139333333337,413.20633001221967,1449.4202633455534,33.37773081087316,3.2605055175195337,23.0,23.3,23.150000000000002
123,469,18,0.47,1042.1285333333333,419.4462048240747,1461.5747381574079,33.463333297706605,3.233612282088335,23.0,23.3,23.150000000000002
123,470,18,0.48,1048.0431333333333,425.7553837695168,1473.7985171028502,33.54859356935155,3.1949266216981496,23.0,23.3,23.150000000000002
123,471,18,0.49,1053.9577333333334,432.11943818473185,1486.0771715180654,33.63351422389689,3.1581043350176943,23.0,23.3,23.150000000000002
123,472,18,0.51,1065.7869333333333,444.8764752643888,1510.663408597722,33.80234693643912,3.2090019744208167,23.0,23.3,23.150000000000002
123,473,18,0.53,1077.6161333333332,457.86385425367257,1535.4799875870058,33.96985167468354,3.251698843005703,23.0,23.3,23.150000000000002
123,474,18,0.54,1083.5307333333335,464.3948363548265,1547.92556968816,34.05311226190976,3.3099049566594307,23.0,23.3,23.150000000000002
123,475,18,0.54,1083.5307333333335,464.33407625692683,1547.8648095902602,34.05311226190976,3.357899379381516,23.0,23.3,23.150000000000002
123,476,18,0.54,1083.5307333333335,464.276802410008,1547.8075357433413,34.05311226190976,3.4026734318778162,23.0,23.3,23.150000000000002
123,477,18,0.54,1083.5307333333335,464.2127924613488,1547.743525794682,34.05311226190976,3.452194735770303,23.0,23.3,23.150000000000002
123,478,18,0.53,1077.6161333333332,457.54661606908934,1535.1627494024226,33.96985167468354,3.504504576399041,23.0,23.3,23.150000000000002
123,479,18,0.52,1071.7015333333331,450.96285546667343,1522.6643888000067,33.88626405409558,3.53813365859697,23.0,23.3,23.150000000000002
123,480,18,0.51,1065.7869333333333,444.1384014191455,1509.9253347524789,33.80234693643912,3.8029544093217535,23.0,23.3,23.150000000000002
123,481,18,0.49,1053.9577333333334,431.01688343495715,1484.9746167682906,33.63351422389689,4.060002905444344,23.0,23.3,23.150000000000002
123,482,18,0.48,1048.0431333333333,424.3361988353234,1472.3793321686567,33.54859356935155,4.340345592608614,23.0,23.3,23.150000000000002
123,483,18,0.47,1042.1285333333333,417.7404114136437,1459.868944746977,33.463333297706605,4.596678569682799,23.0,23.3,23.150000000000002
123,484,18,0.47,1042.1285333333333,440.53717474192837,1482.6657080752614,33.463333297706605,5.071295381019669,23.0,23.3,23.150000000000002
123,485,18,0.47,1042.1285333333333,440.3143880749013,1482.4429214082345,33.463333297706605,5.561275309233148,23.0,23.3,23.150000000000002
123,486,18,0.47,1042.1285333333333,440.0687131377202,1482.1972464710534,33.463333297706605,6.022386190915896,23.0,23.3,23.150000000000002
123,487,18,0.45999999999999996,1036.2139333333337,432.7339913560196,1468.9479246893532,33.37773081087316,6.485675054098313,23.0,23.3,23.150000000000002
123,488,18,0.43,1018.4701333333333,411.8919409817059,1430.3620743150393,33.118843656639825,6.723152720201572,23.0,23.3,23.150000000000002
123,489,18,0.41000000000000003,1006.6409333333331,398.3296872378345,1404.9706205711677,32.94449223712684,6.95416889927399,23.0,23.3,23.150000000000002
123,490,18,0.39,994.8117333333336,385.080069222535,1379.8918025558685,32.76870717010592,7.1684537515044,23.0,23.3,23.150000000000002
123,491,18,0.39,994.8117333333336,384.8920690562255,1379.703802389559,32.76870717010592,7.402407788658153,23.0,23.3,23.150000000000002
123,492,18,0.39,994.8117333333336,384.43574970986987,1379.2474830432034,32.76870717010592,7.93713450733822,23.0,23.3,23.150000000000002
123,493,18,0.41000000000000003,1006.6409333333331,397.0363915287323,1403.6773248620655,32.94449223712684,8.470580864542924,23.0,23.3,23.150000000000002
123,494,18,0.42000000000000004,1012.5555333333334,403.1975985167954,1415.7531318501287,33.031845763224666,8.985126760518408,23.0,23.3,23.150000000000002
123,495,18,0.43,1018.4701333333333,409.39597340825696,1427.86610674159,33.118843656639825,9.514605354494078,23.0,23.3,23.150000000000002
123,496,18,0.43,1018.4701333333333,409.40385790460215,1427.8739912379353,33.118843656639825,9.507176500156545,23.0,23.3,23.150000000000002
123,497,18,0.44,1024.3847333333335,416.24234183471907,1440.6270751680527,33.20548865909147,9.497586989762791,23.0,23.3,23.150000000000002
123,498,18,0.44,1024.3847333333335,416.2467185922438,1440.6314519255773,33.20548865909147,9.493440768561065,23.0,23.3,23.150000000000002
123,499,18,0.44,1024.3847333333335,416.24943699459556,1440.634170327929,33.20548865909147,9.490864670006536,23.0,23.3,23.150000000000002
123,500,18,0.45999999999999996,1036.2139333333337,430.2756193668337,1466.4895527001672,33.37773081087316,9.373478784734786,23.0,23.3,23.150000000000002
123,501,18,0.45999999999999996,1036.2139333333337,430.38843748406924,1466.6023708174027,33.37773081087316,9.263426114231214,23.0,23.3,23.150000000000002
123,502,18,0.45999999999999996,1036.2139333333337,430.53321936687075,1466.7471527002044,33.37773081087316,9.120214364438992,23.0,23.3,23.150000000000002
123,503,18,0.45999999999999996,1036.2139333333337,430.65355225163614,1466.86748558497,33.37773081087316,8.999390190693843,23.0,23.3,23.150000000000002
123,504,18,0.45999999999999996,1036.2139333333337,430.6570522581339,1466.8709855914674,33.37773081087316,8.995850421159926,23.0,23.3,23.150000000000002
123,505,18,0.44,1024.3847333333335,416.76410988299494,1441.1488432163287,33.20548865909147,8.98997488515854,23.0,23.3,23.150000000000002
123,506,18,0.43,1018.4701333333333,409.93828071617634,1428.4084140495097,33.118843656639825,8.98961100958813,23.0,23.3,23.150000000000002
123,507,18,0.41000000000000003,1006.6409333333331,396.5300574585219,1403.1709907918548,32.94449223712684,8.987623660856979,23.0,23.3,23.150000000000002
123,508,18,0.39,994.8117333333336,383.4351314917724,1378.2468648251058,32.76870717010592,8.989663974769476,23.0,23.3,23.150000000000002
123,509,18,0.37,982.9825333333334,370.6427919315633,1353.6253252648967,32.59146591650709,8.999873882791976,23.0,23.3,23.150000000000002
123,510,18,0.36,977.0679333333336,364.36979529789994,1341.4377286312335,32.50229204043179,8.996488687831945,23.0,23.3,23.150000000000002
123,511,18,0.36,977.0679333333336,364.37518579388825,1341.443119127222,32.50229204043179,8.991152002741572,23.0,23.3,23.150000000000002
123,512,18,0.36,977.0679333333336,364.37502135757256,1341.4429546909062,32.50229204043179,8.991314843236598,23.0,23.3,23.150000000000002
123,513,18,0.36,977.0679333333336,364.35918495671496,1341.4271182900486,32.50229204043179,9.006984107754889,23.0,23.3,23.150000000000002
123,514,18,0.37,982.9825333333334,370.6384437265755,1353.620977059909,32.59146591650709,9.004168376529822,23.0,23.3,23.150000000000002
123,515,18,0.37,982.9825333333334,370.62947153006087,1353.6120048633945,32.59146591650709,9.013023405845743,23.0,23.3,23.150000000000002
123,516,18,0.36,977.0679333333336,364.35422335676975,1341.4221566901033,32.50229204043179,9.011887883302737,23.0,23.3,23.150000000000002
123,517,18,0.36,977.0679333333336,364.3550660203824,1341.422999353716,32.50229204043179,9.011055223548093,23.0,23.3,23.150000000000002
123,518,18,0.36,977.0679333333336,364.3558430799238,1341.4237764132572,32.50229204043179,9.01028732265559,23.0,23.3,23.150000000000002
123,519,18,0.37,982.9825333333334,370.6285258411507,1353.6110591744841,32.59146591650709,9.013956248689697,23.0,23.3,23.150000000000002
123,520,18,0.39,994.8117333333336,383.4217121792582,1378.2334455125915,32.76870717010592,9.002915813043005,23.0,23.3,23.150000000000002
123,521,18,0.42000000000000004,1012.5555333333334,403.18590991631316,1415.7414432496466,33.031845763224666,8.996733140946905,23.0,23.3,23.150000000000002
123,522,18,0.43,1018.4701333333333,409.9236152032311,1428.3937485365643,33.118843656639825,9.004212438230628,23.0,23.3,23.150000000000002
123,523,18,0.44,1024.3847333333335,416.74230403207986,1441.1270373654136,33.20548865909147,9.011768597990695,23.0,23.3,23.150000000000002
123,524,18,0.45999999999999996,1036.2139333333337,430.504628609606,1466.7185619429397,33.37773081087316,9.148677686034006,23.0,23.3,23.150000000000002
123,525,18,0.45999999999999996,1036.2139333333337,430.39022596775965,1466.6041593010932,33.37773081087316,9.261670835931525,23.0,23.3,23.150000000000002
123,526,18,0.45999999999999996,1036.2139333333337,430.2696017825237,1466.4835351158572,33.37773081087316,9.379312438400842,23.0,23.3,23.150000000000002
123,527,18,0.45999999999999996,1036.2139333333337,430.1317093963285,1466.3456427296621,33.37773081087316,9.512017617701241,23.0,23.3,23.150000000000002
123,528,18,0.45999999999999996,1036.2139333333337,429.97293189868236,1466.1868652320159,33.37773081087316,9.662614309486013,23.0,23.3,23.150000000000002
123,529,18,0.44,1024.3847333333335,415.9093263319197,1440.2940596652534,33.20548865909147,9.808157931849488,23.0,23.3,23.150000000000002
123,530,18,0.43,1018.4701333333333,408.9169604228373,1427.3870937561705,33.118843656639825,9.95615055188464,23.0,23.3,23.150000000000002
123,531,18,0.42000000000000004,1012.5555333333334,402.02125748299983,1414.5767908163332,33.031845763224666,10.088136306328003,23.0,23.3,23.150000000000002
123,532,18,0.41000000000000003,1006.6409333333331,395.3520818058697,1401.9930151392027,32.94449223712684,10.089628113886405,23.0,23.3,23.150000000000002
123,533,18,0.39,994.8117333333336,382.25273753966593,1377.0644708729994,32.76870717010592,10.093561737887404,23.0,23.3,23.150000000000002
123,534,18,0.38,988.8971333333333,375.8089286939301,1364.7060620272634,32.680269994622535,10.106609747353328,23.0,23.3,23.150000000000002
123,535,18,0.36,977.0679333333336,363.18788166725477,1340.2558150005882,32.50229204043179,10.10258508682697,23.0,23.3,23.150000000000002
123,536,18,0.34,965.2387333333335,350.725297698856,1315.9640310321895,32.322823152716616,10.228682321430288,23.0,23.3,23.150000000000002
123,537,18,0.32,953.4095333333332,338.56577713587444,1291.975310469208,32.14183952119426,10.351392028666066,23.0,23.3,23.150000000000002
123,538,18,0.29,935.6657333333335,320.94961408861747,1256.615347421951,31.86747052860626,10.470157344310199,23.0,23.3,23.150000000000002
123,539,18,0.29,935.6657333333335,320.8081297526426,1256.473863085976,31.86747052860626,10.595693183002485,23.0,23.3,23.150000000000002
123,540,18,0.28,929.7511333333333,315.13189121032786,1244.8830245436611,31.775230105092305,10.58949259711768,23.0,23.3,23.150000000000002
123,541,18,0.29,935.6657333333335,320.8098031603795,1256.475536493713,31.86747052860626,10.59421552650296,23.0,23.3,23.150000000000002
123,542,18,0.29,935.6657333333335,320.7978524961073,1256.4635858294407,31.86747052860626,10.604764550750007,23.0,23.3,23.150000000000002
123,543,18,0.31,947.4949333333334,332.37303326246496,1279.8679665957982,32.050772090408614,10.60898899627432,23.0,23.3,23.150000000000002
123,544,18,0.32,953.4095333333332,340.6863732012596,1294.0959065345928,32.14183952119426,8.291047303436232,23.0,23.3,23.150000000000002
123,545,18,0.33,959.3241333333333,346.67531201249886,1305.9994453458323,32.232522188729604,8.284037822089548,23.0,23.3,23.150000000000002
123,546,18,0.34,965.2387333333335,352.7152201437245,1317.9539534770581,32.322823152716616,8.3003839474705,23.0,23.3,23.150000000000002
123,547,18,0.37,982.9825333333334,371.31965567577447,1354.302189009108,32.59146591650709,8.304205889361162,23.0,23.3,23.150000000000002
123,548,18,0.38,988.8971333333333,377.6696289659959,1366.5667622993292,32.680269994622535,8.30730033667033,23.0,23.3,23.150000000000002
123,549,18,0.39,994.8117333333336,383.5435920993814,1378.355325432715,32.76870717010592,8.881832318979642,23.0,23.3,23.150000000000002
123,550,18,0.42000000000000004,1012.5555333333334,402.71242841175876,1415.2679617450922,33.031845763224666,9.454928600457816,23.0,23.3,23.150000000000002
123,551,18,0.42000000000000004,1012.5555333333334,402.06565204467404,1414.6211853780076,33.031845763224666,10.048557087099702,23.0,23.3,23.150000000000002
123,552,18,0.43,1018.4701333333333,408.1741815418595,1426.6443148751928,33.118843656639825,10.608244261021001,23.0,23.3,23.150000000000002
123,553,18,0.43,1018.4701333333333,408.03965142348324,1426.5097847568165,33.118843656639825,10.72277307302299,23.0,23.3,23.150000000000002
123,554,18,0.43,1018.4701333333333,407.8965081933322,1426.3666415266655,33.118843656639825,10.843569295924084,23.0,23.3,23.150000000000002
123,555,18,0.43,1018.4701333333333,407.72820748564095,1426.1983408189742,33.118843656639825,10.98426106545399,23.0,23.3,23.150000000000002
123,556,18,0.43,1018.4701333333333,407.578853843486,1426.0489871768193,33.118843656639825,11.107967853808974,23.0,23.3,23.150000000000002
123,557,18,0.43,1018.4701333333333,407.24958589282676,1425.7197192261601,33.118843656639825,11.377153367880394,23.0,23.3,23.150000000000002
123,558,18,0.42000000000000004,1012.5555333333334,400.162890960013,1412.7184242933465,33.031845763224666,11.644926131092424,23.0,23.3,23.150000000000002
123,559,18,0.41000000000000003,1006.6409333333331,393.13586365907327,1399.7767969924062,32.94449223712684,11.925357198975457,23.0,23.3,23.150000000000002
123,560,18,0.38,988.8971333333333,373.2534157111081,1362.1505490444415,32.680269994622535,12.201554787414628,23.0,23.3,23.150000000000002
123,561,18,0.36,977.0679333333336,360.2925571214458,1337.3604904547792,32.50229204043179,12.464324562024872,23.0,23.3,23.150000000000002
123,562,18,0.33,959.3241333333333,341.5631758627112,1300.8873091960445,32.232522188729604,12.760089143948457,23.0,23.3,23.150000000000002
123,563,18,0.31,947.4949333333334,329.3492713437355,1276.8442046770688,32.050772090408614,13.040012409254206,23.0,23.3,23.150000000000002
123,564,18,0.28,929.7511333333333,311.7760074064147,1241.5271407397481,31.775230105092305,13.319327428103492,23.0,23.3,23.150000000000002
123,565,18,0.26,917.9219333333333,300.4659767600093,1218.3879100933427,31.589553974748874,13.476148183248927,23.0,23.3,23.150000000000002
123,566,18,0.23,900.1781333333333,284.1292005075179,1184.3073338408512,31.308002482525062,13.640217919798177,23.0,23.3,23.150000000000002
123,567,18,0.22,894.2635333333332,278.6922054221505,1172.9557387554837,31.213328687378628,13.797242397263831,23.0,23.3,23.150000000000002
123,568,18,0.22,894.2635333333332,278.51247819729394,1172.776011530627,31.213328687378628,13.936876843764756,23.0,23.3,23.150000000000002
123,569,18,0.22,894.2635333333332,278.367912999613,1172.631446332946,31.213328687378628,14.048619161577138,23.0,23.3,23.150000000000002
123,570,18,0.22,894.2635333333332,278.21459033553674,1172.47812366887,31.213328687378628,14.166592464340985,23.0,23.3,23.150000000000002
123,571,18,0.23,900.1781333333333,283.2917294281919,1183.4698627615253,31.308002482525062,14.282335190814363,23.0,23.3,23.150000000000002
123,572,18,0.24000000000000002,906.0927333333335,288.43109970715386,1194.5238330404873,31.402262378208444,14.400319845218364,23.0,23.3,23.150000000000002
123,573,18,0.26,917.9219333333333,299.0241674356539,1216.9461007689874,31.589553974748874,14.552584331597618,23.0,23.3,23.150000000000002
123,574,18,0.27,923.8365333333333,304.3468115501817,1228.1833448835148,31.68259233236925,14.685139806848596,23.0,23.3,23.150000000000002
123,575,18,0.28,929.7511333333333,309.7377400466716,1239.4888733800049,31.775230105092305,14.81841163779455,23.0,23.3,23.150000000000002
123,576,18,0.29,935.6657333333335,315.2120560414749,1250.8777893748083,31.86747052860626,14.942555194508207,23.0,23.3,23.150000000000002
123,577,18,0.29,935.6657333333335,315.004010025422,1250.6697433587556,31.86747052860626,15.09035766087248,23.0,23.3,23.150000000000002
123,578,18,0.31,947.4949333333334,326.31708487906843,1273.8120182124019,32.050772090408614,15.23381753832952,23.0,23.3,23.150000000000002
123,579,18,0.32,953.4095333333332,331.9983015351081,1285.4078348684413,32.14183952119426,15.367139400939134,23.0,23.3,23.150000000000002
123,580,18,0.33,959.3241333333333,337.7000454310239,1297.0241787643572,32.232522188729604,15.539196018398137,23.0,23.3,23.150000000000002
123,581,18,0.34,965.2387333333335,343.72668673762234,1308.965420070956,32.322823152716616,15.539525063019699,23.0,23.3,23.150000000000002
123,582,18,0.36,977.0679333333336,356.02518384111664,1333.0931171744503,32.50229204043179,15.536284351408613,23.0,23.3,23.150000000000002
123,583,18,0.36,977.0679333333336,356.0349834903143,1333.102916823648,32.50229204043179,15.529466776414761,23.0,23.3,23.150000000000002
123,584,18,0.37,982.9825333333334,362.2907627783394,1345.2732961116728,32.59146591650709,15.538443221830686,23.0,23.3,23.150000000000002
123,585,18,0.36,977.0679333333336,357.0272058177733,1334.0951391511069,32.50229204043179,14.836150243185273,23.0,23.3,23.150000000000002
123,586,18,0.36,977.0679333333336,358.01774015826965,1335.0856734916033,32.50229204043179,14.135068601379023,23.0,23.3,23.150000000000002
123,587,18,0.34,965.2387333333335,346.71117503335216,1311.9499083666858,32.322823152716616,13.419432880484855,23.0,23.3,23.150000000000002
123,588,18,0.33,959.3241333333333,341.61583877625674,1300.93997210959,32.232522188729604,12.720230866502428,23.0,23.3,23.150000000000002
123,589,18,0.32,953.4095333333332,335.8482117844386,1289.2577451177717,32.14183952119426,12.573398959267871,23.0,23.3,23.150000000000002
123,590,18,0.29,935.6657333333335,318.6144256467532,1254.2801589800868,31.86747052860626,12.414681519335256,23.0,23.3,23.150000000000002
123,591,18,0.28,929.7511333333333,313.1322779718565,1242.8834113051898,31.775230105092305,12.267270127900002,23.0,23.3,23.150000000000002
123,592,18,0.27,923.8365333333333,307.7159312809583,1231.5524646142915,31.68259233236925,12.120958505984147,23.0,23.3,23.150000000000002
123,593,18,0.26,917.9219333333333,302.1735968178146,1220.0955301511478,31.589553974748874,12.132000672127223,23.0,23.3,23.150000000000002
123,594,18,0.24000000000000002,906.0927333333335,291.34732378542407,1197.4400571187575,31.402262378208444,12.112890755846355,23.0,23.3,23.150000000000002
123,595,18,0.24000000000000002,906.0927333333335,291.34073208463275,1197.4334654179663,31.402262378208444,12.11836815873141,23.0,23.3,23.150000000000002
123,596,18,0.24000000000000002,906.0927333333335,291.3501424935254,1197.4428758268589,31.402262378208444,12.110548004431628,23.0,23.3,23.150000000000002
123,597,18,0.23,900.1781333333333,286.86239498215565,1187.040528315489,31.308002482525062,11.394519911336802,23.0,23.3,23.150000000000002
123,598,18,0.24000000000000002,906.0927333333335,292.9712174946624,1199.063950827996,31.402262378208444,10.701718168351283,23.0,23.3,23.150000000000002
123,599,18,0.24000000000000002,906.0927333333335,293.7135645934893,1199.806297926823,31.402262378208444,10.005183735001895,23.0,23.3,23.150000000000002
123,600,18,0.26,917.9219333333333,305.30214280623744,1223.2240761395706,31.589553974748874,9.325598553385975,23.0,23.3,23.150000000000002
123,601,18,0.27,923.8365333333333,310.97968826205965,1234.8162215953928,31.68259233236925,9.201796308470778,23.0,23.3,23.150000000000002
123,602,18,0.28,929.7511333333333,316.7108879726312,1246.4620213059643,31.775230105092305,9.09371734072185,23.0,23.3,23.150000000000002
123,603,18,0.28,929.7511333333333,316.82177493108145,1246.5729082644148,31.775230105092305,8.980358296662073,23.0,23.3,23.150000000000002
123,604,18,0.29,935.6657333333335,322.6300591962257,1258.2957925295593,31.86747052860626,8.864160954463046,23.0,23.3,23.150000000000002
123,605,18,0.31,947.4949333333334,334.2283683170883,1281.7233016504217,32.050772090408614,8.868545334734094,23.0,23.3,23.150000000000002
123,606,18,0.32,953.4095333333332,340.13528341344244,1293.5448167467755,32.14183952119426,8.86972109925461,23.0,23.3,23.150000000000002
123,607,18,0.33,959.3241333333333,346.11737406990187,1305.4415074032352,32.232522188729604,8.867862561391435,23.0,23.3,23.150000000000002
123,608,18,0.34,965.2387333333335,352.1781282904296,1317.416861623763,32.322823152716616,8.860240474430253,23.0,23.3,23.150000000000002
123,609,18,0.36,977.0679333333336,364.92473786815816,1341.9926712014917,32.50229204043179,8.429489486903003,23.0,23.3,23.150000000000002
123,610,18,0.36,977.0679333333336,365.3237711382744,1342.391704471608,32.50229204043179,7.996267962070084,23.0,23.3,23.150000000000002
123,611,18,0.37,982.9825333333334,371.96958864645217,1354.9521219797857,32.59146591650709,7.57272713185248,23.0,23.3,23.150000000000002
123,612,18,0.37,982.9825333333334,372.3139063953726,1355.2964397287062,32.59146591650709,7.150991698055593,23.0,23.3,23.150000000000002
123,613,18,0.37,982.9825333333334,372.40522984615103,1355.3877631794844,32.59146591650709,7.03414739636736,23.0,23.3,23.150000000000002
123,614,18,0.37,982.9825333333334,372.4919043051678,1355.474437638501,32.59146591650709,6.921062468283676,23.0,23.3,23.150000000000002
123,615,18,0.36,977.0679333333336,366.29393720178456,1343.361870535118,32.50229204043179,6.8158792002543835,23.0,23.3,23.150000000000002
123,616,18,0.34,965.2387333333335,354.0543462634814,1319.293079596815,32.322823152716616,6.688912508976231,23.0,23.3,23.150000000000002
123,617,18,0.33,959.3241333333333,347.9981282223327,1307.322261555666,32.232522188729604,6.686730212681006,23.0,23.3,23.150000000000002
123,618,18,0.32,953.4095333333332,342.019289714144,1295.4288230474772,32.14183952119426,6.676592324546223,23.0,23.3,23.150000000000002
123,619,18,0.31,947.4949333333334,336.0960047678708,1283.590938101204,32.050772090408614,6.68752990333007,23.0,23.3,23.150000000000002
123,620,18,0.29,935.6657333333335,324.4719323295523,1260.1376656628859,31.86747052860626,6.692117595183993,23.0,23.3,23.150000000000002
123,621,18,0.28,929.7511333333333,318.85950376323854,1248.6106370965717,31.775230105092305,6.55945612544877,23.0,23.3,23.150000000000002
123,622,18,0.27,923.8365333333333,313.31956109501726,1237.1560944283503,31.68259233236925,6.415992325295121,23.0,23.3,23.150000000000002
123,623,18,0.27,923.8365333333333,313.4217762771438,1237.258309610477,31.68259233236925,6.2642795966212494,23.0,23.3,23.150000000000002
123,624,18,0.27,923.8365333333333,313.52246171972513,1237.3589950530582,31.68259233236925,6.110647218156537,23.0,23.3,23.150000000000002
123,625,18,0.28,929.7511333333333,319.15679028245916,1248.9079236157925,31.775230105092305,6.12016055989595,23.0,23.3,23.150000000000002
123,626,18,0.29,935.6657333333335,324.86554519587935,1260.5312785292128,31.86747052860626,6.11953283105337,23.0,23.3,23.150000000000002
123,627,18,0.29,935.6657333333335,324.86650183041945,1260.5322351637528,31.86747052860626,6.118065341554192,23.0,23.3,23.150000000000002
123,628,18,0.31,947.4949333333334,336.4797041990292,1283.9746375323625,32.050772090408614,6.132954870915106,23.0,23.3,23.150000000000002
123,629,18,0.32,953.4095333333332,342.4005171613095,1295.8100504946426,32.14183952119426,6.125558423174332,23.0,23.3,23.150000000000002
123,630,18,0.32,953.4095333333332,342.3973592819662,1295.8068926152994,32.14183952119426,6.130368690602817,23.0,23.3,23.150000000000002
123,631,18,0.33,959.3241333333333,348.3749768422379,1307.6991101755711,32.232522188729604,6.143922747161759,23.0,23.3,23.150000000000002
123,632,18,0.33,959.3241333333333,348.3806102244299,1307.7047435577633,32.232522188729604,6.135362533524299,23.0,23.3,23.150000000000002
123,633,18,0.32,953.4095333333332,342.56722294491294,1295.9767562782463,32.14183952119426,5.864678922711437,23.0,23.3,23.150000000000002
123,634,18,0.32,953.4095333333332,342.7410012190192,1296.1505345523526,32.14183952119426,5.576255621081539,23.0,23.3,23.150000000000002
123,635,18,0.33,959.3241333333333,348.88499541129875,1308.209128744632,32.232522188729604,5.2960127688629886,23.0,23.3,23.150000000000002
123,636,18,0.33,959.3241333333333,349.028143019348,1308.3522763526812,32.232522188729604,5.023024184517346,23.0,23.3,23.150000000000002
123,637,18,0.34,965.2387333333335,341.3463513017202,1306.5850846350538,32.322823152716616,4.852855224766991,23.0,23.3,23.150000000000002
123,638,18,0.34,965.2387333333335,341.52201496592994,1306.7607482992635,32.322823152716616,4.6960140294644015,23.0,23.3,23.150000000000002
123,639,18,0.34,965.2387333333335,341.682613426556,1306.9213467598895,32.322823152716616,4.548900442017376,23.0,23.3,23.150000000000002
123,640,18,0.33,959.3241333333333,336.3568157350903,1295.6809490684236,32.232522188729604,4.395663053223357,23.0,23.3,23.150000000000002
123,641,18,0.33,959.3241333333333,336.3645680697868,1295.6887014031201,32.232522188729604,4.388107428291489,23.0,23.3,23.150000000000002
123,642,18,0.32,953.4095333333332,330.91857876913605,1284.3281121024693,32.14183952119426,4.39693686882086,23.0,23.3,23.150000000000002
123,643,18,0.32,953.4095333333332,330.9144406988444,1284.3239740321776,32.14183952119426,4.4010537434921515,23.0,23.3,23.150000000000002
123,644,18,0.31,947.4949333333334,325.5193994994645,1273.014332832798,32.050772090408614,4.410998739473838,23.0,23.3,23.150000000000002
123,645,18,0.31,947.4949333333334,325.78221440091886,1273.2771477342524,32.050772090408614,4.13760307488457,23.0,23.3,23.150000000000002
123,646,18,0.31,947.4949333333334,326.0461874303671,1273.5411207637005,32.050772090408614,3.848024330764212,23.0,23.3,23.150000000000002
123,647,18,0.31,947.4949333333334,326.29075756722017,1273.7856909005534,32.050772090408614,3.563857610126702,23.0,23.3,23.150000000000002
123,648,18,0.31,947.4949333333334,326.5208421598641,1274.0157754931977,32.050772090408614,3.2798010686318757,23.0,23.3,23.150000000000002
123,649,18,0.31,947.4949333333334,326.5242698397041,1274.0192031730373,32.050772090408614,3.27543016917341,23.0,23.3,23.150000000000002
123,650,18,0.31,947.4949333333334,326.52788350799443,1274.0228168413278,32.050772090408614,3.2708173693625473,23.0,23.3,23.150000000000002
123,651,18,0.31,947.4949333333334,326.5205075560982,1274.0154408894316,32.050772090408614,3.280227514148756,23.0,23.3,23.150000000000002
123,652,18,0.29,935.6657333333335,315.84537101044185,1251.5111043437755,31.86747052860626,3.3004302786132413,23.0,23.3,23.150000000000002
123,653,18,0.29,935.6657333333335,315.8352018165105,1251.500935149844,31.86747052860626,3.31389941320265,23.0,23.3,23.150000000000002
123,654,18,0.28,929.7511333333333,310.5836320367668,1240.3347653701,31.775230105092305,3.3126454740853553,23.0,23.3,23.150000000000002
123,655,18,0.29,935.6657333333335,315.8361088083638,1251.5018421416971,31.86747052860626,3.312699768268885,23.0,23.3,23.150000000000002
123,656,18,0.29,935.6657333333335,315.8418763929533,1251.5076097262868,31.86747052860626,3.3050635548051575,23.0,23.3,23.150000000000002
123,657,18,0.29,935.6657333333335,316.1531326145421,1251.8188659478756,31.86747052860626,2.871206660804588,23.0,23.3,23.150000000000002
123,658,18,0.29,935.6657333333335,316.4212872263091,1252.0870205596427,31.86747052860626,2.4549470598228726,23.0,23.3,23.150000000000002
123,659,18,0.29,935.6657333333335,316.66389009178107,1252.3296234251147,31.86747052860626,2.0303706967824233,23.0,23.3,23.150000000000002
123,660,18,0.28,929.7511333333333,311.5933108721813,1241.3444442055147,31.775230105092305,1.6191695591335264,23.0,23.3,23.150000000000002
123,661,18,0.27,923.8365333333333,306.3896998798546,1230.226233213188,31.68259233236925,1.571803456809958,23.0,23.3,23.150000000000002
123,662,18,0.26,917.9219333333333,301.23104283530023,1219.1529761686334,31.589553974748874,1.5358750449796337,23.0,23.3,23.150000000000002
123,663,18,0.26,917.9219333333333,301.25440400910935,1219.1763373424428,31.589553974748874,1.479440449257084,23.0,23.3,23.150000000000002
123,664,18,0.26,917.9219333333333,301.273298778986,1219.1952321123192,31.589553974748874,1.4328487587908998,23.0,23.3,23.150000000000002
123,665,18,0.26,917.9219333333333,301.267501410743,1219.1894347440764,31.589553974748874,1.447237517170179,23.0,23.3,23.150000000000002
123,666,18,0.26,917.9219333333333,301.2578610831348,1219.1797944164682,31.589553974748874,1.4709807767678633,23.0,23.3,23.150000000000002
123,667,18,0.26,917.9219333333333,301.2506478894644,1219.1725812227978,31.589553974748874,1.488599661832489,23.0,23.3,23.150000000000002
123,668,18,0.26,917.9219333333333,301.24139226217096,1219.1633255955044,31.589553974748874,1.5110282582337589,23.0,23.3,23.150000000000002
123,669,18,0.24000000000000002,906.0927333333335,291.07916230818256,1197.171895641516,31.402262378208444,1.4227492937998734,23.0,23.3,23.150000000000002
123,670,18,0.24000000000000002,906.0927333333335,291.1104433203809,1197.2031766537143,31.402262378208444,1.3393994164635343,23.0,23.3,23.150000000000002
123,671,18,0.24000000000000002,906.0927333333335,291.137314771827,1197.2300481051604,31.402262378208444,1.265377713473298,23.0,23.3,23.150000000000002
456,0,18,0.19,876.3647333333334,270.49940937587377,1146.8641427092073,30.9276907218596,6.491750543067518,23.0,23.3,23.150000000000002
456,1,18,0.19,876.3647333333334,270.493357858555,1146.8580911918884,30.9276907218596,6.501062021291336,23.0,23.3,23.150000000000002
456,2,18,0.19,876.3647333333334,270.49551746579834,1146.8602507991318,30.9276907218596,6.497740618252358,23.0,23.3,23.150000000000002
456,3,18,0.21000000000000002,888.1939333333336,280.7936703594248,1168.9876036927583,31.119174095666388,6.500361928250568,23.0,23.3,23.150000000000002
456,4,18,0.21000000000000002,888.1939333333336,280.7906556130258,1168.9845889463595,31.119174095666388,6.504905529194752,23.0,23.3,23.150000000000002
456,5,18,0.22,894.1085333333331,286.0286087704613,1180.1371421037945,31.214282519313365,6.51527232546841,23.0,23.3,23.150000000000002
456,6,18,0.23,900.0231333333331,291.34529531006956,1191.3684286434027,31.308973402788986,6.5039131111335715,23.0,23.3,23.150000000000002
456,7,18,0.23,900.0231333333331,291.338709848541,1191.361843181874,31.308973402788986,6.513659145659689,23.0,23.3,23.150000000000002
456,8,18,0.24000000000000002,905.9377333333334,296.7138233242536,1202.651556657587,31.40325017328564,6.511761349503334,23.0,23.3,23.150000000000002
456,9,18,0.24000000000000002,905.9377333333334,296.71912715709476,1202.6568604904282,31.40325017328564,6.503970499068014,23.0,23.3,23.150000000000002
456,10,18,0.24000000000000002,905.9377333333334,296.7122196312906,1202.649952964624,31.40325017328564,6.514115045555912,23.0,23.3,23.150000000000002
456,11,18,0.24000000000000002,905.9377333333334,296.69925680076784,1202.6369901341013,31.40325017328564,6.533106601142352,23.0,23.3,23.150000000000002
456,12,18,0.24000000000000002,905.9377333333334,296.71470245103643,1202.6524357843698,31.40325017328564,6.510470688889863,23.0,23.3,23.150000000000002
456,13,18,0.24000000000000002,905.9377333333334,296.7124143364913,1202.6501476698247,31.40325017328564,6.513829331127737,23.0,23.3,23.150000000000002
456,14,18,0.26,917.7669333333333,307.654146369791,1225.4210797031242,31.590574890662843,6.517989971382757,23.0,23.3,23.150000000000002
456,15,18,0.26,917.7669333333333,307.6458871108749,1225.4128204442084,31.590574890662843,6.529929912842653,23.0,23.3,23.150000000000002
456,16,18,0.27,923.6815333333332,313.21657061154355,1236.8981039448768,31.683629500068083,6.531852392319862,23.0,23.3,23.150000000000002
456,17,18,0.28,929.5961333333332,318.84603798022465,1248.4421713135578,31.776283322584494,6.546055663054387,23.0,23.3,23.150000000000002
456,18,18,0.29,935.5107333333334,324.54494598426226,1260.0556793175956,31.868539596667112,6.558169732299806,23.0,23.3,23.150000000000002
456,19,18,0.29,935.5107333333334,324.55812806933136,1260.0688614026649,31.868539596667112,6.539472580616585,23.0,23.3,23.150000000000002
456,20,18,0.31,947.3399333333333,336.0613530133076,1283.401286346641,32.05187227278047,6.70458901592102,23.0,23.3,23.150000000000002
456,21,18,0.32,953.2545333333333,341.8738190477849,1295.128352381118,32.14295497262484,6.843972991568369,23.0,23.3,23.150000000000002
456,22,18,0.33,959.1691333333333,347.74779559977037,1306.9169289331035,32.23365272062856,6.991946496117325,23.0,23.3,23.150000000000002
456,23,18,0.33,959.1691333333333,347.6544567564242,1306.8235900897575,32.23365272062856,7.112275666580228,23.0,23.3,23.150000000000002
456,24,18,0.34,965.0837333333334,353.5877391870484,1318.6714725203817,32.323968579047765,7.268927346618827,23.0,23.3,23.150000000000002
456,25,18,0.34,965.0837333333334,353.47716589329195,1318.5608992266255,32.323968579047765,7.4050166192469575,23.0,23.3,23.150000000000002
456,26,18,0.34,965.0837333333334,353.34538635762743,1318.4291196909608,32.323968579047765,7.563654897815875,23.0,23.3,23.150000000000002
456,27,18,0.34,965.0837333333334,353.2341824611339,1318.3179157944674,32.323968579047765,7.694733304921767,23.0,23.3,23.150000000000002
456,28,18,0.34,965.0837333333334,353.24931649700443,1318.3330498303378,32.323968579047765,7.677037844322376,23.0,23.3,23.150000000000002
456,29,18,0.33,959.1691333333333,347.17532402868255,1306.3444573620159,32.23365272062856,7.697199444521634,23.0,23.3,23.150000000000002
456,30,18,0.33,959.1691333333333,347.16900327486456,1306.3381366081978,32.23365272062856,7.7045922043393915,23.0,23.3,23.150000000000002
456,31,18,0.34,965.0837333333334,353.2464162069472,1318.3301495402804,32.323968579047765,7.680432436521918,23.0,23.3,23.150000000000002
456,32,18,0.34,965.0837333333334,353.1285358111627,1318.2122691444958,32.323968579047765,7.817054765706488,23.0,23.3,23.150000000000002
456,33,18,0.36,976.9129333333336,365.35392225932384,1342.2668555926573,32.50346670753479,7.9389595950580985,23.0,23.3,23.150000000000002
456,34,18,0.36,976.9129333333336,365.2520818619169,1342.1650151952506,32.50346670753479,8.052718209050395,23.0,23.3,23.150000000000002
456,35,18,0.36,976.9129333333336,365.1359047677734,1342.0488381011069,32.50346670753479,8.180428698296042,23.0,23.3,23.150000000000002
456,36,18,0.34,965.0837333333334,352.7987394623242,1317.8824727956576,32.323968579047765,8.186416000505432,23.0,23.3,23.150000000000002
456,37,18,0.33,959.1691333333333,346.73177898618445,1305.9009123195176,32.23365272062856,8.198895277571786,23.0,23.3,23.150000000000002
456,38,18,0.32,953.2545333333333,340.7697333391605,1294.0242666724937,32.14295497262484,8.17581320683588,23.0,23.3,23.150000000000002
456,39,18,0.32,953.2545333333333,340.7775208294093,1294.0320541627425,32.14295497262484,8.167225036481968,23.0,23.3,23.150000000000002
456,40,18,0.32,953.2545333333333,340.6497589837839,1293.904292317117,32.14295497262484,8.306979225943403,23.0,23.3,23.150000000000002
456,41,18,0.32,953.2545333333333,340.6573994862604,1293.9119328195936,32.14295497262484,8.298688766003984,23.0,23.3,23.150000000000002
456,42,18,0.33,959.1691333333333,346.6333107599721,1305.8024440933054,32.23365272062856,8.306001076119188,23.0,23.3,23.150000000000002
456,43,18,0.34,965.0837333333334,352.67186037761485,1317.7555937109482,32.323968579047765,8.323958943905094,23.0,23.3,23.150000000000002
456,44,18,0.34,965.0837333333334,352.6588423533337,1317.7425756866671,32.323968579047765,8.337939051193391,23.0,23.3,23.150000000000002
456,45,18,0.36,976.9129333333336,364.4291351852936,1341.3420685186272,32.50346670753479,8.916711433678856,23.0,23.3,23.150000000000002
456,46,18,0.37,982.8275333333335,370.12231557806257,1352.949848911396,32.59265493485955,9.481266485679473,23.0,23.3,23.150000000000002
456,47,18,0.37,982.8275333333335,369.48411248834384,1352.3116458216773,32.59265493485955,10.064783252339948,23.0,23.3,23.150000000000002
456,48,18,0.39,994.6567333333334,381.60651512987846,1376.2632484632118,32.7699243646715,10.636486192842597,23.0,23.3,23.150000000000002
456,49,18,0.41000000000000003,1006.4859333333332,394.5756602638223,1401.0615935971553,32.94573692173971,10.744027075528415,23.0,23.3,23.150000000000002
456,50,18,0.42000000000000004,1012.4005333333336,401.073283148407,1413.4738164817404,33.03310394124402,10.888074228444658,23.0,23.3,23.150000000000002
456,51,18,0.43,1018.3151333333333,407.7095223325018,1426.024655665835,33.12011516328765,10.98421997387184,23.0,23.3,23.150000000000002
456,52,18,0.43,1018.3151333333333,407.5504165273677,1425.8655498607009,33.12011516328765,11.115974904724414,23.0,23.3,23.150000000000002
456,53,18,0.43,1018.3151333333333,407.2294907884964,1425.5446241218299,33.12011516328765,11.378274938236231,23.0,23.3,23.150000000000002
456,54,18,0.42000000000000004,1012.4005333333336,400.08543378007494,1412.4859671134086,33.03310394124402,11.691343123377212,23.0,23.3,23.150000000000002
456,55,18,0.42000000000000004,1012.4005333333336,399.7577627369608,1412.1582960702945,33.03310394124402,11.949388907063817,23.0,23.3,23.150000000000002
456,56,18,0.42000000000000004,1012.4005333333336,399.3773656969096,1411.7778990302431,33.03310394124402,12.244601128415843,23.0,23.3,23.150000000000002
456,57,18,0.41000000000000003,1006.4859333333332,392.32700431087346,1398.8129376442064,32.94573692173971,12.532789728821168,23.0,23.3,23.150000000000002
456,58,18,0.41000000000000003,1006.4859333333332,391.9818497273447,1398.467783060678,32.94573692173971,12.793053328899628,23.0,23.3,23.150000000000002
456,59,18,0.41000000000000003,1006.4859333333332,391.6019084594682,1398.087841792801,32.94573692173971,13.076409649992124,23.0,23.3,23.150000000000002
456,60,18,0.41000000000000003,1006.4859333333332,391.2361308010101,1397.7220641343433,32.94573692173971,13.346464036308356,23.0,23.3,23.150000000000002
456,61,18,0.39,994.6567333333334,377.9371344898644,1372.5938678231978,32.7699243646715,13.489222135080018,23.0,23.3,23.150000000000002
456,62,18,0.39,994.6567333333334,377.7278332362337,1372.3845665695671,32.7699243646715,13.641346747528448,23.0,23.3,23.150000000000002
456,63,18,0.38,988.7421333333333,371.1157156375978,1359.857848970931,32.68147318800926,13.773784194757976,23.0,23.3,23.150000000000002
456,64,18,0.37,982.8275333333335,364.5667201047899,1347.3942534381233,32.59265493485955,13.918600210248568,23.0,23.3,23.150000000000002
456,65,18,0.36,976.9129333333336,358.1164964047446,1335.0294297380783,32.50346670753479,14.049763575571793,23.0,23.3,23.150000000000002
456,66,18,0.36,976.9129333333336,357.9486697269666,1334.8616030603002,32.50346670753479,14.16965397538044,23.0,23.3,23.150000000000002
456,67,18,0.34,965.0837333333334,345.4870238211748,1310.570757154508,32.323968579047765,14.2881347133134,23.0,23.3,23.150000000000002
456,68,18,0.36,976.9129333333336,357.6589365263657,1334.571869859699,32.50346670753479,14.375741755622796,23.0,23.3,23.150000000000002
456,69,18,0.37,982.8275333333335,363.6871695535189,1346.5147028868525,32.59265493485955,14.545033516249061,23.0,23.3,23.150000000000002
456,70,18,0.37,982.8275333333335,363.48749337291554,1346.315026706249,32.59265493485955,14.68600613962517,23.0,23.3,23.150000000000002
456,71,18,0.38,988.7421333333333,369.64260213210497,1358.384735465438,32.68147318800926,14.822666778107427,23.0,23.3,23.150000000000002
456,72,18,0.37,982.8275333333335,363.1116579157415,1345.9391912490748,32.59265493485955,14.950359549011853,23.0,23.3,23.150000000000002
456,73,18,0.37,982.8275333333335,362.8696034358321,1345.6971367691656,32.59265493485955,15.12002710533748,23.0,23.3,23.150000000000002
456,74,18,0.37,982.8275333333335,362.64605966381674,1345.47359299715,32.59265493485955,15.276378421106523,23.0,23.3,23.150000000000002
456,75,18,0.37,982.8275333333335,362.39458620155364,1345.222119534887,32.59265493485955,15.451938179423282,23.0,23.3,23.150000000000002
456,76,18,0.37,982.8275333333335,362.1908018300873,1345.0183351634207,32.59265493485955,15.593999461982603,23.0,23.3,23.150000000000002
456,77,18,0.38,988.7421333333333,368.5401917151285,1357.2823250484619,32.68147318800926,15.595604725242636,23.0,23.3,23.150000000000002
456,78,18,0.39,994.6567333333334,375.00247533386533,1369.6592086671988,32.7699243646715,15.576668358576766,23.0,23.3,23.150000000000002
456,79,18,0.39,994.6567333333334,374.97140805853195,1369.6281413918653,32.7699243646715,15.598461949892911,23.0,23.3,23.150000000000002
456,80,18,0.39,994.6567333333334,374.99258835076483,1369.6493216840981,32.7699243646715,15.58360422340957,23.0,23.3,23.150000000000002
456,81,18,0.39,994.6567333333334,375.9890697838182,1370.6458031171517,32.7699243646715,14.882896536044697,23.0,23.3,23.150000000000002
456,82,18,0.38,988.7421333333333,370.54150356572893,1359.2836368990622,32.68147318800926,14.18567371703714,23.0,23.3,23.150000000000002
456,83,18,0.37,982.8275333333335,365.17011727626146,1347.997650609595,32.59265493485955,13.482394779027523,23.0,23.3,23.150000000000002
456,84,18,0.37,982.8275333333335,366.1095145073241,1348.9370478406574,32.59265493485955,12.78948116081818,23.0,23.3,23.150000000000002
456,85,18,0.36,976.9129333333336,360.03867975067885,1336.9516130840125,32.50346670753479,12.640900631980685,23.0,23.3,23.150000000000002
456,86,18,0.34,965.0837333333334,347.87765112942174,1312.9613844627552,32.323968579047765,12.532723340537151,23.0,23.3,23.150000000000002
456,87,18,0.34,965.0837333333334,348.035901017014,1313.1196343503473,32.323968579047765,12.411803702652865,23.0,23.3,23.150000000000002
456,88,18,0.36,976.9129333333336,360.54331730274754,1337.4562506360812,32.50346670753479,12.2567969659594,23.0,23.3,23.150000000000002
456,89,18,0.37,982.8275333333335,366.8282718388275,1349.6558051721609,32.59265493485955,12.244967314209722,23.0,23.3,23.150000000000002
456,90,18,0.37,982.8275333333335,366.8155970305865,1349.64313036392,32.59265493485955,12.25469574231196,23.0,23.3,23.150000000000002
456,91,18,0.38,988.7421333333333,373.17181897699845,1361.9139523103315,32.68147318800926,12.248709625001567,23.0,23.3,23.150000000000002
456,92,18,0.38,988.7421333333333,373.17407034700005,1361.9162036803334,32.68147318800926,12.246982942413938,23.0,23.3,23.150000000000002
456,93,18,0.38,988.7421333333333,374.0862467355007,1362.828380068834,32.68147318800926,11.53373351872048,23.0,23.3,23.150000000000002
456,94,18,0.38,988.7421333333333,374.94280526507936,1363.6849385984126,32.68147318800926,10.834265144052472,23.0,23.3,23.150000000000002
456,95,18,0.38,988.7421333333333,375.73585712575937,1364.4779904590926,32.68147318800926,10.153281330788731,23.0,23.3,23.150000000000002
456,96,18,0.38,988.7421333333333,376.50138767369947,1365.2435210070328,32.68147318800926,9.456155055039083,23.0,23.3,23.150000000000002
456,97,18,0.38,988.7421333333333,376.6416227358828,1365.383756069216,32.68147318800926,9.323276551678333,23.0,23.3,23.150000000000002
456,98,18,0.38,988.7421333333333,376.74642101779267,1365.488554351126,32.68147318800926,9.222787284998478,23.0,23.3,23.150000000000002
456,99,18,0.38,988.7421333333333,376.88607174996343,1365.6282050832967,32.68147318800926,9.087213639465919,23.0,23.3,23.150000000000002
456,100,18,0.38,988.7421333333333,377.0161663845958,1365.758299717929,32.68147318800926,8.959113545224737,23.0,23.3,23.150000000000002
456,101,18,0.38,988.7421333333333,377.0277837931941,1365.7699171265276,32.68147318800926,8.94758618860253,23.0,23.3,23.150000000000002
456,102,18,0.38,988.7421333333333,377.0288178948377,1365.770951228171,32.68147318800926,8.946559388427909,23.0,23.3,23.150000000000002
456,103,18,0.38,988.7421333333333,377.033109236276,1365.7752425696094,32.68147318800926,8.942297095918411,23.0,23.3,23.150000000000002
456,104,18,0.38,988.7421333333333,377.0397948811918,1365.7819282145251,32.68147318800926,8.935652683410773,23.0,23.3,23.150000000000002
456,105,18,0.38,988.7421333333333,377.4642706324374,1366.2064039657707,32.68147318800926,8.503070454937149,23.0,23.3,23.150000000000002
456,106,18,0.38,988.7421333333333,377.8508163277395,1366.592949661073,32.68147318800926,8.088191467050057,23.0,23.3,23.150000000000002
456,107,18,0.38,988.7421333333333,378.21339123428965,1366.955524567623,32.68147318800926,7.676831179670678,23.0,23.3,23.150000000000002
456,108,18,0.37,982.8275333333335,372.20761518577785,1355.0351485191113,32.59265493485955,7.258465233574328,23.0,23.3,23.150000000000002
456,109,18,0.36,976.9129333333336,366.02952306975936,1342.942456403093,32.50346670753479,7.133255873799802,23.0,23.3,23.150000000000002
456,110,18,0.36,976.9129333333336,366.13035320610607,1343.0432865394396,32.50346670753479,7.003854968073251,23.0,23.3,23.150000000000002
456,111,18,0.36,976.9129333333336,366.22356567153395,1343.1364990048673,32.50346670753479,6.8816596102536804,23.0,23.3,23.150000000000002
456,112,18,0.37,982.8275333333335,372.5718205402971,1355.3993538736306,32.59265493485955,6.7868656695265415,23.0,23.3,23.150000000000002
456,113,18,0.38,988.7421333333333,378.9190319568963,1367.6611652902297,32.68147318800926,6.793144101040101,23.0,23.3,23.150000000000002
456,114,18,0.39,994.6567333333334,385.3379829223759,1379.9947162557094,32.7699243646715,6.804281013018387,23.0,23.3,23.150000000000002
456,115,18,0.41000000000000003,1006.4859333333332,398.4059533532049,1404.8918866865379,32.94573692173971,6.825251080311555,23.0,23.3,23.150000000000002
456,116,18,0.42000000000000004,1012.4005333333336,405.0616990782584,1417.4622324115921,33.03310394124402,6.828010593581981,23.0,23.3,23.150000000000002
456,117,18,0.44,1024.2297333333333,418.7164390017197,1442.946172335053,33.20677333177181,6.681949409156572,23.0,23.3,23.150000000000002
456,118,18,0.45999999999999996,1036.0589333333335,432.67508651283725,1468.734019846171,33.37904133639101,6.548137145608498,23.0,23.3,23.150000000000002
456,119,18,0.47,1041.9735333333333,439.8244819103033,1481.7980152436364,33.46465651422745,6.400490197033879,23.0,23.3,23.150000000000002
456,120,18,0.49,1053.8027333333334,454.2731737796744,1508.075907113008,33.634862361846665,6.240391812085086,23.0,23.3,23.150000000000002
456,121,18,0.51,1065.6319333333333,468.9579731293576,1534.589906462691,33.80371939502404,6.23820227889021,23.0,23.3,23.150000000000002
456,122,18,0.52,1071.5465333333332,476.4252431835275,1547.971776516861,33.88764845257759,6.24119540682151,23.0,23.3,23.150000000000002
456,123,18,0.53,1077.4611333333332,483.98125356349766,1561.442386896831,33.97124786865767,6.238856486451768,23.0,23.3,23.150000000000002
456,124,18,0.56,1095.2049333333332,507.1703201362044,1602.3752534695375,34.22009279489012,6.235913778720855,23.0,23.3,23.150000000000002
456,125,18,0.5700000000000001,1101.1195333333333,515.076371519205,1616.1959048525384,34.30239804397979,6.236834969589553,23.0,23.3,23.150000000000002
456,126,18,0.58,1107.0341333333333,523.0671434205195,1630.1012767538527,34.38438572428362,6.250259212735847,23.0,23.3,23.150000000000002
456,127,18,0.59,1112.9487333333334,531.1529374020329,1644.1016707353665,34.46605817543215,6.25514392914572,23.0,23.3,23.150000000000002
456,128,18,0.59,1112.9487333333334,531.156298972628,1644.1050323059612,34.46605817543215,6.246945188839882,23.0,23.3,23.150000000000002
456,129,18,0.59,1112.9487333333334,531.2657165626604,1644.2144498959938,34.46605817543215,5.962504830268269,23.0,23.3,23.150000000000002
456,130,18,0.59,1112.9487333333334,531.3619744061438,1644.310707739477,34.46605817543215,5.674429366542116,23.0,23.3,23.150000000000002
456,131,18,0.58,1107.0341333333333,523.3763889658424,1630.4105222991757,34.38438572428362,5.381817365283147,23.0,23.3,23.150000000000002
456,132,18,0.5700000000000001,1101.1195333333333,515.4749100853882,1616.5944434187213,34.30239804397979,5.102965965601409,23.0,23.3,23.150000000000002
456,133,18,0.56,1095.2049333333332,475.2111638740742,1570.4160972074073,34.22009279489012,4.955517305151429,23.0,23.3,23.150000000000002
456,134,18,0.54,1083.3757333333333,462.19013314453645,1545.5658664778698,34.054520108841466,4.80035971221636,23.0,23.3,23.150000000000002
456,135,18,0.53,1077.4611333333332,455.8871127376855,1533.3482460710188,33.97124786865767,4.640808865498628,23.0,23.3,23.150000000000002
456,136,18,0.52,1071.5465333333332,449.62667470216496,1521.1732080354982,33.88764845257759,4.479505258762555,23.0,23.3,23.150000000000002
456,137,18,0.51,1065.6319333333333,443.20728357618276,1508.8392169095162,33.80371939502404,4.452891556285942,23.0,23.3,23.150000000000002
456,138,18,0.49,1053.8027333333334,430.4163560120025,1484.219089345336,33.634862361846665,4.4797188834934865,23.0,23.3,23.150000000000002
456,139,18,0.49,1053.8027333333334,430.4031079694512,1484.2058413027846,33.634862361846665,4.488878355971227,23.0,23.3,23.150000000000002
456,140,18,0.48,1047.8881333333334,424.1068102277476,1471.9949435610808,33.549929322676576,4.49211167382124,23.0,23.3,23.150000000000002
456,141,18,0.48,1047.8881333333334,424.4906564113714,1472.3787897447048,33.549929322676576,4.2151962224658694,23.0,23.3,23.150000000000002
456,142,18,0.47,1041.9735333333333,418.6219843447148,1460.595517678048,33.46465651422745,3.9244158765448005,23.0,23.3,23.150000000000002
456,143,18,0.47,1041.9735333333333,418.95283270751037,1460.9263660408435,33.46465651422745,3.6533502105626394,23.0,23.3,23.150000000000002
456,144,18,0.47,1041.9735333333333,419.26505917783555,1461.2385925111687,33.46465651422745,3.3826556752578214,23.0,23.3,23.150000000000002
456,145,18,0.48,1047.8881333333334,425.5414901486048,1473.429623481938,33.549929322676576,3.3715330347779786,23.0,23.3,23.150000000000002
456,146,18,0.48,1047.8881333333334,425.48151238538634,1473.3696457187195,33.549929322676576,3.4238860834083797,23.0,23.3,23.150000000000002
456,147,18,0.49,1053.8027333333334,431.7871691294596,1485.5899024627931,33.634862361846665,3.4347641740770927,23.0,23.3,23.150000000000002
456,148,18,0.51,1065.6319333333333,444.61517835743473,1510.247111690768,33.80371939502404,3.415268018083656,23.0,23.3,23.150000000000002
456,149,18,0.51,1065.6319333333333,444.6040568842167,1510.23599021755,33.80371939502404,3.424387321763693,23.0,23.3,23.150000000000002
456,150,18,0.52,1071.5465333333332,451.08268124494816,1522.6292145782813,33.88764845257759,3.4308872036309586,23.0,23.3,23.150000000000002
456,151,18,0.53,1077.4611333333332,457.6571782286048,1535.118311561938,33.97124786865767,3.4061136773471348,23.0,23.3,23.150000000000002
456,152,18,0.54,1083.3757333333333,464.22919369366724,1547.6049270270005,34.054520108841466,3.4282216680250563,23.0,23.3,23.150000000000002
456,153,18,0.56,1095.2049333333332,478.15888945144656,1573.3638227847796,34.22009279489012,2.99096849605892,23.0,23.3,23.150000000000002
456,154,18,0.56,1095.2049333333332,478.6586432608024,1573.8635765941356,34.22009279489012,2.5554093029887914,23.0,23.3,23.150000000000002
456,155,18,0.5700000000000001,1101.1195333333333,485.9047733307299,1587.024306664063,34.30239804397979,2.116315087852996,23.0,23.3,23.150000000000002
456,156,18,0.58,1107.0341333333333,493.1542058582559,1600.1883391915892,34.38438572428362,1.6905468665867587,23.0,23.3,23.150000000000002
456,157,18,0.59,1112.9487333333334,500.1050301483807,1613.053763481714,34.46605817543215,1.658621583389149,23.0,23.3,23.150000000000002
456,158,18,0.59,1112.9487333333334,500.13731113160503,1613.0860444649384,34.46605817543215,1.6207668635312886,23.0,23.3,23.150000000000002
456,159,18,0.59,1112.9487333333334,500.2112832266517,1613.160016559985,34.46605817543215,1.531916666286597,23.0,23.3,23.150000000000002
456,160,18,0.58,1107.0341333333333,493.34007387981603,1600.3742072131495,34.38438572428362,1.463262350568354,23.0,23.3,23.150000000000002
456,161,18,0.5700000000000001,1101.1195333333333,486.43525243659184,1587.554785769925,34.30239804397979,1.5105077107382348,23.0,23.3,23.150000000000002
456,162,18,0.56,1095.2049333333332,479.6009584277409,1574.805891761074,34.22009279489012,1.5428078260507476,23.0,23.3,23.150000000000002
456,163,18,0.54,1083.3757333333333,466.11573212043606,1549.4914654537695,34.054520108841466,1.5970926607506657,23.0,23.3,23.150000000000002
456,164,18,0.54,1083.3757333333333,466.09955556803453,1549.475288901368,34.054520108841466,1.6181376996076267,23.0,23.3,23.150000000000002
456,165,18,0.54,1083.3757333333333,466.15646905047043,1549.532202383804,34.054520108841466,1.5433339492110585,23.0,23.3,23.150000000000002
456,166,18,0.54,1083.3757333333333,466.22005651420164,1549.5957898475351,34.054520108841466,1.4570999536009,23.0,23.3,23.150000000000002
456,167,18,0.54,1083.3757333333333,466.2667701490863,1549.6425034824197,34.054520108841466,1.3917931929401877,23.0,23.3,23.150000000000002
456,168,18,0.54,1083.3757333333333,466.3240424462375,1549.699775779571,34.054520108841466,1.309235983773484,23.0,23.3,23.150000000000002
456,169,18,0.54,1083.3757333333333,466.28610832501806,1549.6618416583515,34.054520108841466,1.3642362383503508,23.0,23.3,23.150000000000002
456,170,18,0.54,1083.3757333333333,466.2694080719081,1549.6451414052415,34.054520108841466,1.3880526625819143,23.0,23.3,23.150000000000002
456,171,18,0.56,1095.2049333333332,479.6855823921221,1574.8905157254553,34.22009279489012,1.431650791581081,23.0,23.3,23.150000000000002
456,172,18,0.5700000000000001,1101.1195333333333,486.4639116405418,1587.583444973875,34.30239804397979,1.473618069408666,23.0,23.3,23.150000000000002
456,173,18,0.59,1112.9487333333334,500.10799818454103,1613.0567315178744,34.46605817543215,1.655163318267269,23.0,23.3,23.150000000000002
456,174,18,0.61,1124.7779333333333,513.9640963440991,1638.7420296774326,34.628466628023496,1.8376164214077744,23.0,23.3,23.150000000000002
456,175,18,0.63,1136.6071333333332,528.004140584351,1664.6112739176842,34.78964164010465,2.047819218954767,23.0,23.3,23.150000000000002
456,176,18,0.66,1154.3509333333327,549.5519880650553,1703.902921398388,35.029130438921236,2.281529301280496,23.0,23.3,23.150000000000002
456,177,18,0.68,1166.1801333333333,564.2129532658142,1730.3930865991474,35.18729922029,2.420524613354783,23.0,23.3,23.150000000000002
456,178,18,0.71,1183.9239333333335,582.3497283319388,1766.2736616652724,35.42235920517006,2.5829651981972543,23.0,23.3,23.150000000000002
456,179,18,0.73,1195.7531333333334,582.5445114384906,1778.2976447718238,35.577627874115244,2.7626979006462062,23.0,23.3,23.150000000000002
456,180,18,0.76,1213.4969333333333,582.7431940351435,1796.2401273684768,35.80841424694449,2.937750939203151,23.0,23.3,23.150000000000002
456,181,18,0.78,1225.3261333333332,582.7476985188521,1808.0738318521855,35.9608836985761,2.941631484031896,23.0,23.3,23.150000000000002
456,182,18,0.81,1243.0699333333341,582.7468860518218,1825.816819385156,36.18754407089163,2.9409318321420344,23.0,23.3,23.150000000000002
456,183,18,0.8200000000000001,1248.9845333333333,582.7484457912311,1831.7329791245643,36.26256002282945,2.9422748866730766,23.0,23.3,23.150000000000002
456,184,18,0.8400000000000001,1260.8137333333334,582.7813288928699,1843.5950622262033,36.411796713219594,2.970486329339413,23.0,23.3,23.150000000000002
456,185,18,0.86,1272.6429333333335,582.7803761792015,1855.423309512535,36.55998515351496,2.969671724028819,23.0,23.3,23.150000000000002
456,186,18,0.86,1272.6429333333335,582.7530440389374,1855.395977372271,36.55998515351496,2.946231727107415,23.0,23.3,23.150000000000002
456,187,18,0.8400000000000001,1260.8137333333334,582.7547101217815,1843.568443455115,36.411796713219594,2.9476644516902857,23.0,23.3,23.150000000000002
456,188,18,0.8200000000000001,1248.9845333333333,582.7775698497496,1831.7621031830827,36.26256002282945,2.967271258621972,23.0,23.3,23.150000000000002
456,189,18,0.78,1225.3261333333332,582.9050477533185,1808.231181086652,35.9608836985761,3.074917952248676,23.0,23.3,23.150000000000002
456,190,18,0.74,1201.6677333333337,583.0439272536571,1784.7116605869908,35.654836895118265,3.1891169620563766,23.0,23.3,23.150000000000002
456,191,18,0.73,1195.7531333333334,583.22825546076,1778.9813887940934,35.577627874115244,3.336155898799869,23.0,23.3,23.150000000000002
456,192,18,0.72,1189.8385333333333,583.3699607536498,1773.2084940869831,35.50013597989117,3.445972526054075,23.0,23.3,23.150000000000002
456,193,18,0.72,1189.8385333333333,583.5706924859512,1773.4092258192845,35.50013597989117,3.597163570738974,23.0,23.3,23.150000000000002
456,194,18,0.72,1189.8385333333333,583.7627934469456,1773.6013267802787,35.50013597989117,3.7374635671119947,23.0,23.3,23.150000000000002
456,195,18,0.72,1189.8385333333333,583.9729273549444,1773.8114606882775,35.50013597989117,3.886458767557321,23.0,23.3,23.150000000000002
456,196,18,0.72,1189.8385333333333,584.2061192051125,1774.0446525384457,35.50013597989117,4.046816989452314,23.0,23.3,23.150000000000002
456,197,18,0.72,1189.8385333333333,583.9122466107276,1773.750779944061,35.50013597989117,3.8438891127317696,23.0,23.3,23.150000000000002
456,198,18,0.72,1189.8385333333333,583.6188188710469,1773.4573522043802,35.50013597989117,3.632699551232685,23.0,23.3,23.150000000000002
456,199,18,0.72,1189.8385333333333,583.3509950788141,1773.1895284121474,35.50013597989117,3.4314283511678187,23.0,23.3,23.150000000000002
456,200,18,0.72,1189.8385333333333,583.0736925994379,1772.9122259327712,35.50013597989117,3.213199495430147,23.0,23.3,23.150000000000002
456,201,18,0.72,1189.8385333333333,582.965577538986,1772.8041108723194,35.50013597989117,3.1250702998809095,23.0,23.3,23.150000000000002
456,202,18,0.73,1195.7531333333334,582.8494776630336,1778.602610996367,35.577627874115244,3.0283382758648383,23.0,23.3,23.150000000000002
456,203,18,0.74,1201.6677333333337,582.7594870293675,1784.427220362701,35.654836895118265,2.9517694704591912,23.0,23.3,23.150000000000002
456,204,18,0.78,1225.3261333333332,582.659257746379,1807.9853910797121,35.9608836985761,2.864744150985802,23.0,23.3,23.150000000000002
456,205,18,0.8200000000000001,1248.9845333333333,582.4735560817487,1831.4580894150818,36.26256002282945,2.6982167362000324,23.0,23.3,23.150000000000002
456,206,18,0.8400000000000001,1260.8137333333334,582.2805289215854,1843.094262254919,36.411796713219594,2.516945889165528,23.0,23.3,23.150000000000002
456,207,18,0.87,1278.5575333333331,582.0885736963618,1860.646107029695,36.633690727532645,2.327091003590025,23.0,23.3,23.150000000000002
456,208,18,0.87,1278.5575333333331,581.931061705303,1860.488595038636,36.633690727532645,2.162953487223678,23.0,23.3,23.150000000000002
456,209,18,0.87,1278.5575333333331,581.8824251036729,1860.439958437006,36.633690727532645,2.1105502232583055,23.0,23.3,23.150000000000002
456,210,18,0.87,1278.5575333333331,581.8080219360302,1860.3655552693633,36.633690727532645,2.028658423654401,23.0,23.3,23.150000000000002
456,211,18,0.86,1272.6429333333335,581.790158286603,1854.4330916199365,36.55998515351496,2.008670038193501,23.0,23.3,23.150000000000002
456,212,18,0.86,1272.6429333333335,581.7566353373377,1854.3995686706714,36.55998515351496,1.9708022140473058,23.0,23.3,23.150000000000002
456,213,18,0.8400000000000001,1260.8137333333334,581.8013244324286,1842.6150577657618,36.411796713219594,2.0211795736223492,23.0,23.3,23.150000000000002
456,214,18,0.8300000000000001,1254.8991333333333,581.8543895894882,1836.7535229228213,36.33731029748134,2.0799447527540535,23.0,23.3,23.150000000000002
456,215,18,0.8200000000000001,1248.9845333333333,581.8752855120439,1830.859818845377,36.26256002282945,2.1027843733740057,23.0,23.3,23.150000000000002
456,216,18,0.78,1225.3261333333332,581.9038758451042,1807.2300091784373,35.9608836985761,2.1337685511519147,23.0,23.3,23.150000000000002
456,217,18,0.74,1201.6677333333337,582.0051149371756,1783.6728482705091,35.654836895118265,2.241140238392086,23.0,23.3,23.150000000000002
456,218,18,0.72,1189.8385333333333,582.0933962572717,1771.931929590605,35.50013597989117,2.331990926546885,23.0,23.3,23.150000000000002
456,219,18,0.6900000000000001,1172.0947333333334,571.725268700455,1743.8200020337883,35.26594288373381,2.415849104279065,23.0,23.3,23.150000000000002
456,220,18,0.67,1160.2655333333335,556.6470897322787,1716.9126230656123,35.108362442364296,2.5142466137319825,23.0,23.3,23.150000000000002
456,221,18,0.67,1160.2655333333335,556.1335954535684,1716.3991287869019,35.108362442364296,2.889323728764668,23.0,23.3,23.150000000000002
456,222,18,0.66,1154.3509333333327,548.2397064890595,1702.5906398223922,35.029130438921236,3.2416498693739344,23.0,23.3,23.150000000000002
456,223,18,0.66,1154.3509333333327,547.6812310102237,1702.0321643435564,35.029130438921236,3.5909982627564636,23.0,23.3,23.150000000000002
456,224,18,0.64,1142.5217333333335,532.5374463613041,1675.0591796946376,34.86977220327769,3.9584281907910976,23.0,23.3,23.150000000000002
456,225,18,0.63,1136.6071333333332,525.5400601620139,1662.1471934953472,34.78964164010465,3.858060231877435,23.0,23.3,23.150000000000002
456,226,18,0.63,1136.6071333333332,525.6911751293335,1662.298308462667,34.78964164010465,3.766425913381503,23.0,23.3,23.150000000000002
456,227,18,0.63,1136.6071333333332,525.860704351439,1662.4678376847723,34.78964164010465,3.6615509655084693,23.0,23.3,23.150000000000002
456,228,18,0.63,1136.6071333333332,526.0394887989947,1662.6466221323278,34.78964164010465,3.5484127693776424,23.0,23.3,23.150000000000002
456,229,18,0.63,1136.6071333333332,525.7041283415159,1662.3112616748492,34.78964164010465,3.758491769162063,23.0,23.3,23.150000000000002
456,230,18,0.63,1136.6071333333332,525.4032499638089,1662.0103832971422,34.78964164010465,3.9396014192091817,23.0,23.3,23.150000000000002
456,231,18,0.64,1142.5217333333335,532.1678964842662,1674.6896298175993,34.86977220327769,4.16807418389348,23.0,23.3,23.150000000000002
456,232,18,0.66,1154.3509333333327,546.1888879919591,1700.5398213252918,35.029130438921236,4.418088688465325,23.0,23.3,23.150000000000002
456,233,18,0.68,1166.1801333333333,560.9728397664645,1727.152973099798,35.18729922029,4.385898110333824,23.0,23.3,23.150000000000002
456,234,18,0.6900000000000001,1172.0947333333334,568.4399890648095,1740.5347223981428,35.26594288373381,4.3778172309636645,23.0,23.3,23.150000000000002
456,235,18,0.6900000000000001,1172.0947333333334,568.4750343272848,1740.5697676606183,35.26594288373381,4.360574144249849,23.0,23.3,23.150000000000002
456,236,18,0.6900000000000001,1172.0947333333334,568.4444852335821,1740.5392185669155,35.26594288373381,4.375607980464463,23.0,23.3,23.150000000000002
456,237,18,0.68,1166.1801333333333,561.2477075758538,1727.4278409091871,35.18729922029,4.247031864641079,23.0,23.3,23.150000000000002
456,238,18,0.68,1166.1801333333333,561.5314631365591,1727.7115964698924,35.18729922029,4.099865414794664,23.0,23.3,23.150000000000002
456,239,18,0.67,1160.2655333333335,554.3571456460041,1714.6226789793377,35.108362442364296,3.9776924130476097,23.0,23.3,23.150000000000002
456,240,18,0.67,1160.2655333333335,554.5656435059134,1714.8311768392468,35.108362442364296,3.8622339756084516,23.0,23.3,23.150000000000002
456,241,18,0.66,1154.3509333333327,546.714404315732,1701.0653376490645,35.029130438921236,4.141505932046483,23.0,23.3,23.150000000000002
456,242,18,0.64,1142.5217333333335,531.7112249749911,1674.2329583083244,34.86977220327769,4.416340273118628,23.0,23.3,23.150000000000002
456,243,18,0.63,1136.6071333333332,524.02048995566,1660.6276232889932,34.78964164010465,4.700788026607479,23.0,23.3,23.150000000000002
456,244,18,0.59,1112.9487333333334,495.50929040059333,1608.4580237339267,34.46605817543215,4.98566722389681,23.0,23.3,23.150000000000002
456,245,18,0.5700000000000001,1101.1195333333333,481.922659534548,1583.042192867881,34.30239804397979,4.96443178651817,23.0,23.3,23.150000000000002
456,246,18,0.54,1083.3757333333333,461.9346815635566,1545.31041489689,34.054520108841466,4.950767584464841,23.0,23.3,23.150000000000002
456,247,18,0.53,1077.4611333333332,455.36406048452346,1532.8251938178566,33.97124786865767,4.958504581119549,23.0,23.3,23.150000000000002
456,248,18,0.53,1077.4611333333332,455.3372153478383,1532.7983486811715,33.97124786865767,4.9743740645518555,23.0,23.3,23.150000000000002
456,249,18,0.54,1083.3757333333333,462.03218917923584,1545.4079225125693,34.054520108841466,4.893788550945172,23.0,23.3,23.150000000000002
456,250,18,0.56,1095.2049333333332,475.48356776820697,1570.6885011015402,34.22009279489012,4.801011316484661,23.0,23.3,23.150000000000002
456,251,18,0.56,1095.2049333333332,475.69294698277395,1570.8978803161071,34.22009279489012,4.6795253046905145,23.0,23.3,23.150000000000002
456,252,18,0.5700000000000001,1101.1195333333333,482.6435533480939,1583.7630866814272,34.30239804397979,4.555052943478815,23.0,23.3,23.150000000000002
456,253,18,0.5700000000000001,1101.1195333333333,482.6981504167761,1583.8176837501094,34.30239804397979,4.522866530446921,23.0,23.3,23.150000000000002
456,254,18,0.58,1107.0341333333333,489.56307032731377,1596.5972036606472,34.38438572428362,4.484396945110101,23.0,23.3,23.150000000000002
456,255,18,0.58,1107.0341333333333,489.58539527031365,1596.6195286036468,34.38438572428362,4.4713345199820385,23.0,23.3,23.150000000000002
456,256,18,0.59,1112.9487333333334,496.4660069224001,1609.4147402557335,34.46605817543215,4.458382371482793,23.0,23.3,23.150000000000002
456,257,18,0.61,1124.7779333333333,510.26759709694335,1635.0455304302766,34.628466628023496,4.5079003979544225,23.0,23.3,23.150000000000002
456,258,18,0.63,1136.6071333333332,524.2497884573148,1660.8569217906481,34.78964164010465,4.581471092351974,23.0,23.3,23.150000000000002
456,259,18,0.64,1142.5217333333335,531.3566264523547,1673.8783597856882,34.86977220327769,4.601820925624874,23.0,23.3,23.150000000000002
456,260,18,0.64,1142.5217333333335,531.2520947661395,1673.773828099473,34.86977220327769,4.655385469437173,23.0,23.3,23.150000000000002
456,261,18,0.66,1154.3509333333327,545.7056770350823,1700.056610368415,35.029130438921236,4.660948299973237,23.0,23.3,23.150000000000002
456,262,18,0.67,1160.2655333333335,553.1182807721036,1713.383814105437,35.108362442364296,4.616626323438136,23.0,23.3,23.150000000000002
456,263,18,0.67,1160.2655333333335,553.1848176099136,1713.4503509432468,35.108362442364296,4.584096829209881,23.0,23.3,23.150000000000002
456,264,18,0.67,1160.2655333333335,553.2590398981567,1713.5245732314904,35.108362442364296,4.547594544219168,23.0,23.3,23.150000000000002
456,265,18,0.66,1154.3509333333327,545.7786811087379,1700.1296144420705,35.029130438921236,4.624901113504684,23.0,23.3,23.150000000000002
456,266,18,0.64,1142.5217333333335,531.2090253105733,1673.7307586439065,34.86977220327769,4.677314578495858,23.0,23.3,23.150000000000002
456,267,18,0.64,1142.5217333333335,531.092129091311,1673.6138624246444,34.86977220327769,4.7364288879068805,23.0,23.3,23.150000000000002
456,268,18,0.63,1136.6071333333332,523.8820244635641,1660.4891577968974,34.78964164010465,4.771696226702236,23.0,23.3,23.150000000000002
456,269,18,0.62,1130.6925333333331,556.2388079986123,1686.9313413319455,34.70920718890078,5.097838895840606,23.0,23.3,23.150000000000002
456,270,18,0.61,1124.7779333333333,547.8467319737871,1672.6246653071205,34.628466628023496,5.414203843419327,23.0,23.3,23.150000000000002
456,271,18,0.58,1107.0341333333333,523.2583226037883,1630.2924559371215,34.38438572428362,5.75972845240321,23.0,23.3,23.150000000000002
456,272,18,0.54,1083.3757333333333,491.6789606015128,1575.0546939348462,34.054520108841466,6.126002277161614,23.0,23.3,23.150000000000002
456,273,18,0.51,1065.6319333333333,469.01195500806364,1534.643888341397,33.80371939502404,6.139503918192569,23.0,23.3,23.150000000000002
456,274,18,0.48,1047.8881333333334,447.10625438644064,1494.9943877197738,33.549929322676576,6.156225546091787,23.0,23.3,23.150000000000002
456,275,18,0.48,1047.8881333333334,447.1002991866904,1494.9884325200237,33.549929322676576,6.166479305576398,23.0,23.3,23.150000000000002
456,276,18,0.49,1053.8027333333334,454.29915936234414,1508.1018926956774,33.634862361846665,6.195433221215826,23.0,23.3,23.150000000000002
456,277,18,0.52,1071.5465333333332,476.38018600330787,1547.926719336641,33.88764845257759,6.32348995605272,23.0,23.3,23.150000000000002
456,278,18,0.54,1083.3757333333333,491.5055103066504,1574.8812436399837,34.054520108841466,6.461433860488919,23.0,23.3,23.150000000000002
456,279,18,0.56,1095.2049333333332,506.98377153605804,1602.1887048693911,34.22009279489012,6.607630003648223,23.0,23.3,23.150000000000002
456,280,18,0.56,1095.2049333333332,506.90103479008826,1602.1059681234212,34.22009279489012,6.759545392763667,23.0,23.3,23.150000000000002
456,281,18,0.56,1095.2049333333332,506.89427926138933,1602.0992125947223,34.22009279489012,6.7716570543533905,23.0,23.3,23.150000000000002
456,282,18,0.56,1095.2049333333332,506.88467451079987,1602.0896078441328,34.22009279489012,6.788805317260447,23.0,23.3,23.150000000000002
456,283,18,0.56,1095.2049333333332,506.88301461569154,1602.0879479490245,34.22009279489012,6.791760447842391,23.0,23.3,23.150000000000002
456,284,18,0.5700000000000001,1101.1195333333333,514.7911742436111,1615.9107075769443,34.30239804397979,6.808793922511234,23.0,23.3,23.150000000000002
456,285,18,0.58,1107.0341333333333,522.8749342754337,1629.909067608767,34.38438572428362,6.662020948546545,23.0,23.3,23.150000000000002
456,286,18,0.59,1112.9487333333334,531.0364631754841,1643.9851965088176,34.46605817543215,6.523818106538615,23.0,23.3,23.150000000000002
456,287,18,0.61,1124.7779333333333,547.5545239279401,1672.3324572612735,34.628466628023496,6.39045794554991,23.0,23.3,23.150000000000002
456,288,18,0.62,1130.6925333333331,555.9822970229906,1686.6748303563238,34.70920718890078,6.221837939192809,23.0,23.3,23.150000000000002
456,289,18,0.62,1130.6925333333331,556.0684316153457,1686.7609649486787,34.70920718890078,5.939958814482133,23.0,23.3,23.150000000000002
456,290,18,0.63,1136.6071333333332,564.5879535728851,1701.1950869062184,34.78964164010465,5.639634567528968,23.0,23.3,23.150000000000002
456,291,18,0.62,1130.6925333333331,556.197486751042,1686.890020084375,34.70920718890078,5.37520773769312,23.0,23.3,23.150000000000002
456,292,18,0.61,1124.7779333333333,547.9088327480706,1672.686766081404,34.628466628023496,5.062467295108073,23.0,23.3,23.150000000000002
456,293,18,0.59,1112.9487333333334,531.5169790659222,1644.4657123992556,34.46605817543215,5.057352748601509,23.0,23.3,23.150000000000002
456,294,18,0.5700000000000001,1101.1195333333333,515.4816253492528,1616.6011586825862,34.30239804397979,5.075656282788039,23.0,23.3,23.150000000000002
456,295,18,0.5700000000000001,1101.1195333333333,515.484493371664,1616.6040267049973,34.30239804397979,5.063815465664207,23.0,23.3,23.150000000000002
456,296,18,0.56,1095.2049333333332,507.6081799257139,1602.813113259047,34.22009279489012,5.041681070626797,23.0,23.3,23.150000000000002
456,297,18,0.54,1083.3757333333333,462.00304372618837,1545.3787770595218,34.054520108841466,4.910874770765646,23.0,23.3,23.150000000000002
456,298,18,0.54,1083.3757333333333,462.2792299014747,1545.654963234808,34.054520108841466,4.747015886064781,23.0,23.3,23.150000000000002
456,299,18,0.52,1071.5465333333332,449.4152891538842,1520.9618224872174,33.88764845257759,4.61601832931575,23.0,23.3,23.150000000000002
456,300,18,0.51,1065.6319333333333,443.2318840395844,1508.8638173729178,33.80371939502404,4.4364066725396984,23.0,23.3,23.150000000000002
456,301,18,0.47,1041.9735333333333,418.10483316088977,1460.078366494223,33.46465651422745,4.321355247403225,23.0,23.3,23.150000000000002
456,302,18,0.45999999999999996,1036.0589333333335,412.0756766048874,1448.134609938221,33.37904133639101,4.201851837856761,23.0,23.3,23.150000000000002
456,303,18,0.45999999999999996,1036.0589333333335,412.2401812735424,1448.299114606876,33.37904133639101,4.073446369939989,23.0,23.3,23.150000000000002
456,304,18,0.48,1047.8881333333334,424.8327563842084,1472.7208897175417,33.549929322676576,3.9558555318464763,23.0,23.3,23.150000000000002
456,305,18,0.51,1065.6319333333333,443.912540465811,1509.5444737991443,33.80371939502404,3.959446872337027,23.0,23.3,23.150000000000002
456,306,18,0.53,1077.4611333333332,456.9143688748709,1534.3755022082044,33.97124786865767,3.9605547754413415,23.0,23.3,23.150000000000002
456,307,18,0.54,1083.3757333333333,463.49859756908916,1546.8743309024226,34.054520108841466,3.962140661874486,23.0,23.3,23.150000000000002
456,308,18,0.56,1095.2049333333332,476.81134563399945,1572.0162789673325,34.22009279489012,3.9828476280443272,23.0,23.3,23.150000000000002
456,309,18,0.5700000000000001,1101.1195333333333,483.79892586173514,1584.9184591950684,34.30239804397979,3.8302400930098437,23.0,23.3,23.150000000000002
456,310,18,0.5700000000000001,1101.1195333333333,483.9984788846765,1585.1180122180097,34.30239804397979,3.694141549340352,23.0,23.3,23.150000000000002
456,311,18,0.5700000000000001,1101.1195333333333,484.2154478977952,1585.3349812311283,34.30239804397979,3.5416828622561214,23.0,23.3,23.150000000000002
456,312,18,0.58,1107.0341333333333,491.27460326523595,1598.308736598569,34.38438572428362,3.375739614655279,23.0,23.3,23.150000000000002
456,313,18,0.58,1107.0341333333333,491.37175604430405,1598.4058893776373,34.38438572428362,3.3045366271129377,23.0,23.3,23.150000000000002
456,314,18,0.59,1112.9487333333334,498.36922576771406,1611.3179591010473,34.46605817543215,3.2263742687969654,23.0,23.3,23.150000000000002
456,315,18,0.59,1112.9487333333334,498.45556256272755,1611.404295896061,34.46605817543215,3.1621272351897503,23.0,23.3,23.150000000000002
456,316,18,0.61,1124.7779333333333,512.4787732064706,1637.2567065398039,34.628466628023496,3.118706530480025,23.0,23.3,23.150000000000002
456,317,18,0.62,1130.6925333333331,519.706380015435,1650.3989133487682,34.70920718890078,3.0046442398222455,23.0,23.3,23.150000000000002
456,318,18,0.62,1130.6925333333331,519.899728990515,1650.5922623238482,34.70920718890078,2.8593974503644533,23.0,23.3,23.150000000000002
456,319,18,0.62,1130.6925333333331,520.0468780164977,1650.739411349831,34.70920718890078,2.7451696663210137,23.0,23.3,23.150000000000002
456,320,18,0.61,1124.7779333333333,513.111690871784,1637.8896242051173,34.628466628023496,2.627523808819514,23.0,23.3,23.150000000000002
456,321,18,0.58,1107.0341333333333,492.26993980365137,1599.3040731369847,34.38438572428362,2.581604422499755,23.0,23.3,23.150000000000002
456,322,18,0.5700000000000001,1101.1195333333333,485.50796447704386,1586.627497810377,34.30239804397979,2.502497958065081,23.0,23.3,23.150000000000002
456,323,18,0.56,1095.2049333333332,478.73374418585627,1573.9386775191895,34.22009279489012,2.485352578309629,23.0,23.3,23.150000000000002
456,324,18,0.54,1083.3757333333333,465.36769721888044,1548.743430552214,34.054520108841466,2.439597553629734,23.0,23.3,23.150000000000002
456,325,18,0.54,1083.3757333333333,465.47821654615177,1548.853949879485,34.054520108841466,2.328377983242133,23.0,23.3,23.150000000000002
456,326,18,0.53,1077.4611333333332,458.9416117467729,1536.4027450801061,33.97124786865767,2.2369612415514055,23.0,23.3,23.150000000000002
456,327,18,0.53,1077.4611333333332,459.0157902177957,1536.476923551129,33.97124786865767,2.156524606113373,23.0,23.3,23.150000000000002
456,328,18,0.52,1071.5465333333332,452.53921817464504,1524.085751507978,33.88764845257759,2.0513223116214427,23.0,23.3,23.150000000000002
456,329,18,0.49,1053.8027333333334,433.23956254246013,1487.0422958757936,33.634862361846665,1.9613604797712962,23.0,23.3,23.150000000000002
456,330,18,0.49,1053.8027333333334,433.3214719455627,1487.124205278896,33.634862361846665,1.8561718781144765,23.0,23.3,23.150000000000002
456,331,18,0.48,1047.8881333333334,427.0465820983418,1474.9347154316752,33.549929322676576,1.757525925956462,23.0,23.3,23.150000000000002
456,332,18,0.49,1053.8027333333334,433.4594276165836,1487.262160949917,33.634862361846665,1.6697895542623518,23.0,23.3,23.150000000000002
456,333,18,0.49,1053.8027333333334,433.41084181652246,1487.2135751498558,33.634862361846665,1.7368597026629207,23.0,23.3,23.150000000000002
456,334,18,0.51,1065.6319333333333,446.2310190179131,1511.8629523512466,33.80371939502404,1.7984537975663948,23.0,23.3,23.150000000000002
456,335,18,0.52,1071.5465333333332,452.6953159013326,1524.2418492346658,33.88764845257759,1.8651475573429264,23.0,23.3,23.150000000000002
456,336,18,0.53,1077.4611333333332,459.2333097785712,1536.6944431119043,33.97124786865767,1.9080626575482218,23.0,23.3,23.150000000000002
456,337,18,0.56,1095.2049333333332,479.3603123469544,1574.5652456802875,34.22009279489012,1.8354605987754595,23.0,23.3,23.150000000000002
456,338,18,0.5700000000000001,1101.1195333333333,486.2002233763074,1587.3197567096406,34.30239804397979,1.7949349084970998,23.0,23.3,23.150000000000002
456,339,18,0.5700000000000001,1101.1195333333333,486.2356988852608,1587.355232218594,34.30239804397979,1.7538623668490125,23.0,23.3,23.150000000000002
456,340,18,0.5700000000000001,1101.1195333333333,486.28832231089854,1587.4078556442316,34.30239804397979,1.6917980808929267,23.0,23.3,23.150000000000002
456,341,18,0.5700000000000001,1101.1195333333333,486.30961387413305,1587.4291472074663,34.30239804397979,1.666281688784075,23.0,23.3,23.150000000000002
456,342,18,0.5700000000000001,1101.1195333333333,486.3352797540839,1587.454813087417,34.30239804397979,1.6351988632648706,23.0,23.3,23.150000000000002
456,343,18,0.5700000000000001,1101.1195333333333,486.3691767888884,1587.4887101222216,34.30239804397979,1.5935841954916252,23.0,23.3,23.150000000000002
456,344,18,0.58,1107.0341333333333,493.2633298500746,1600.297463183408,34.38438572428362,1.5595239461890913,23.0,23.3,23.150000000000002
456,345,18,0.59,1112.9487333333334,500.4494156644365,1613.39814899777,34.46605817543215,1.222203762163198,23.0,23.3,23.150000000000002
456,346,18,0.61,1124.7779333333333,514.7283152899079,1639.5062486232412,34.628466628023496,0.869012213844912,23.0,23.3,23.150000000000002
456,347,18,0.61,1124.7779333333333,514.9202373057543,1639.6981706390877,34.628466628023496,0.5337234250630526,23.0,23.3,23.150000000000002
456,348,18,0.62,1130.6925333333331,522.1880277349561,1652.8805610682891,34.70920718890078,0.20818313595450574,23.0,23.3,23.150000000000002
456,349,18,0.62,1130.6925333333331,522.2006821664728,1652.893215499806,34.70920718890078,0.17731209252109142,23.0,23.3,23.150000000000002
456,350,18,0.62,1130.6925333333331,522.2189110848916,1652.9114444182248,34.70920718890078,0.13137792072275833,23.0,23.3,23.150000000000002
456,351,18,0.61,1124.7779333333333,515.1087788658065,1639.8867121991398,34.628466628023496,0.11095356992090102,23.0,23.3,23.150000000000002
456,352,18,0.61,1124.7779333333333,515.12151741709,1639.8994507504233,34.628466628023496,0.07648700142090378,23.0,23.3,23.150000000000002
456,353,18,0.61,1124.7779333333333,515.115463790767,1639.8933971241001,34.628466628023496,0.09300031939312892,23.0,23.3,23.150000000000002
456,354,18,0.59,1112.9487333333334,501.05049526353827,1613.9992285968717,34.46605817543215,0.11108464352976691,23.0,23.3,23.150000000000002
456,355,18,0.58,1107.0341333333333,494.10733278611997,1601.1414661194533,34.38438572428362,0.11794874942523138,23.0,23.3,23.150000000000002
456,356,18,0.5700000000000001,1101.1195333333333,487.22225764860474,1588.341790981938,34.30239804397979,0.12650514264067877,23.0,23.3,23.150000000000002
456,357,18,0.56,1095.2049333333332,480.3890254631382,1575.5939587964713,34.22009279489012,0.15379428535841175,23.0,23.3,23.150000000000002
456,358,18,0.54,1083.3757333333333,466.9068388563304,1550.2825721896638,34.054520108841466,0.18090455998175814,23.0,23.3,23.150000000000002
456,359,18,0.54,1083.3757333333333,466.899540567745,1550.2752739010784,34.054520108841466,0.20152362810154825,23.0,23.3,23.150000000000002
456,360,18,0.54,1083.3757333333333,466.88485513782877,1550.2605884711622,34.054520108841466,0.24198605795888045,23.0,23.3,23.150000000000002
456,361,18,0.56,1095.2049333333332,480.2733086006373,1575.4782419339704,34.22009279489012,0.4430553663685904,23.0,23.3,23.150000000000002
456,362,18,0.56,1095.2049333333332,480.1796427784166,1575.3845761117498,34.22009279489012,0.6405607122931816,23.0,23.3,23.150000000000002
456,363,18,0.56,1095.2049333333332,480.0810074337579,1575.285940767091,34.22009279489012,0.8257876483505494,23.0,23.3,23.150000000000002
456,364,18,0.56,1095.2049333333332,479.973721217416,1575.1786545507491,34.22009279489012,1.0081239375917983,23.0,23.3,23.150000000000002
456,365,18,0.5700000000000001,1101.1195333333333,486.34774407188763,1587.4672774052208,34.30239804397979,1.6199725583822822,23.0,23.3,23.150000000000002
456,366,18,0.5700000000000001,1101.1195333333333,485.79423001572707,1586.9137633490602,34.30239804397979,2.228463860390147,23.0,23.3,23.150000000000002
456,367,18,0.5700000000000001,1101.1195333333333,485.1398245719313,1586.2593579052646,34.30239804397979,2.8266607412093414,23.0,23.3,23.150000000000002
456,368,18,0.56,1095.2049333333332,477.6007045903167,1572.8056379236498,34.22009279489012,3.4281122693797785,23.0,23.3,23.150000000000002
456,369,18,0.56,1095.2049333333332,477.2515707480272,1572.4565040813602,34.22009279489012,3.681341454847049,23.0,23.3,23.150000000000002
456,370,18,0.56,1095.2049333333332,476.88014599518425,1572.0850793285174,34.22009279489012,3.9369026851410482,23.0,23.3,23.150000000000002
456,371,18,0.56,1095.2049333333332,476.4753276447623,1571.6802609780955,34.22009279489012,4.201605446309897,23.0,23.3,23.150000000000002
456,372,18,0.54,1083.3757333333333,462.7637401699698,1546.1394735033032,34.054520108841466,4.448191999598663,23.0,23.3,23.150000000000002
456,373,18,0.54,1083.3757333333333,462.4087996295896,1545.7845329629229,34.054520108841466,4.668583250130594,23.0,23.3,23.150000000000002
456,374,18,0.54,1083.3757333333333,462.06733368623986,1545.4430670195732,34.054520108841466,4.873122325376976,23.0,23.3,23.150000000000002
456,375,18,0.56,1095.2049333333332,507.59451379369216,1602.7994471270254,34.22009279489012,5.093543956227187,23.0,23.3,23.150000000000002
456,376,18,0.56,1095.2049333333332,507.5285964630235,1602.7335297963566,34.22009279489012,5.3213201399663905,23.0,23.3,23.150000000000002
456,377,18,0.5700000000000001,1101.1195333333333,515.2630608927102,1616.3825942260432,34.30239804397979,5.783857110139398,23.0,23.3,23.150000000000002
456,378,18,0.58,1107.0341333333333,523.0648930849296,1630.0990264182628,34.38438572428362,6.255460366049529,23.0,23.3,23.150000000000002
456,379,18,0.58,1107.0341333333333,522.8492660056185,1629.883399338952,34.38438572428362,6.712848369483492,23.0,23.3,23.150000000000002
456,380,18,0.5700000000000001,1101.1195333333333,514.57607161539,1615.6956049487233,34.30239804397979,7.183113209190456,23.0,23.3,23.150000000000002
456,381,18,0.5700000000000001,1101.1195333333333,514.6597901721726,1615.779323505506,34.30239804397979,7.041890995274055,23.0,23.3,23.150000000000002
456,382,18,0.56,1095.2049333333332,506.85009529606725,1602.0550286294003,34.22009279489012,6.8498661479066465,23.0,23.3,23.150000000000002
456,383,18,0.54,1083.3757333333333,491.3731068280144,1574.7488401613477,34.054520108841466,6.696383925674735,23.0,23.3,23.150000000000002
456,384,18,0.54,1083.3757333333333,491.43587609612393,1574.8116094294573,34.054520108841466,6.586954697380859,23.0,23.3,23.150000000000002
456,385,18,0.53,1077.4611333333332,483.5225511903698,1560.983684523703,33.97124786865767,7.019680579663666,23.0,23.3,23.150000000000002
456,386,18,0.53,1077.4611333333332,483.2369498632286,1560.6980831965618,33.97124786865767,7.439663500356584,23.0,23.3,23.150000000000002
456,387,18,0.53,1077.4611333333332,482.90724906145044,1560.3683823947836,33.97124786865767,7.883570126288355,23.0,23.3,23.150000000000002
456,388,18,0.54,1083.3757333333333,490.2184278878816,1573.594161221215,34.054520108841466,8.335034121692006,23.0,23.3,23.150000000000002
456,389,18,0.56,1095.2049333333332,505.84129437555816,1601.0462277088914,34.22009279489012,8.330310437898062,23.0,23.3,23.150000000000002
456,390,18,0.56,1095.2049333333332,505.86110836631775,1601.066041699651,34.22009279489012,8.305011518835844,23.0,23.3,23.150000000000002
456,391,18,0.5700000000000001,1101.1195333333333,513.7936644436825,1614.9131977770155,34.30239804397979,8.32276630458863,23.0,23.3,23.150000000000002
456,392,18,0.5700000000000001,1101.1195333333333,513.7899200649161,1614.9094533982493,34.30239804397979,8.327657837954424,23.0,23.3,23.150000000000002
456,393,18,0.5700000000000001,1101.1195333333333,513.8878213445904,1615.0073546779238,34.30239804397979,8.198385147519701,23.0,23.3,23.150000000000002
456,394,18,0.5700000000000001,1101.1195333333333,513.9766824223099,1615.096215755643,34.30239804397979,8.07842740454042,23.0,23.3,23.150000000000002
456,395,18,0.5700000000000001,1101.1195333333333,514.0642099112289,1615.183743244562,34.30239804397979,7.957612591626257,23.0,23.3,23.150000000000002
456,396,18,0.5700000000000001,1101.1195333333333,514.1558624540786,1615.2753957874118,34.30239804397979,7.8280172206581815,23.0,23.3,23.150000000000002
456,397,18,0.5700000000000001,1101.1195333333333,514.1432698219836,1615.262803155317,34.30239804397979,7.846020968486944,23.0,23.3,23.150000000000002
456,398,18,0.5700000000000001,1101.1195333333333,514.1353513395953,1615.2548846729287,34.30239804397979,7.857308965302077,23.0,23.3,23.150000000000002
456,399,18,0.5700000000000001,1101.1195333333333,514.1456773861356,1615.2652107194688,34.30239804397979,7.842583877190047,23.0,23.3,23.150000000000002
456,400,18,0.5700000000000001,1101.1195333333333,514.1620388661163,1615.2815721994493,34.30239804397979,7.81916292767874,23.0,23.3,23.150000000000002
456,401,18,0.56,1095.2049333333332,506.2201029691127,1601.4250363024457,34.22009279489012,7.82603064442579,23.0,23.3,23.150000000000002
456,402,18,0.56,1095.2049333333332,506.21526172830477,1601.4201950616377,34.22009279489012,7.8327810962320354,23.0,23.3,23.150000000000002
456,403,18,0.54,1083.3757333333333,490.6141440984607,1573.989877431794,34.054520108841466,7.831359502458902,23.0,23.3,23.150000000000002
456,404,18,0.54,1083.3757333333333,490.62090641421446,1573.996639747548,34.054520108841466,7.82235247554137,23.0,23.3,23.150000000000002
456,405,18,0.54,1083.3757333333333,490.74848690144034,1574.124220234774,34.054520108841466,7.64948655706123,23.0,23.3,23.150000000000002
456,406,18,0.54,1083.3757333333333,490.85067252690027,1574.2264058602336,34.054520108841466,7.506688533761034,23.0,23.3,23.150000000000002
456,407,18,0.53,1077.4611333333332,483.3039183005214,1560.7650516338547,33.97124786865767,7.344551562244676,23.0,23.3,23.150000000000002
456,408,18,0.52,1071.5465333333332,475.84727580289234,1547.3938091362256,33.88764845257759,7.180609074032562,23.0,23.3,23.150000000000002
456,409,18,0.51,1065.6319333333333,468.5536377594796,1534.185571092813,33.80371939502404,6.90354319528562,23.0,23.3,23.150000000000002
456,410,18,0.49,1053.8027333333334,454.02819072330834,1507.8309240566418,33.634862361846665,6.640062113217955,23.0,23.3,23.150000000000002
456,411,18,0.49,1053.8027333333334,454.2060842454294,1508.0088175787628,33.634862361846665,6.353994355705132,23.0,23.3,23.150000000000002
456,412,18,0.49,1053.8027333333334,454.34748783762893,1508.1502211709624,33.634862361846665,6.110288077239492,23.0,23.3,23.150000000000002
456,413,18,0.51,1065.6319333333333,469.08147376283785,1534.7134070961713,33.80371939502404,6.007870613942969,23.0,23.3,23.150000000000002
456,414,18,0.52,1071.5465333333332,476.597621479485,1548.1441548128182,33.88764845257759,5.905265864407986,23.0,23.3,23.150000000000002
456,415,18,0.53,1077.4611333333332,484.1869991928675,1561.6481325262007,33.97124786865767,5.8187922676849295,23.0,23.3,23.150000000000002
456,416,18,0.54,1083.3757333333333,491.8688440249817,1575.2445773583152,34.054520108841466,5.707555877261837,23.0,23.3,23.150000000000002
456,417,18,0.56,1095.2049333333332,507.4184816803971,1602.6234150137302,34.22009279489012,5.645498150897208,23.0,23.3,23.150000000000002
456,418,18,0.5700000000000001,1101.1195333333333,515.334435859684,1616.4539691930174,34.30239804397979,5.58262920700147,23.0,23.3,23.150000000000002
456,419,18,0.58,1107.0341333333333,523.3458631301693,1630.3799964635025,34.38438572428362,5.48793881163717,23.0,23.3,23.150000000000002
456,420,18,0.59,1112.9487333333334,531.4354240699392,1644.3841574032726,34.46605817543215,5.416382689040191,23.0,23.3,23.150000000000002
456,421,18,0.61,1124.7779333333333,547.8322111714202,1672.6101445047536,34.628466628023496,5.4813065708646835,23.0,23.3,23.150000000000002
456,422,18,0.61,1124.7779333333333,547.8128741705154,1672.5908075038487,34.628466628023496,5.565183742750724,23.0,23.3,23.150000000000002
456,423,18,0.62,1130.6925333333331,556.1525524034472,1686.8450857367804,34.70920718890078,5.603060690406634,23.0,23.3,23.150000000000002
456,424,18,0.62,1130.6925333333331,556.1342698491242,1686.8268031824573,34.70920718890078,5.683907629775462,23.0,23.3,23.150000000000002
456,425,18,0.62,1130.6925333333331,556.1462565543424,1686.8387898876756,34.70920718890078,5.6315141338220895,23.0,23.3,23.150000000000002
456,426,18,0.61,1124.7779333333333,547.8056810249637,1672.5836143582972,34.628466628023496,5.595014630692228,23.0,23.3,23.150000000000002
456,427,18,0.59,1112.9487333333334,531.3924115511292,1644.3411448844624,34.46605817543215,5.572622989727145,23.0,23.3,23.150000000000002
456,428,18,0.5700000000000001,1101.1195333333333,515.3485101490031,1616.4680434823363,34.30239804397979,5.540346288953115,23.0,23.3,23.150000000000002
456,429,18,0.54,1083.3757333333333,491.9329222324428,1575.3086555657762,34.054520108841466,5.548944528300467,23.0,23.3,23.150000000000002
456,430,18,0.52,1071.5465333333332,476.75884740314274,1548.305380736476,33.88764845257759,5.5510378320230975,23.0,23.3,23.150000000000002
456,431,18,0.51,1065.6319333333333,469.3002595712342,1534.9321929045675,33.80371939502404,5.551253135759568,23.0,23.3,23.150000000000002
456,432,18,0.49,1053.8027333333334,454.6253994474847,1508.428132780818,33.634862361846665,5.572713824609742,23.0,23.3,23.150000000000002
456,433,18,0.48,1047.8881333333334,447.4277140532684,1495.3158473866017,33.549929322676576,5.551111798415971,23.0,23.3,23.150000000000002
456,434,18,0.47,1041.9735333333333,440.30855102297375,1482.2820843563068,33.46465651422745,5.537450469635941,23.0,23.3,23.150000000000002
456,435,18,0.45999999999999996,1036.0589333333335,433.26924886209224,1469.328182195426,33.37904133639101,5.526970387313191,23.0,23.3,23.150000000000002
456,436,18,0.44,1024.2297333333333,419.42208888029137,1443.6518222136249,33.20677333177181,5.524405607763754,23.0,23.3,23.150000000000002
456,437,18,0.43,1018.3151333333333,412.59988863874554,1430.9150219720789,33.12011516328765,5.555745717595282,23.0,23.3,23.150000000000002
456,438,18,0.42000000000000004,1012.4005333333336,405.86674884162926,1418.2672821749627,33.03310394124402,5.565784740561847,23.0,23.3,23.150000000000002
456,439,18,0.41000000000000003,1006.4859333333332,399.23448534189754,1405.7204186752306,32.94573692173971,5.532664150429167,23.0,23.3,23.150000000000002
456,440,18,0.42000000000000004,1012.4005333333336,405.8754988140913,1418.2760321474248,33.03310394124402,5.549628212297239,23.0,23.3,23.150000000000002
456,441,18,0.42000000000000004,1012.4005333333336,405.8763806055207,1418.2769139388542,33.03310394124402,5.5479958600273545,23.0,23.3,23.150000000000002
456,442,18,0.43,1018.3151333333333,412.61727626917514,1430.9324096025084,33.12011516328765,5.5229974623335405,23.0,23.3,23.150000000000002
456,443,18,0.44,1024.2297333333333,419.4199560007731,1443.6496893341064,33.20677333177181,5.528504726569747,23.0,23.3,23.150000000000002
456,444,18,0.45999999999999996,1036.0589333333335,433.27737560193884,1469.3363089352724,33.37904133639101,5.5106991413320285,23.0,23.3,23.150000000000002
456,445,18,0.47,1041.9735333333333,440.32451525061407,1482.2980485839473,33.46465651422745,5.504785853859758,23.0,23.3,23.150000000000002
456,446,18,0.48,1047.8881333333334,447.4415744075179,1495.3297077408513,33.549929322676576,5.522196604447155,23.0,23.3,23.150000000000002
456,447,18,0.49,1053.8027333333334,454.638057542454,1508.4407908757873,33.634862361846665,5.545798612342944,23.0,23.3,23.150000000000002
456,448,18,0.51,1065.6319333333333,469.3114572880923,1534.9433906214256,33.80371939502404,5.525706756582712,23.0,23.3,23.150000000000002
456,449,18,0.53,1077.4611333333332,484.3035595992444,1561.7646929325779,33.97124786865767,5.548423108120329,23.0,23.3,23.150000000000002
456,450,18,0.54,1083.3757333333333,491.9349169906998,1575.310650324033,34.054520108841466,5.543824974598879,23.0,23.3,23.150000000000002
456,451,18,0.54,1083.3757333333333,491.9302414477572,1575.3059747810905,34.054520108841466,5.5558061886608465,23.0,23.3,23.150000000000002
456,452,18,0.54,1083.3757333333333,491.9343269701435,1575.3100603034768,34.054520108841466,5.545340499266286,23.0,23.3,23.150000000000002
456,453,18,0.54,1083.3757333333333,491.811060836628,1575.1867941699616,34.054520108841466,5.842094055109429,23.0,23.3,23.150000000000002
456,454,18,0.53,1077.4611333333332,484.0428591788662,1561.5039925121996,33.97124786865767,6.119213348457648,23.0,23.3,23.150000000000002
456,455,18,0.52,1071.5465333333332,476.3433855318894,1547.8899188652226,33.88764845257759,6.3892630866495015,23.0,23.3,23.150000000000002
456,456,18,0.51,1065.6319333333333,468.71020556179366,1534.342138895127,33.80371939502404,6.659159836482625,23.0,23.3,23.150000000000002
456,457,18,0.49,1053.8027333333334,454.0191477984259,1507.8218811317593,33.634862361846665,6.654080595902798,23.0,23.3,23.150000000000002
456,458,18,0.48,1047.8881333333334,446.79788955784176,1494.6860228911753,33.549929322676576,6.654457089162705,23.0,23.3,23.150000000000002
456,459,18,0.47,1041.9735333333333,439.65176409477925,1481.6252974281124,33.46465651422745,6.6665542687203265,23.0,23.3,23.150000000000002
456,460,18,0.47,1041.9735333333333,439.6495996631819,1481.623132996515,33.46465651422745,6.669786851959765,23.0,23.3,23.150000000000002
456,461,18,0.47,1041.9735333333333,439.6789478379794,1481.6524811713125,33.46465651422745,6.625753255040748,23.0,23.3,23.150000000000002
456,462,18,0.47,1041.9735333333333,439.68727308661147,1481.6608064199447,33.46465651422745,6.613181649821021,23.0,23.3,23.150000000000002
456,463,18,0.45999999999999996,1036.0589333333335,432.6267904656257,1468.6857237989593,33.37904133639101,6.620622779539553,23.0,23.3,23.150000000000002
456,464,18,0.43,1018.3151333333333,411.9466084627037,1430.2617417960369,33.12011516328765,6.618259563961964,23.0,23.3,23.150000000000002
456,465,18,0.41000000000000003,1006.4859333333332,398.46747193363404,1404.9534052669671,32.94573692173971,6.740799346037896,23.0,23.3,23.150000000000002
456,466,18,0.39,994.6567333333334,385.29260981350916,1379.9493431468425,32.7699243646715,6.865346251608815,23.0,23.3,23.150000000000002
456,467,18,0.39,994.6567333333334,385.21768464523973,1379.874417978573,32.7699243646715,6.964722089039762,23.0,23.3,23.150000000000002
456,468,18,0.39,994.6567333333334,385.1133610466781,1379.7700943800116,32.7699243646715,7.100235574168663,23.0,23.3,23.150000000000002
456,469,18,0.41000000000000003,1006.4859333333332,398.2026765334089,1404.6886098667421,32.94573692173971,7.095168332574994,23.0,23.3,23.150000000000002
456,470,18,0.42000000000000004,1012.4005333333336,404.8525762092222,1417.2531095425556,33.03310394124402,7.107026553647239,23.0,23.3,23.150000000000002
456,471,18,0.43,1018.3151333333333,411.57253518476057,1429.887668518094,33.12011516328765,7.130145308484948,23.0,23.3,23.150000000000002
456,472,18,0.43,1018.3151333333333,411.55853164052064,1429.8736649738541,33.12011516328765,7.1483746455012085,23.0,23.3,23.150000000000002
456,473,18,0.44,1024.2297333333333,418.3489783129452,1442.5787116462784,33.20677333177181,7.183404667059541,23.0,23.3,23.150000000000002
456,474,18,0.44,1024.2297333333333,418.3561604506049,1442.5858937839384,33.20677333177181,7.174049414185909,23.0,23.3,23.150000000000002
456,475,18,0.44,1024.2297333333333,418.35309735619353,1442.582830689527,33.20677333177181,7.1780412663094095,23.0,23.3,23.150000000000002
456,476,18,0.45999999999999996,1036.0589333333335,432.22469340021837,1468.283626733552,33.37904133639101,7.184404371487488,23.0,23.3,23.150000000000002
456,477,18,0.45999999999999996,1036.0589333333335,432.21582469339427,1468.274758026728,33.37904133639101,7.196153254030194,23.0,23.3,23.150000000000002
456,478,18,0.45999999999999996,1036.0589333333335,432.20723552031717,1468.2661688536505,33.37904133639101,7.207507129781449,23.0,23.3,23.150000000000002
456,479,18,0.45999999999999996,1036.0589333333335,432.2137639028511,1468.2726972361847,33.37904133639101,7.198879584963668,23.0,23.3,23.150000000000002
456,480,18,0.45999999999999996,1036.0589333333335,432.21799251315963,1468.2769258464934,33.37904133639101,7.19328381892097,23.0,23.3,23.150000000000002
456,481,18,0.44,1024.2297333333333,418.21524829849244,1442.4449816318256,33.20677333177181,7.354790647963923,23.0,23.3,23.150000000000002
456,482,18,0.43,1018.3151333333333,411.26222271490064,1429.5773560482337,33.12011516328765,7.521060282241188,23.0,23.3,23.150000000000002
456,483,18,0.41000000000000003,1006.4859333333332,397.74965914718115,1404.2355924805142,32.94573692173971,7.654856352390679,23.0,23.3,23.150000000000002
456,484,18,0.39,994.6567333333334,384.531682809843,1379.1884161431765,32.7699243646715,7.805088500915794,23.0,23.3,23.150000000000002
456,485,18,0.37,982.8275333333335,371.8639710786382,1354.6915044119717,32.59265493485955,7.6726718134168115,23.0,23.3,23.150000000000002
456,486,18,0.36,976.9129333333336,365.70822826998517,1342.6211616033188,32.50346670753479,7.528528187856771,23.0,23.3,23.150000000000002
456,487,18,0.36,976.9129333333336,365.8367259512693,1342.7496592846028,32.50346670753479,7.373355039883645,23.0,23.3,23.150000000000002
456,488,18,0.36,976.9129333333336,365.9775692562394,1342.8905025895729,32.50346670753479,7.198869518490237,23.0,23.3,23.150000000000002
456,489,18,0.36,976.9129333333336,366.0204078048224,1342.9333411381558,32.50346670753479,7.144818593170123,23.0,23.3,23.150000000000002
456,490,18,0.37,982.8275333333335,372.34311113822025,1355.1706444715537,32.59265493485955,7.0873919673120165,23.0,23.3,23.150000000000002
456,491,18,0.37,982.8275333333335,372.3738195880971,1355.2013529214305,32.59265493485955,7.047935368512383,23.0,23.3,23.150000000000002
456,492,18,0.36,976.9129333333336,366.1335556396734,1343.0464889730072,32.50346670753479,6.9996988285246005,23.0,23.3,23.150000000000002
456,493,18,0.36,976.9129333333336,366.10615272087153,1343.0190860542052,32.50346670753479,7.035168648001601,23.0,23.3,23.150000000000002
456,494,18,0.36,976.9129333333336,366.054621893506,1342.9675552268395,32.50346670753479,7.101304108516707,23.0,23.3,23.150000000000002
456,495,18,0.37,982.8275333333335,372.29013993953856,1355.117673272872,32.59265493485955,7.154846673425845,23.0,23.3,23.150000000000002
456,496,18,0.39,994.6567333333334,384.9931128104285,1379.6498461437618,32.7699243646715,7.252620528075129,23.0,23.3,23.150000000000002
456,497,18,0.42000000000000004,1012.4005333333336,404.7354747505468,1417.1360080838804,33.03310394124402,7.257300868120698,23.0,23.3,23.150000000000002
456,498,18,0.43,1018.3151333333333,411.493487417069,1429.8086207504023,33.12011516328765,7.232273527074115,23.0,23.3,23.150000000000002
456,499,18,0.45999999999999996,1036.0589333333335,432.1766300041267,1468.2355633374605,33.37904133639101,7.247769202920396,23.0,23.3,23.150000000000002
456,500,18,0.45999999999999996,1036.0589333333335,432.1791996085475,1468.2381329418808,33.37904133639101,7.244400422233955,23.0,23.3,23.150000000000002
456,501,18,0.45999999999999996,1036.0589333333335,432.16219833679463,1468.2211316701282,33.37904133639101,7.266650357291869,23.0,23.3,23.150000000000002
456,502,18,0.45999999999999996,1036.0589333333335,432.16418971270497,1468.2231230460386,33.37904133639101,7.264048925636711,23.0,23.3,23.150000000000002
456,503,18,0.45999999999999996,1036.0589333333335,432.16038833853344,1468.219321671867,33.37904133639101,7.269013764494447,23.0,23.3,23.150000000000002
456,504,18,0.45999999999999996,1036.0589333333335,432.1748436908417,1468.2337770241754,33.37904133639101,7.2501098410969735,23.0,23.3,23.150000000000002
456,505,18,0.44,1024.2297333333333,418.280006893273,1442.5097402266065,33.20677333177181,7.2724489547367135,23.0,23.3,23.150000000000002
456,506,18,0.43,1018.3151333333333,411.4530117220374,1429.7681450553707,33.12011516328765,7.283859762348125,23.0,23.3,23.150000000000002
456,507,18,0.42000000000000004,1012.4005333333336,404.71431715389804,1417.1148504872317,33.03310394124402,7.284036602318415,23.0,23.3,23.150000000000002
456,508,18,0.41000000000000003,1006.4859333333332,398.0531975763195,1404.5391309096526,32.94573692173971,7.285665097443123,23.0,23.3,23.150000000000002
456,509,18,0.39,994.6567333333334,385.372623657908,1380.0293569912412,32.7699243646715,6.757190440750171,23.0,23.3,23.150000000000002
456,510,18,0.38,988.7421333333333,379.32085717038575,1368.062990503719,32.68147318800926,6.219545326589978,23.0,23.3,23.150000000000002
456,511,18,0.36,976.9129333333336,367.0162219104651,1343.9291552437987,32.50346670753479,5.708328617830779,23.0,23.3,23.150000000000002
456,512,18,0.34,965.0837333333334,354.9782603760682,1320.0619937094018,32.323968579047765,5.1870232347665315,23.0,23.3,23.150000000000002
456,513,18,0.32,953.2545333333333,342.86312292142225,1296.1176562547555,32.14295497262484,5.321485825687155,23.0,23.3,23.150000000000002
456,514,18,0.29,935.5107333333334,325.25290584914245,1260.7636391824758,31.868539596667112,5.446566783974043,23.0,23.3,23.150000000000002
456,515,18,0.29,935.5107333333334,325.1959639605999,1260.7066972939333,31.868539596667112,5.546006537789185,23.0,23.3,23.150000000000002
456,516,18,0.28,929.5961333333332,319.4273876140508,1249.023520947384,31.776283322584494,5.647135736294635,23.0,23.3,23.150000000000002
456,517,18,0.29,935.5107333333334,325.35072561320845,1260.861458946542,31.868539596667112,5.270229489502754,23.0,23.3,23.150000000000002
456,518,18,0.29,935.5107333333334,314.4227926039389,1249.9335259372722,31.868539596667112,4.878415991135333,23.0,23.3,23.150000000000002
456,519,18,0.31,947.3399333333333,325.3946395681225,1272.734572901456,32.05187227278047,4.515149490945246,23.0,23.3,23.150000000000002
456,520,18,0.32,953.2545333333333,331.1233316571039,1284.3778649904373,32.14295497262484,4.167562882061208,23.0,23.3,23.150000000000002
456,521,18,0.33,959.1691333333333,336.60961346342356,1295.7787467967569,32.23365272062856,4.1225455226431755,23.0,23.3,23.150000000000002
456,522,18,0.34,965.0837333333334,342.1537411991192,1307.2374745324526,32.323968579047765,4.073076261420664,23.0,23.3,23.150000000000002
456,523,18,0.37,982.8275333333335,359.00563815266514,1341.8331714859987,32.59265493485955,4.02549511193445,23.0,23.3,23.150000000000002
456,524,18,0.38,988.7421333333333,364.7529656115345,1353.4950989448678,32.68147318800926,3.9876349717929824,23.0,23.3,23.150000000000002
456,525,18,0.39,994.6567333333334,370.58306520954386,1365.2397985428772,32.7699243646715,3.9233401599592272,23.0,23.3,23.150000000000002
456,526,18,0.42000000000000004,1012.4005333333336,388.30816983401877,1400.7087031673523,33.03310394124402,3.8195246758155084,23.0,23.3,23.150000000000002
456,527,18,0.42000000000000004,1012.4005333333336,388.4070112950378,1400.8075446283715,33.03310394124402,3.729811264485991,23.0,23.3,23.150000000000002
456,528,18,0.43,1018.3151333333333,394.5120650919161,1412.8271984252494,33.12011516328765,3.617785129511219,23.0,23.3,23.150000000000002
456,529,18,0.43,1018.3151333333333,394.4820921278111,1412.7972254611445,33.12011516328765,3.645246068263302,23.0,23.3,23.150000000000002
456,530,18,0.43,1018.3151333333333,394.46193726116763,1412.777070594501,33.12011516328765,3.6636233766035526,23.0,23.3,23.150000000000002
456,531,18,0.43,1018.3151333333333,394.46885225787366,1412.7839855912068,33.12011516328765,3.6573261895274003,23.0,23.3,23.150000000000002
456,532,18,0.43,1018.3151333333333,394.46697781741665,1412.7821111507499,33.12011516328765,3.659033978155592,23.0,23.3,23.150000000000002
456,533,18,0.43,1018.3151333333333,394.4713601960287,1412.786493529362,33.12011516328765,3.6550402736084275,23.0,23.3,23.150000000000002
456,534,18,0.42000000000000004,1012.4005333333336,388.4839451521174,1400.8844784854512,33.03310394124402,3.6588218936408943,23.0,23.3,23.150000000000002
456,535,18,0.39,994.6567333333334,370.8561704379779,1365.5129037713114,32.7699243646715,3.6606489034446588,23.0,23.3,23.150000000000002
456,536,18,0.38,988.7421333333333,365.088817670321,1353.8309510036545,32.68147318800926,3.659898560821932,23.0,23.3,23.150000000000002
456,537,18,0.36,976.9129333333336,353.69590980262944,1330.608843135963,32.50346670753479,3.676751777892746,23.0,23.3,23.150000000000002
456,538,18,0.33,959.1691333333333,336.986367048735,1296.1555003820683,32.23365272062856,3.7214420946517097,23.0,23.3,23.150000000000002
456,539,18,0.31,947.3399333333333,326.12676423954684,1273.46669757288,32.05187227278047,3.731749067758886,23.0,23.3,23.150000000000002
456,540,18,0.28,929.5961333333332,310.23342667383577,1239.829560007169,31.776283322584494,3.7366210905778474,23.0,23.3,23.150000000000002
456,541,18,0.26,917.7669333333333,299.8347593441146,1217.601692677448,31.590574890662843,3.814344652617719,23.0,23.3,23.150000000000002
456,542,18,0.23,900.0231333333331,284.6568614252603,1184.6799947585935,31.308973402788986,3.8852912388424756,23.0,23.3,23.150000000000002
456,543,18,0.22,894.1085333333331,279.6678086996145,1173.7763420329475,31.214282519313365,3.9512147110327427,23.0,23.3,23.150000000000002
456,544,18,0.22,894.1085333333331,279.6021833681846,1173.7107167015179,31.214282519313365,4.039747760472247,23.0,23.3,23.150000000000002
456,545,18,0.22,894.1085333333331,279.5382543216488,1173.6467876549818,31.214282519313365,4.12456408589521,23.0,23.3,23.150000000000002
456,546,18,0.22,894.1085333333331,279.46525206691035,1173.5737854002434,31.214282519313365,4.219782726077301,23.0,23.3,23.150000000000002
456,547,18,0.23,900.0231333333331,284.3273894668936,1184.3505228002266,31.308973402788986,4.310814388592327,23.0,23.3,23.150000000000002
456,548,18,0.24000000000000002,905.9377333333334,289.23261143372906,1195.1703447670625,31.40325017328564,4.403970537672036,23.0,23.3,23.150000000000002
456,549,18,0.26,917.7669333333333,299.2572045717822,1217.0241379051156,31.590574890662843,4.501810208759426,23.0,23.3,23.150000000000002
456,550,18,0.27,923.6815333333332,304.29537097251585,1227.976904305849,31.683629500068083,4.600082999864766,23.0,23.3,23.150000000000002
456,551,18,0.28,929.5961333333332,309.3430930346369,1238.93922636797,31.776283322584494,4.734491087472324,23.0,23.3,23.150000000000002
456,552,18,0.29,935.5107333333334,314.44571795814625,1249.9564512914797,31.868539596667112,4.855910933647975,23.0,23.3,23.150000000000002
456,553,18,0.29,935.5107333333334,325.444668631077,1260.9554019644104,31.868539596667112,5.093529825866393,23.0,23.3,23.150000000000002
456,554,18,0.31,947.3399333333333,336.9473815751572,1284.2873149084905,32.05187227278047,5.320937001183178,23.0,23.3,23.150000000000002
456,555,18,0.32,953.2545333333333,342.7258489276116,1295.9803822609447,32.14295497262484,5.564425521899877,23.0,23.3,23.150000000000002
456,556,18,0.33,959.1691333333333,348.56824633466175,1307.7373796679951,32.23365272062856,5.805812789500055,23.0,23.3,23.150000000000002
456,557,18,0.34,965.0837333333334,354.18445121258134,1319.2681845459147,32.323968579047765,6.47725021034945,23.0,23.3,23.150000000000002
456,558,18,0.36,976.9129333333336,366.0233546345235,1342.936287967857,32.50346670753479,7.141082930568812,23.0,23.3,23.150000000000002
456,559,18,0.36,976.9129333333336,365.4756334182715,1342.3885667516051,32.50346670753479,7.800647052943438,23.0,23.3,23.150000000000002
456,560,18,0.37,982.8275333333335,371.1339826723712,1353.9615160057047,32.59265493485955,8.479178771119212,23.0,23.3,23.150000000000002
456,561,18,0.36,976.9129333333336,364.8653918950744,1341.778325228408,32.50346670753479,8.469969246707764,23.0,23.3,23.150000000000002
456,562,18,0.36,976.9129333333336,364.89324058201373,1341.8061739153472,32.50346670753479,8.440637516862546,23.0,23.3,23.150000000000002
456,563,18,0.34,965.0837333333334,352.5605847522705,1317.6443180856038,32.323968579047765,8.442695898475659,23.0,23.3,23.150000000000002
456,564,18,0.33,959.1691333333333,346.4932501857386,1305.6623835190721,32.23365272062856,8.455969619203247,23.0,23.3,23.150000000000002
456,565,18,0.32,953.2545333333333,340.2792294628055,1293.533762796139,32.14295497262484,8.69954480155928,23.0,23.3,23.150000000000002
456,566,18,0.29,935.5107333333334,322.5010852321936,1258.011818565527,31.868539596667112,8.97355102658461,23.0,23.3,23.150000000000002
456,567,18,0.28,929.5961333333332,316.53066289483445,1246.1267962281677,31.776283322584494,9.25248913369962,23.0,23.3,23.150000000000002
456,568,18,0.27,923.6815333333332,310.6194629213311,1234.3009962546644,31.683629500068083,9.537871946540038,23.0,23.3,23.150000000000002
456,569,18,0.26,917.7669333333333,305.0547118593608,1222.8216451926942,31.590574890662843,9.549469883285289,23.0,23.3,23.150000000000002
456,570,18,0.24000000000000002,905.9377333333334,294.1351819511937,1200.072915284527,31.40325017328564,9.567090966681107,23.0,23.3,23.150000000000002
456,571,18,0.24000000000000002,905.9377333333334,294.1150154467256,1200.052748780059,31.40325017328564,9.58731967507596,23.0,23.3,23.150000000000002
456,572,18,0.24000000000000002,905.9377333333334,294.1186876739428,1200.0564210072762,31.40325017328564,9.58363892835999,23.0,23.3,23.150000000000002
456,573,18,0.23,900.0231333333331,288.893909283139,1188.9170426164721,31.308973402788986,9.455942341482343,23.0,23.3,23.150000000000002
456,574,18,0.24000000000000002,905.9377333333334,294.3372071553527,1200.274940488686,31.40325017328564,9.362305293589339,23.0,23.3,23.150000000000002
456,575,18,0.24000000000000002,905.9377333333334,294.4600554766499,1200.3977888099835,31.40325017328564,9.235794541462663,23.0,23.3,23.150000000000002
456,576,18,0.26,917.7669333333333,305.4960289251171,1223.2629622584504,31.590574890662843,9.104271352109947,23.0,23.3,23.150000000000002
456,577,18,0.27,923.6815333333332,311.3077566006583,1234.9892899339914,31.683629500068083,8.839633019951448,23.0,23.3,23.150000000000002
456,578,18,0.28,929.5961333333332,317.21484751725467,1246.8109808505878,31.776283322584494,8.542610085062051,23.0,23.3,23.150000000000002
456,579,18,0.29,935.5107333333334,323.1785404986021,1258.6892738319357,31.868539596667112,8.253349691134199,23.0,23.3,23.150000000000002
456,580,18,0.29,935.5107333333334,323.43000566052046,1258.9407389938538,31.868539596667112,7.969735871505547,23.0,23.3,23.150000000000002
456,581,18,0.31,947.3399333333333,335.0530692416715,1282.3930025750049,32.05187227278047,7.957338344168232,23.0,23.3,23.150000000000002
456,582,18,0.32,953.2545333333333,340.95550522653133,1294.2100385598646,32.14295497262484,7.968342873453037,23.0,23.3,23.150000000000002
456,583,18,0.33,959.1691333333333,346.922435630314,1306.0915689636474,32.23365272062856,7.987299363443412,23.0,23.3,23.150000000000002
456,584,18,0.34,965.0837333333334,352.99991875863475,1318.0836520919681,32.323968579047765,7.963256055315989,23.0,23.3,23.150000000000002
456,585,18,0.36,976.9129333333336,365.9169715001793,1342.829904833513,32.50346670753479,7.2745329767674605,23.0,23.3,23.150000000000002
456,586,18,0.36,976.9129333333336,366.43526832316604,1343.3482016564997,32.50346670753479,6.593925731007387,23.0,23.3,23.150000000000002
456,587,18,0.37,982.8275333333335,373.18301445473014,1356.0105477880636,32.59265493485955,5.887380802700797,23.0,23.3,23.150000000000002
456,588,18,0.37,982.8275333333335,373.59025387443825,1356.4177872077719,32.59265493485955,5.16612867673353,23.0,23.3,23.150000000000002
456,589,18,0.37,982.8275333333335,357.9900643448332,1340.8175976781665,32.59265493485955,4.921223388902137,23.0,23.3,23.150000000000002
456,590,18,0.37,982.8275333333335,358.32684964974203,1341.1543829830755,32.59265493485955,4.639392323560044,23.0,23.3,23.150000000000002
456,591,18,0.36,976.9129333333336,353.0193449691834,1329.932278302517,32.50346670753479,4.3407384784650045,23.0,23.3,23.150000000000002
456,592,18,0.34,965.0837333333334,342.16565915787066,1307.2493924912042,32.323968579047765,4.061005050773551,23.0,23.3,23.150000000000002
456,593,18,0.33,959.1691333333333,336.70525632167124,1295.8743896550045,32.23365272062856,4.023665119116533,23.0,23.3,23.150000000000002
456,594,18,0.32,953.2545333333333,331.28224496287663,1284.5367782962098,32.14295497262484,3.999981804650855,23.0,23.3,23.150000000000002
456,595,18,0.31,947.3399333333333,325.8836848623298,1273.2236181956632,32.05187227278047,4.005037920989024,23.0,23.3,23.150000000000002
456,596,18,0.29,935.5107333333334,315.2546293853554,1250.7653627186887,31.868539596667112,3.999971122836403,23.0,23.3,23.150000000000002
456,597,18,0.28,929.5961333333332,310.16098180645804,1239.7571151397913,31.776283322584494,3.8252840003394883,23.0,23.3,23.150000000000002
456,598,18,0.27,923.6815333333332,305.13332985264674,1228.81486318598,31.683629500068083,3.6160346606237503,23.0,23.3,23.150000000000002
456,599,18,0.27,923.6815333333332,305.2864889096607,1228.968022242994,31.683629500068083,3.413251530048378,23.0,23.3,23.150000000000002
456,600,18,0.27,923.6815333333332,305.4268824769564,1229.1084158102897,31.683629500068083,3.219029788306271,23.0,23.3,23.150000000000002
456,601,18,0.28,929.5961333333332,310.87140596887934,1240.4675393022126,31.776283322584494,2.8715097558745577,23.0,23.3,23.150000000000002
456,602,18,0.29,935.5107333333334,316.3628467729372,1251.8735801062705,31.868539596667112,2.5148020648899525,23.0,23.3,23.150000000000002
456,603,18,0.29,935.5107333333334,316.5719481337398,1252.0826814670734,31.868539596667112,2.1590124152661825,23.0,23.3,23.150000000000002
456,604,18,0.31,947.3399333333333,327.4493462377963,1274.7892795711298,32.05187227278047,1.8266222368977207,23.0,23.3,23.150000000000002
456,605,18,0.32,953.2545333333333,333.0016572817475,1286.2561906150809,32.14295497262484,1.5848276779213624,23.0,23.3,23.150000000000002
456,606,18,0.32,953.2545333333333,333.1042796696506,1286.3588130029839,32.14295497262484,1.3654979948148118,23.0,23.3,23.150000000000002
456,607,18,0.33,959.1691333333333,338.6865600676478,1297.8556934009812,32.23365272062856,1.1446657931061917,23.0,23.3,23.150000000000002
456,608,18,0.33,959.1691333333333,338.77345350258736,1297.9425868359206,32.23365272062856,0.9240574553654946,23.0,23.3,23.150000000000002
456,609,18,0.32,953.2545333333333,333.30729212404754,1286.5618254573806,32.14295497262484,0.8577361651299142,23.0,23.3,23.150000000000002
456,610,18,0.32,953.2545333333333,333.33879884368645,1286.5933321770196,32.14295497262484,0.7660351101124749,23.0,23.3,23.150000000000002
456,611,18,0.33,959.1691333333333,338.85475664304226,1298.0238899763756,32.23365272062856,0.6920665321406888,23.0,23.3,23.150000000000002
456,612,18,0.33,959.1691333333333,338.8710822106666,1298.0402155439997,32.23365272062856,0.6415741436485536,23.0,23.3,23.150000000000002
456,613,18,0.34,965.0837333333334,344.4474044213377,1309.5311377546711,32.323968579047765,0.541122668945263,23.0,23.3,23.150000000000002
456,614,18,0.34,965.0837333333334,344.4852378688443,1309.5689712021776,32.323968579047765,0.4120184552700932,23.0,23.3,23.150000000000002
456,615,18,0.34,965.0837333333334,344.52030836477854,1309.6040416981118,32.323968579047765,0.28089164752381957,23.0,23.3,23.150000000000002
456,616,18,0.33,959.1691333333333,339.0041635693993,1298.1732969027325,32.23365272062856,0.15102010550220324,23.0,23.3,23.150000000000002
456,617,18,0.33,959.1691333333333,339.03580397268786,1298.204937306021,32.23365272062856,0.0,23.0,23.3,23.150000000000002
456,618,18,0.32,953.2545333333333,333.54018311921914,1286.7947164525524,32.14295497262484,0.0,23.0,23.3,23.150000000000002
456,619,18,0.32,953.2545333333333,333.54018311921914,1286.7947164525524,32.14295497262484,0.0,23.0,23.3,23.150000000000002
456,620,18,0.31,947.3399333333333,328.09694509472627,1275.4368784280596,32.05187227278047,0.0,23.0,23.3,23.150000000000002
456,621,18,0.31,947.3399333333333,328.09694509472627,1275.4368784280596,32.05187227278047,0.0,23.0,23.3,23.150000000000002
456,622,18,0.31,947.3399333333333,328.09694509472627,1275.4368784280596,32.05187227278047,0.0,23.0,23.3,23.150000000000002
456,623,18,0.31,947.3399333333333,328.09694509472627,1275.4368784280596,32.05187227278047,0.0,23.0,23.3,23.150000000000002
456,624,18,0.31,947.3399333333333,328.09694509472627,1275.4368784280596,32.05187227278047,0.0,23.0,23.3,23.150000000000002
456,625,18,0.31,947.3399333333333,328.09694509472627,1275.4368784280596,32.05187227278047,0.0,23.0,23.3,23.150000000000002
456,626,18,0.31,947.3399333333333,328.09694509472627,1275.4368784280596,32.05187227278047,0.0,23.0,23.3,23.150000000000002
456,627,18,0.31,947.3399333333333,328.09694509472627,1275.4368784280596,32.05187227278047,0.0,23.0,23.3,23.150000000000002
456,628,18,0.29,935.5107333333334,317.3666756812736,1252.8774090146069,31.868539596667112,0.0,23.0,23.3,23.150000000000002
456,629,18,0.29,935.5107333333334,317.3666756812736,1252.8774090146069,31.868539596667112,0.0,23.0,23.3,23.150000000000002
456,630,18,0.28,929.5961333333332,312.07917452992353,1241.6753078632566,31.776283322584494,0.0,23.0,23.3,23.150000000000002
456,631,18,0.29,935.5107333333334,317.3666756812736,1252.8774090146069,31.868539596667112,0.0,23.0,23.3,23.150000000000002
456,632,18,0.29,935.5107333333334,317.3666756812736,1252.8774090146069,31.868539596667112,0.0,23.0,23.3,23.150000000000002
456,633,18,0.29,935.5107333333334,317.3666756812736,1252.8774090146069,31.868539596667112,0.0,23.0,23.3,23.150000000000002
456,634,18,0.29,935.5107333333334,317.3666756812736,1252.8774090146069,31.868539596667112,0.0,23.0,23.3,23.150000000000002
456,635,18,0.29,935.5107333333334,317.3666756812736,1252.8774090146069,31.868539596667112,0.0,23.0,23.3,23.150000000000002
456,636,18,0.28,929.5961333333332,312.07917452992353,1241.6753078632566,31.776283322584494,0.0,23.0,23.3,23.150000000000002
456,637,18,0.27,923.6815333333332,306.84311671851685,1230.5246500518501,31.683629500068083,0.0,23.0,23.3,23.150000000000002
456,638,18,0.26,917.7669333333333,301.65826861039693,1219.4252019437301,31.590574890662843,0.0,23.0,23.3,23.150000000000002
456,639,18,0.26,917.7669333333333,301.65826861039693,1219.4252019437301,31.590574890662843,0.0,23.0,23.3,23.150000000000002
456,640,18,0.26,917.7669333333333,301.65826861039693,1219.4252019437301,31.590574890662843,0.0,23.0,23.3,23.150000000000002
456,641,18,0.26,917.7669333333333,301.65826861039693,1219.4252019437301,31.590574890662843,0.0,23.0,23.3,23.150000000000002
456,642,18,0.26,917.7669333333333,301.65826861039693,1219.4252019437301,31.590574890662843,0.0,23.0,23.3,23.150000000000002
456,643,18,0.26,917.7669333333333,301.65826861039693,1219.4252019437301,31.590574890662843,0.0,23.0,23.3,23.150000000000002
456,644,18,0.26,917.7669333333333,301.65826861039693,1219.4252019437301,31.590574890662843,0.0,23.0,23.3,23.150000000000002
456,645,18,0.24000000000000002,905.9377333333334,291.44126963494654,1197.3790029682798,31.40325017328564,0.0,23.0,23.3,23.150000000000002
456,646,18,0.24000000000000002,905.9377333333334,291.44126963494654,1197.3790029682798,31.40325017328564,0.0,23.0,23.3,23.150000000000002
456,647,18,0.24000000000000002,905.9377333333334,291.44126963494654,1197.3790029682798,31.40325017328564,0.0,23.0,23.3,23.150000000000002
456,648,18,0.24000000000000002,905.9377333333334,291.44126963494654,1197.3790029682798,31.40325017328564,0.0,23.0,23.3,23.150000000000002
456,649,18,0.26,917.7669333333333,301.65826861039693,1219.4252019437301,31.590574890662843,0.0,23.0,23.3,23.150000000000002
456,650,18,0.26,917.7669333333333,301.65826861039693,1219.4252019437301,31.590574890662843,0.0,23.0,23.3,23.150000000000002
456,651,18,0.26,917.7669333333333,301.65826861039693,1219.4252019437301,31.590574890662843,0.0,23.0,23.3,23.150000000000002
456,652,18,0.26,917.7669333333333,301.65826861039693,1219.4252019437301,31.590574890662843,0.0,23.0,23.3,23.150000000000002
456,653,18,0.26,917.7669333333333,301.65826861039693,1219.4252019437301,31.590574890662843,0.0,23.0,23.3,23.150000000000002
456,654,18,0.26,917.7669333333333,301.65826861039693,1219.4252019437301,31.590574890662843,0.0,23.0,23.3,23.150000000000002
456,655,18,0.24000000000000002,905.9377333333334,291.44126963494654,1197.3790029682798,31.40325017328564,0.0,23.0,23.3,23.150000000000002
456,656,18,0.24000000000000002,905.9377333333334,291.44126963494654,1197.3790029682798,31.40325017328564,0.0,23.0,23.3,23.150000000000002
456,657,18,0.23,900.0231333333331,286.40865423093067,1186.431787564264,31.308973402788986,0.0,23.0,23.3,23.150000000000002
456,658,18,0.23,900.0231333333331,286.40865423093067,1186.431787564264,31.308973402788986,0.0,23.0,23.3,23.150000000000002
456,659,18,0.23,900.0231333333331,286.40865423093067,1186.431787564264,31.308973402788986,0.0,23.0,23.3,23.150000000000002
456,660,18,0.24000000000000002,905.9377333333334,291.44126963494654,1197.3790029682798,31.40325017328564,0.0,23.0,23.3,23.150000000000002
456,661,18,0.24000000000000002,905.9377333333334,291.44126963494654,1197.3790029682798,31.40325017328564,0.0,23.0,23.3,23.150000000000002
456,662,18,0.24000000000000002,905.9377333333334,291.44126963494654,1197.3790029682798,31.40325017328564,0.0,23.0,23.3,23.150000000000002
456,663,18,0.24000000000000002,905.9377333333334,291.44126963494654,1197.3790029682798,31.40325017328564,0.0,23.0,23.3,23.150000000000002
456,664,18,0.23,900.0231333333331,286.40865423093067,1186.431787564264,31.308973402788986,0.0,23.0,23.3,23.150000000000002
456,665,18,0.22,894.1085333333331,281.4263194973896,1175.5348528307227,31.214282519313365,0.0,23.0,23.3,23.150000000000002
456,666,18,0.21000000000000002,888.1939333333336,276.49403465600386,1164.6879679893375,31.119174095666388,0.0,23.0,23.3,23.150000000000002
456,667,18,0.21000000000000002,888.1939333333336,276.49403465600386,1164.6879679893375,31.119174095666388,0.0,23.0,23.3,23.150000000000002
456,668,18,0.19,876.3647333333334,266.7786947303995,1143.1434280637327,30.9276907218596,0.0,23.0,23.3,23.150000000000002
456,669,18,0.21000000000000002,888.1939333333336,276.49403465600386,1164.6879679893375,31.119174095666388,0.0,23.0,23.3,23.150000000000002
456,670,18,0.21000000000000002,888.1939333333336,276.49403465600386,1164.6879679893375,31.119174095666388,0.0,23.0,23.3,23.150000000000002
456,671,18,0.21000000000000002,888.1939333333336,276.49403465600386,1164.6879679893375,31.119174095666388,0.0,23.0,23.3,23.150000000000002
789,0,18,0.34,965.1147333333334,350.23217547131514,1315.3469088046486,32.32374309508319,10.643271231199972,23.0,23.3,23.150000000000002
789,1,18,0.36,976.9439333333336,362.39617811169427,1339.3401114450278,32.503235452851136,10.773365974372084,23.0,23.3,23.150000000000002
789,2,18,0.36,976.9439333333336,362.2509418113194,1339.194875144653,32.503235452851136,10.895278949568702,23.0,23.3,23.150000000000002
789,3,18,0.36,976.9439333333336,362.10473937000734,1339.0486727033408,32.503235452851136,11.01693155410471,23.0,23.3,23.150000000000002
789,4,18,0.34,965.1147333333334,349.78213440657373,1314.896867739907,32.32374309508319,11.023407505401455,23.0,23.3,23.150000000000002
789,5,18,0.33,959.2001333333333,343.7434445994711,1302.9435779328044,32.23343017610334,11.0188846399877,23.0,23.3,23.150000000000002
789,6,18,0.32,953.2855333333332,337.7926285439291,1291.0781618772623,32.142735404251184,11.003016849637113,23.0,23.3,23.150000000000002
789,7,18,0.32,953.2855333333332,337.78997170963146,1291.0755050429646,32.142735404251184,11.005252932975136,23.0,23.3,23.150000000000002
789,8,18,0.32,953.2855333333332,340.6566667055498,1293.9422000388831,32.142735404251184,8.304376016761761,23.0,23.3,23.150000000000002
789,9,18,0.32,953.2855333333332,340.66036965437803,1293.9459029877114,32.142735404251184,8.300357881734403,23.0,23.3,23.150000000000002
789,10,18,0.33,959.2001333333333,346.6415241000868,1305.84165743342,32.23343017610334,8.301948104570075,23.0,23.3,23.150000000000002
789,11,18,0.34,965.1147333333334,352.69634237732635,1317.81107571066,32.32374309508319,8.302364281813201,23.0,23.3,23.150000000000002
789,12,18,0.34,965.1147333333334,352.69978153574107,1317.8145148690744,32.32374309508319,8.298657097690217,23.0,23.3,23.150000000000002
789,13,18,0.36,976.9439333333336,364.47613722826924,1341.4200705616026,32.503235452851136,8.873990157958081,23.0,23.3,23.150000000000002
789,14,18,0.37,982.8585333333334,370.1495755996493,1353.0081089329826,32.59242084792707,9.45962389149887,23.0,23.3,23.150000000000002
789,15,18,0.37,982.8585333333334,369.519479374747,1352.3780127080804,32.59242084792707,10.037037949967546,23.0,23.3,23.150000000000002
789,16,18,0.39,994.6877333333334,381.6318057834196,1376.319539116753,32.76968471709681,10.61852547173054,23.0,23.3,23.150000000000002
789,17,18,0.41000000000000003,1006.5169333333331,394.5870205720968,1401.10395390543,32.94549184892777,10.737843304889207,23.0,23.3,23.150000000000002
789,18,18,0.42000000000000004,1012.4315333333334,401.11655381489925,1413.5480871482325,33.03285620546629,10.855200120019159,23.0,23.3,23.150000000000002
789,19,18,0.43,1018.3461333333333,407.7136263755814,1426.0597597089147,33.11986479706046,10.984049794886536,23.0,23.3,23.150000000000002
789,20,18,0.43,1018.3461333333333,407.5654649695875,1425.9115983029208,33.11986479706046,11.106779685112251,23.0,23.3,23.150000000000002
789,21,18,0.43,1018.3461333333333,407.2352516575689,1425.581384990902,33.11986479706046,11.376762394122293,23.0,23.3,23.150000000000002
789,22,18,0.42000000000000004,1012.4315333333334,400.14753845161965,1412.5790717849532,33.03285620546629,11.645154009952105,23.0,23.3,23.150000000000002
789,23,18,0.42000000000000004,1012.4315333333334,399.8010424244986,1412.2325757578321,33.03285620546629,11.918607724590448,23.0,23.3,23.150000000000002
789,24,18,0.42000000000000004,1012.4315333333334,399.4615944314216,1411.8931277647553,33.03285620546629,12.182660675148124,23.0,23.3,23.150000000000002
789,25,18,0.41000000000000003,1006.5169333333331,392.41976504642514,1398.9366983797584,32.94549184892777,12.465381524501638,23.0,23.3,23.150000000000002
789,26,18,0.41000000000000003,1006.5169333333331,392.0448155955855,1398.5617489289186,32.94549184892777,12.748791057900519,23.0,23.3,23.150000000000002
789,27,18,0.41000000000000003,1006.5169333333331,391.67297710716616,1398.1899104404993,32.94549184892777,13.026608523114666,23.0,23.3,23.150000000000002
789,28,18,0.41000000000000003,1006.5169333333331,391.30118203656457,1397.818115369898,32.94549184892777,13.301555444502162,23.0,23.3,23.150000000000002
789,29,18,0.39,994.6877333333334,377.9825217183252,1372.6702550516586,32.76968471709681,13.459128509687384,23.0,23.3,23.150000000000002
789,30,18,0.39,994.6877333333334,377.77646400060473,1372.4641973339383,32.76968471709681,13.609042159158339,23.0,23.3,23.150000000000002
789,31,18,0.38,988.7731333333332,371.13261430180563,1359.9057476351388,32.68123630360168,13.764587673886703,23.0,23.3,23.150000000000002
789,32,18,0.37,982.8585333333334,364.573957445727,1347.4324907790603,32.59242084792707,13.91642126525545,23.0,23.3,23.150000000000002
789,33,18,0.36,976.9439333333336,358.1295757614508,1335.0735090947842,32.503235452851136,14.043446211835503,23.0,23.3,23.150000000000002
789,34,18,0.36,976.9439333333336,357.96000299576895,1334.9039363291026,32.503235452851136,14.164601767780793,23.0,23.3,23.150000000000002
789,35,18,0.34,965.1147333333334,345.49433092411925,1310.6090642574527,32.32374309508319,14.286022986250629,23.0,23.3,23.150000000000002
789,36,18,0.36,976.9439333333336,357.61077628365723,1334.5547096169907,32.503235452851136,14.41290615501829,23.0,23.3,23.150000000000002
789,37,18,0.37,982.8585333333334,363.66926999245834,1346.5278033257919,32.59242084792707,14.56065155530531,23.0,23.3,23.150000000000002
789,38,18,0.37,982.8585333333334,363.4630417915556,1346.3215751248893,32.59242084792707,14.706197168533206,23.0,23.3,23.150000000000002
789,39,18,0.38,988.7731333333332,369.5931933898636,1358.3663267231968,32.68123630360168,14.860377610977896,23.0,23.3,23.150000000000002
789,40,18,0.37,982.8585333333334,363.02318603635183,1345.8817193696852,32.59242084792707,15.015358641520905,23.0,23.3,23.150000000000002
789,41,18,0.37,982.8585333333334,362.80132327687573,1345.6598566102093,32.59242084792707,15.17074465646359,23.0,23.3,23.150000000000002
789,42,18,0.37,982.8585333333334,362.58796693707296,1345.4465002704064,32.59242084792707,15.319884815637266,23.0,23.3,23.150000000000002
789,43,18,0.37,982.8585333333334,362.36308560525424,1345.2216189385877,32.59242084792707,15.476824836692444,23.0,23.3,23.150000000000002
789,44,18,0.37,982.8585333333334,362.16017586751127,1345.0187092008446,32.59242084792707,15.61824773948796,23.0,23.3,23.150000000000002
789,45,18,0.38,988.7731333333332,368.5015166465143,1357.2746499798477,32.68123630360168,15.625511526385964,23.0,23.3,23.150000000000002
789,46,18,0.39,994.6877333333334,374.9515724461973,1369.6393057795306,32.76968471709681,15.615233368629251,23.0,23.3,23.150000000000002
789,47,18,0.39,994.6877333333334,374.9448065259553,1369.6325398592885,32.76968471709681,15.619979131678566,23.0,23.3,23.150000000000002
789,48,18,0.39,994.6877333333334,374.9591531462962,1369.6468864796298,32.76968471709681,15.609916019548743,23.0,23.3,23.150000000000002
789,49,18,0.39,994.6877333333334,375.95138317756295,1370.6391165108964,32.76968471709681,14.912366882982301,23.0,23.3,23.150000000000002
789,50,18,0.38,988.7731333333332,370.5058573407018,1359.2789906740352,32.68123630360168,14.214055694620672,23.0,23.3,23.150000000000002
789,51,18,0.37,982.8585333333334,365.11859873289524,1347.9771320662287,32.59242084792707,13.522940663269194,23.0,23.3,23.150000000000002
789,52,18,0.37,982.8585333333334,366.0762998279612,1348.9348331612946,32.59242084792707,12.817467689696043,23.0,23.3,23.150000000000002
789,53,18,0.36,976.9439333333336,360.0099829347458,1336.9539162680794,32.503235452851136,12.665748265092208,23.0,23.3,23.150000000000002
789,54,18,0.34,965.1147333333334,347.90158882634387,1313.0163221596772,32.32374309508319,12.517809224703875,23.0,23.3,23.150000000000002
789,55,18,0.34,965.1147333333334,348.0928533412412,1313.2075866745745,32.32374309508319,12.371461793788884,23.0,23.3,23.150000000000002
789,56,18,0.36,976.9439333333336,360.5970763840744,1337.541009717408,32.503235452851136,12.218731975520969,23.0,23.3,23.150000000000002
789,57,18,0.37,982.8585333333334,366.86672150018313,1349.7252548335164,32.59242084792707,12.2186746654313,23.0,23.3,23.150000000000002
789,58,18,0.37,982.8585333333334,366.86391462339543,1349.7224479567287,32.59242084792707,12.22083237486999,23.0,23.3,23.150000000000002
789,59,18,0.38,988.7731333333332,373.19991500731624,1361.9730483406495,32.68123630360168,12.230354342468202,23.0,23.3,23.150000000000002
789,60,18,0.38,988.7731333333332,373.2067812602564,1361.9799145935897,32.68123630360168,12.22508293983492,23.0,23.3,23.150000000000002
789,61,18,0.38,988.7731333333332,374.0964972302273,1362.8696305635606,32.68123630360168,11.52888854306986,23.0,23.3,23.150000000000002
789,62,18,0.38,988.7731333333332,374.964353605041,1363.7374869383743,32.68123630360168,10.819735672760471,23.0,23.3,23.150000000000002
789,63,18,0.38,988.7731333333332,375.777024590142,1364.5501579234754,32.68123630360168,10.120600599427046,23.0,23.3,23.150000000000002
789,64,18,0.38,988.7731333333332,376.5381091662225,1365.3112424995559,32.68123630360168,9.42550297041705,23.0,23.3,23.150000000000002
789,65,18,0.38,988.7731333333332,376.66776657484854,1365.4408999081818,32.68123630360168,9.302328063000365,23.0,23.3,23.150000000000002
789,66,18,0.38,988.7731333333332,376.7998270444762,1365.5729603778095,32.68123630360168,9.175247949085117,23.0,23.3,23.150000000000002
789,67,18,0.38,988.7731333333332,376.92757367676256,1365.700707010096,32.68123630360168,9.05067576345571,23.0,23.3,23.150000000000002
789,68,18,0.38,988.7731333333332,377.0510521596844,1365.8241854930177,32.68123630360168,8.928644717439068,23.0,23.3,23.150000000000002
789,69,18,0.38,988.7731333333332,377.06602669246007,1365.8391600257933,32.68123630360168,8.913733173847044,23.0,23.3,23.150000000000002
789,70,18,0.38,988.7731333333332,377.0664870808339,1365.8396204141673,32.68123630360168,8.913274328452744,23.0,23.3,23.150000000000002
789,71,18,0.38,988.7731333333332,377.0659305655673,1365.8390638989006,32.68123630360168,8.913828975603339,23.0,23.3,23.150000000000002
789,72,18,0.38,988.7731333333332,377.0636466867702,1365.8367800201036,32.68123630360168,8.916104827868624,23.0,23.3,23.150000000000002
789,73,18,0.38,988.7731333333332,377.47998996507613,1366.2531232984095,32.68123630360168,8.491032131391963,23.0,23.3,23.150000000000002
789,74,18,0.38,988.7731333333332,377.88500209995254,1366.658135433286,32.68123630360168,8.055070245601984,23.0,23.3,23.150000000000002
789,75,18,0.38,988.7731333333332,378.25613649990277,1367.029269833236,32.68123630360168,7.631663353070743,23.0,23.3,23.150000000000002
789,76,18,0.37,982.8585333333334,372.24407317881713,1355.1026065121505,32.59242084792707,7.2182687715081855,23.0,23.3,23.150000000000002
789,77,18,0.36,976.9439333333336,366.0728125087703,1343.0167458421038,32.503235452851136,7.083587750935883,23.0,23.3,23.150000000000002
789,78,18,0.36,976.9439333333336,366.1645865130312,1343.1085198463647,32.503235452851136,6.964934069813964,23.0,23.3,23.150000000000002
789,79,18,0.36,976.9439333333336,366.2612679272496,1343.2052012605832,32.503235452851136,6.8372784291197055,23.0,23.3,23.150000000000002
789,80,18,0.37,982.8585333333334,372.62970476556546,1355.4882380988988,32.59242084792707,6.71405237251086,23.0,23.3,23.150000000000002
789,81,18,0.38,988.7731333333332,378.9704285589555,1367.7435618922887,32.68123630360168,6.729023866868102,23.0,23.3,23.150000000000002
789,82,18,0.39,994.6877333333334,385.38832007244264,1380.076053405776,32.76968471709681,6.741436220057754,23.0,23.3,23.150000000000002
789,83,18,0.41000000000000003,1006.5169333333331,398.4740301751764,1404.9909635085096,32.94549184892777,6.737342398524285,23.0,23.3,23.150000000000002
789,84,18,0.42000000000000004,1012.4315333333334,405.12814753221664,1417.55968086555,33.03285620546629,6.741737154650481,23.0,23.3,23.150000000000002
789,85,18,0.44,1024.2607333333333,418.7857128140817,1443.046446147415,33.2065203671808,6.587139961466396,23.0,23.3,23.150000000000002
789,86,18,0.45999999999999996,1036.0899333333336,432.74209794253306,1468.8320312758667,33.37878326963981,6.451333778661787,23.0,23.3,23.150000000000002
789,87,18,0.47,1042.0045333333335,439.8896779397605,1481.894211273094,33.46439594285133,6.301461665546956,23.0,23.3,23.150000000000002
789,88,18,0.49,1053.8337333333334,454.32357765901617,1508.1573109923497,33.63459687210719,6.158895263673857,23.0,23.3,23.150000000000002
789,89,18,0.51,1065.6629333333333,469.00878880860915,1534.6717221419424,33.8034491054765,6.151640311199724,23.0,23.3,23.150000000000002
789,90,18,0.52,1071.5775333333331,476.47258911821456,1548.0501224515478,33.88737580662169,6.158737694074889,23.0,23.3,23.150000000000002
789,91,18,0.53,1077.4921333333334,484.0301145819143,1561.5222479152476,33.970972894788844,6.150677803247094,23.0,23.3,23.150000000000002
789,92,18,0.56,1095.2359333333334,507.2133169923676,1602.4492503257009,34.219811004591435,6.149593463260208,23.0,23.3,23.150000000000002
789,93,18,0.5700000000000001,1101.1505333333334,515.1191013726581,1616.2696347059914,34.302114036113764,6.146983039044864,23.0,23.3,23.150000000000002
789,94,18,0.58,1107.0651333333333,523.1109551252115,1630.1760884585449,34.384099525554774,6.15350480786683,23.0,23.3,23.150000000000002
789,95,18,0.59,1112.9797333333333,531.1985741276817,1644.178307461015,34.46576981220285,6.14820654864398,23.0,23.3,23.150000000000002
789,96,18,0.59,1112.9797333333333,531.2033489389738,1644.1830822723073,34.46576981220285,6.136002248555598,23.0,23.3,23.150000000000002
789,97,18,0.59,1112.9797333333333,531.3003202663396,1644.2800535996728,34.46576981220285,5.871819513416615,23.0,23.3,23.150000000000002
789,98,18,0.59,1112.9797333333333,531.3878878198345,1644.3676211531679,34.46576981220285,5.597385079651186,23.0,23.3,23.150000000000002
789,99,18,0.58,1107.0651333333333,523.3950588175283,1630.4601921508618,34.384099525554774,5.323578639427534,23.0,23.3,23.150000000000002
789,100,18,0.5700000000000001,1101.1505333333334,515.4920119809954,1616.6425453143288,34.302114036113764,5.044488909364894,23.0,23.3,23.150000000000002
789,101,18,0.56,1095.2359333333334,475.3333938986692,1570.5693272320025,34.219811004591435,4.88834132426233,23.0,23.3,23.150000000000002
789,102,18,0.54,1083.4067333333335,462.28978262658,1545.6965159599133,34.054242835186,4.742528578856919,23.0,23.3,23.150000000000002
789,103,18,0.53,1077.4921333333334,455.9666924948715,1533.458825828205,33.970972894788844,4.592949075099162,23.0,23.3,23.150000000000002
789,104,18,0.52,1071.5775333333331,449.67107503079365,1521.2486083641268,33.88737580662169,4.452535570424371,23.0,23.3,23.150000000000002
789,105,18,0.51,1065.6629333333333,443.22182154329425,1508.8847548766275,33.8034491054765,4.445363421816126,23.0,23.3,23.150000000000002
789,106,18,0.49,1053.8337333333334,430.4607101392695,1484.2944434726028,33.63459687210719,4.451324920908556,23.0,23.3,23.150000000000002
789,107,18,0.49,1053.8337333333334,430.4591991809167,1484.29293251425,33.63459687210719,4.452375541743782,23.0,23.3,23.150000000000002
789,108,18,0.48,1047.9191333333333,424.15172339685057,1472.0708567301838,33.54966627710388,4.4628733149843205,23.0,23.3,23.150000000000002
789,109,18,0.48,1047.9191333333333,424.52791275357487,1472.4470460869081,33.54966627710388,4.190151899556172,23.0,23.3,23.150000000000002
789,110,18,0.47,1042.0045333333335,418.6387788374573,1460.6433121707908,33.46439594285133,3.9138418281567833,23.0,23.3,23.150000000000002
789,111,18,0.47,1042.0045333333335,418.97819213143,1460.9827254647635,33.46439594285133,3.634942289108231,23.0,23.3,23.150000000000002
789,112,18,0.47,1042.0045333333335,419.29231587041886,1461.2968492037523,33.46439594285133,3.361438001065856,23.0,23.3,23.150000000000002
789,113,18,0.48,1047.9191333333333,425.5663051838547,1473.485438517188,33.54966627710388,3.3527739039932736,23.0,23.3,23.150000000000002
789,114,18,0.48,1047.9191333333333,425.56072783248595,1473.4798611658193,33.54966627710388,3.357688441192906,23.0,23.3,23.150000000000002
789,115,18,0.49,1053.8337333333334,431.8841926158934,1485.7179259492268,33.63459687210719,3.3545814789495965,23.0,23.3,23.150000000000002
789,116,18,0.51,1065.6629333333333,444.68495629499404,1510.3478896283275,33.8034491054765,3.3603746450706797,23.0,23.3,23.150000000000002
789,117,18,0.51,1065.6629333333333,444.68747718457314,1510.3504105179065,33.8034491054765,3.3582796695321226,23.0,23.3,23.150000000000002
789,118,18,0.52,1071.5775333333331,451.1734482185238,1522.750981551857,33.88737580662169,3.360084300195712,23.0,23.3,23.150000000000002
789,119,18,0.53,1077.4921333333334,457.7256418599685,1535.2177751933018,33.970972894788844,3.3541061819137377,23.0,23.3,23.150000000000002
789,120,18,0.54,1083.4067333333335,464.3262812437371,1547.7330145770704,34.054242835186,3.3549327323236526,23.0,23.3,23.150000000000002
789,121,18,0.56,1095.2359333333334,478.2420087673305,1573.477942100664,34.219811004591435,2.924302897815629,23.0,23.3,23.150000000000002
789,122,18,0.56,1095.2359333333334,478.72637894555027,1573.9623122788835,34.219811004591435,2.49507722186552,23.0,23.3,23.150000000000002
789,123,18,0.5700000000000001,1101.1505333333334,485.9629765713226,1587.113509904656,34.302114036113764,2.0586935554706427,23.0,23.3,23.150000000000002
789,124,18,0.58,1107.0651333333333,493.20711090526936,1600.2722442386028,34.384099525554774,1.6312245577704494,23.0,23.3,23.150000000000002
789,125,18,0.59,1112.9797333333333,500.1735824109418,1613.1533157442752,34.46576981220285,1.5808869059589896,23.0,23.3,23.150000000000002
789,126,18,0.59,1112.9797333333333,500.233005326881,1613.2127386602144,34.46576981220285,1.508637840974051,23.0,23.3,23.150000000000002
789,127,18,0.59,1112.9797333333333,500.2683435547844,1613.2480768881178,34.46576981220285,1.4646804771626782,23.0,23.3,23.150000000000002
789,128,18,0.58,1107.0651333333333,493.3846950109893,1600.4498283443224,34.384099525554774,1.409248943095125,23.0,23.3,23.150000000000002
789,129,18,0.5700000000000001,1101.1505333333334,486.49984648562787,1587.6503798189613,34.302114036113764,1.430416859743058,23.0,23.3,23.150000000000002
789,130,18,0.56,1095.2359333333334,479.6667038659575,1574.902637199291,34.219811004591435,1.460833773107206,23.0,23.3,23.150000000000002
789,131,18,0.54,1083.4067333333335,466.19741794976875,1549.604151283102,34.054242835186,1.4923824803908596,23.0,23.3,23.150000000000002
789,132,18,0.54,1083.4067333333335,466.1847479811995,1549.591481314533,34.054242835186,1.5095595929945411,23.0,23.3,23.150000000000002
789,133,18,0.54,1083.4067333333335,466.23420120896253,1549.640934542296,34.054242835186,1.4418378766716404,23.0,23.3,23.150000000000002
789,134,18,0.54,1083.4067333333335,466.2921250473945,1549.6988583807279,34.054242835186,1.3600763767528528,23.0,23.3,23.150000000000002
789,135,18,0.54,1083.4067333333335,466.3397620186578,1549.7464953519911,34.054242835186,1.2906748090688291,23.0,23.3,23.150000000000002
789,136,18,0.54,1083.4067333333335,466.3914726893014,1549.7982060226348,34.054242835186,1.2129040116618903,23.0,23.3,23.150000000000002
789,137,18,0.54,1083.4067333333335,466.3589464862502,1549.7656798195837,34.054242835186,1.262130724300497,23.0,23.3,23.150000000000002
789,138,18,0.54,1083.4067333333335,466.32526048316504,1549.7319938164985,34.054242835186,1.3120199741961773,23.0,23.3,23.150000000000002
789,139,18,0.56,1095.2359333333334,479.743525622205,1574.9794589555383,34.219811004591435,1.3566776761988066,23.0,23.3,23.150000000000002
789,140,18,0.5700000000000001,1101.1505333333334,486.5204078765358,1587.6709412098692,34.302114036113764,1.4031361538153564,23.0,23.3,23.150000000000002
789,141,18,0.59,1112.9797333333333,500.1500263901579,1613.1297597234914,34.46576981220285,1.60898044203106,23.0,23.3,23.150000000000002
789,142,18,0.61,1124.808933333333,513.9806439195436,1638.7895772528768,34.62817401353699,1.8228908355800404,23.0,23.3,23.150000000000002
789,143,18,0.63,1136.6381333333334,528.0371827992875,1664.675316132621,34.78934487583022,2.018688382425833,23.0,23.3,23.150000000000002
789,144,18,0.66,1154.3819333333329,549.6226172192838,1704.0045505526168,35.02882763464227,2.223801305064019,23.0,23.3,23.150000000000002
789,145,18,0.68,1166.2111333333332,564.2675534806541,1730.4786868139872,35.18699250886368,2.37949750941389,23.0,23.3,23.150000000000002
789,146,18,0.71,1183.9549333333334,582.2983916062341,1766.2533249395676,35.42204680636552,2.528638377848937,23.0,23.3,23.150000000000002
789,147,18,0.73,1195.7841333333333,582.4540075070822,1778.2381408404153,35.577311795947004,2.6750040371321706,23.0,23.3,23.150000000000002
789,148,18,0.76,1213.5279333333333,582.6319532515919,1796.1598865849253,35.80809281254302,2.8356628943978106,23.0,23.3,23.150000000000002
789,149,18,0.78,1225.3571333333332,582.6366623106039,1807.9937956439373,35.960558798789044,2.839825044990482,23.0,23.3,23.150000000000002
789,150,18,0.81,1243.1009333333338,582.636150113557,1825.737083446891,36.18721412604711,2.8393725483962706,23.0,23.3,23.150000000000002
789,151,18,0.8200000000000001,1249.015533333333,582.6333888775172,1831.6489222108503,36.2622284361107,2.836932255538221,23.0,23.3,23.150000000000002
789,152,18,0.8400000000000001,1260.8447333333336,582.627377384678,1843.4721107180117,36.41146190102101,2.831614227411965,23.0,23.3,23.150000000000002
789,153,18,0.86,1272.6739333333335,582.6369113963167,1855.3108447296504,36.55964719196353,2.8400450790109497,23.0,23.3,23.150000000000002
789,154,18,0.86,1272.6739333333335,582.6413249650235,1855.315258298357,36.55964719196353,2.843941833956144,23.0,23.3,23.150000000000002
789,155,18,0.8400000000000001,1260.8447333333336,582.6376390599979,1843.4823723933314,36.41146190102101,2.8406878021892843,23.0,23.3,23.150000000000002
789,156,18,0.8200000000000001,1249.015533333333,582.6491370601185,1831.6646703934516,36.2622284361107,2.8508296974097225,23.0,23.3,23.150000000000002
789,157,18,0.78,1225.3571333333332,582.8092795708471,1808.1664129041806,35.960558798789044,2.989461815407222,23.0,23.3,23.150000000000002
789,158,18,0.74,1201.6987333333336,582.9476263631964,1784.64635969653,35.65451901010066,3.1055407274591817,23.0,23.3,23.150000000000002
789,159,18,0.73,1195.7841333333333,583.1048394065292,1778.8889727398625,35.577311795947004,3.233676495366873,23.0,23.3,23.150000000000002
789,160,18,0.72,1189.8695333333333,583.2689328015888,1773.138466134922,35.4998217303693,3.3635055554245588,23.0,23.3,23.150000000000002
789,161,18,0.72,1189.8695333333333,583.4649764626697,1773.334509796003,35.4998217303693,3.51384510660993,23.0,23.3,23.150000000000002
789,162,18,0.72,1189.8695333333333,583.6621233382941,1773.5316566716274,35.4998217303693,3.6602741095407016,23.0,23.3,23.150000000000002
789,163,18,0.72,1189.8695333333333,583.8723977759827,1773.7419311093158,35.4998217303693,3.8116852393393876,23.0,23.3,23.150000000000002
789,164,18,0.72,1189.8695333333333,584.1031529946259,1773.972686327959,35.4998217303693,3.9727015783250095,23.0,23.3,23.150000000000002
789,165,18,0.72,1189.8695333333333,583.8097992802763,1773.6793326136094,35.4998217303693,3.767097786142387,23.0,23.3,23.150000000000002
789,166,18,0.72,1189.8695333333333,583.5358476262229,1773.405380959556,35.4998217303693,3.56700903641301,23.0,23.3,23.150000000000002
789,167,18,0.72,1189.8695333333333,583.2672177775046,1773.1367511108378,35.4998217303693,3.3621681162227506,23.0,23.3,23.150000000000002
789,168,18,0.72,1189.8695333333333,583.0041466106952,1772.8736799440285,35.4998217303693,3.1520515344633036,23.0,23.3,23.150000000000002
789,169,18,0.72,1189.8695333333333,582.9265458217462,1772.7960791550795,35.4998217303693,3.0880611921507035,23.0,23.3,23.150000000000002
789,170,18,0.73,1195.7841333333333,582.8458021030701,1778.6299354364035,35.577311795947004,3.0204238773574863,23.0,23.3,23.150000000000002
789,171,18,0.74,1201.6987333333336,582.7538170609021,1784.4525503942357,35.65451901010066,2.941988874293755,23.0,23.3,23.150000000000002
789,172,18,0.78,1225.3571333333332,582.6676704322207,1808.024803765554,35.960558798789044,2.8671223920481648,23.0,23.3,23.150000000000002
789,173,18,0.8200000000000001,1249.015533333333,582.4644407570592,1831.4799740903923,36.2622284361107,2.684613100068097,23.0,23.3,23.150000000000002
789,174,18,0.8400000000000001,1260.8447333333336,582.2795566747955,1843.124290008129,36.41146190102101,2.510516999851908,23.0,23.3,23.150000000000002
789,175,18,0.87,1278.5885333333333,582.1016634781813,1860.6901968115144,36.63335121927812,2.334599398118045,23.0,23.3,23.150000000000002
789,176,18,0.87,1278.5885333333333,581.9319128440716,1860.520446177405,36.63335121927812,2.1577724228125272,23.0,23.3,23.150000000000002
789,177,18,0.87,1278.5885333333333,581.8802677570886,1860.468801090422,36.63335121927812,2.102008133818308,23.0,23.3,23.150000000000002
789,178,18,0.87,1278.5885333333333,581.8380186295166,1860.4265519628498,36.63335121927812,2.0556443228361467,23.0,23.3,23.150000000000002
789,179,18,0.86,1272.6739333333335,581.7957658050125,1854.4696991383462,36.55964719196353,2.008572847071345,23.0,23.3,23.150000000000002
789,180,18,0.86,1272.6739333333335,581.7402910320737,1854.4142243654073,36.55964719196353,1.9456467428358577,23.0,23.3,23.150000000000002
789,181,18,0.8400000000000001,1260.8447333333336,581.7868658442699,1842.6315991776037,36.41146190102101,1.998565096411264,23.0,23.3,23.150000000000002
789,182,18,0.8300000000000001,1254.9301333333333,581.8401720784209,1836.7703054117542,36.3369770883903,2.058024241254185,23.0,23.3,23.150000000000002
789,183,18,0.8200000000000001,1249.015533333333,581.8828017250914,1830.8983350584244,36.2622284361107,2.1047672130030106,23.0,23.3,23.150000000000002
789,184,18,0.78,1225.3571333333332,581.9264993709877,1807.2836327043208,35.960558798789044,2.151972741797774,23.0,23.3,23.150000000000002
789,185,18,0.74,1201.6987333333336,582.030013621973,1783.7287469553066,35.65451901010066,2.2611132145689883,23.0,23.3,23.150000000000002
789,186,18,0.72,1189.8695333333333,582.1177164313277,1771.9872497646609,35.4998217303693,2.350846480798261,23.0,23.3,23.150000000000002
789,187,18,0.6900000000000001,1172.1257333333333,571.7038276863714,1743.8295610197047,35.26563425369287,2.433667324434983,23.0,23.3,23.150000000000002
789,188,18,0.67,1160.2965333333334,556.6222037725215,1716.9187371058547,35.10805767276037,2.5349420329506307,23.0,23.3,23.150000000000002
789,189,18,0.67,1160.2965333333334,556.1463213485674,1716.4428546819006,35.10805767276037,2.88193348277153,23.0,23.3,23.150000000000002
789,190,18,0.66,1154.3819333333329,548.2365254614248,1702.6184587947578,35.02882763464227,3.2451488083993145,23.0,23.3,23.150000000000002
789,191,18,0.66,1154.3819333333329,547.6741501540841,1702.056083487417,35.02882763464227,3.596584568593322,23.0,23.3,23.150000000000002
789,192,18,0.64,1142.5527333333334,532.5490104086537,1675.101743741987,34.86947340135755,3.953097243595707,23.0,23.3,23.150000000000002
789,193,18,0.63,1136.6381333333334,525.5638053983099,1662.2019387316434,34.78934487583022,3.8452424521656763,23.0,23.3,23.150000000000002
789,194,18,0.63,1136.6381333333334,525.7256145655814,1662.3637478989149,34.78934487583022,3.7468023872667526,23.0,23.3,23.150000000000002
789,195,18,0.63,1136.6381333333334,525.9000200558397,1662.5381533891732,34.78934487583022,3.638435054456278,23.0,23.3,23.150000000000002
789,196,18,0.63,1136.6381333333334,526.0534410294539,1662.6915743627872,34.78934487583022,3.5410347573382435,23.0,23.3,23.150000000000002
789,197,18,0.63,1136.6381333333334,525.6865485097977,1662.3246818431307,34.78934487583022,3.770749119177732,23.0,23.3,23.150000000000002
789,198,18,0.63,1136.6381333333334,525.3190081361713,1661.9571414695047,34.78934487583022,3.9905981086488556,23.0,23.3,23.150000000000002
789,199,18,0.64,1142.5527333333334,532.0896863437976,1674.6424196771309,34.86947340135755,4.212700818410644,23.0,23.3,23.150000000000002
789,200,18,0.66,1154.3819333333329,546.1647767227524,1700.5467100560854,35.02882763464227,4.43157761666596,23.0,23.3,23.150000000000002
789,201,18,0.68,1166.2111333333332,560.883637797301,1727.0947711306344,35.18699250886368,4.431233820768673,23.0,23.3,23.150000000000002
789,202,18,0.6900000000000001,1172.1257333333333,568.326811590123,1740.4525449234563,35.26563425369287,4.434088581081662,23.0,23.3,23.150000000000002
789,203,18,0.6900000000000001,1172.1257333333333,568.3367099868358,1740.462443320169,35.26563425369287,4.429272126294177,23.0,23.3,23.150000000000002
789,204,18,0.6900000000000001,1172.1257333333333,568.3344653799063,1740.4601987132398,35.26563425369287,4.430364687468193,23.0,23.3,23.150000000000002
789,205,18,0.68,1166.2111333333332,561.1356055938979,1727.3467389272312,35.18699250886368,4.305115313086078,23.0,23.3,23.150000000000002
789,206,18,0.68,1166.2111333333332,561.3628137684788,1727.573947101812,35.18699250886368,4.188866726584084,23.0,23.3,23.150000000000002
789,207,18,0.67,1160.2965333333334,554.1925118845015,1714.489045217835,35.10805767276037,4.068201876618309,23.0,23.3,23.150000000000002
789,208,18,0.67,1160.2965333333334,554.3951998558395,1714.691733189173,35.10805767276037,3.9579748905148002,23.0,23.3,23.150000000000002
789,209,18,0.66,1154.3819333333329,546.5514114409584,1700.9333447742913,35.02882763464227,4.229961636302118,23.0,23.3,23.150000000000002
789,210,18,0.64,1142.5527333333334,531.5356700180745,1674.088403351408,34.86947340135755,4.510149278951868,23.0,23.3,23.150000000000002
789,211,18,0.63,1136.6381333333334,523.861018025999,1660.4991513593322,34.78934487583022,4.783618078346198,23.0,23.3,23.150000000000002
789,212,18,0.59,1112.9797333333333,531.5190264263074,1644.4987597596407,34.46576981220285,5.060781500004543,23.0,23.3,23.150000000000002
789,213,18,0.5700000000000001,1101.1505333333334,515.488467275195,1616.6390006085285,34.302114036113764,5.05932850083521,23.0,23.3,23.150000000000002
789,214,18,0.54,1083.4067333333335,492.10518957930935,1575.5119229126428,34.054242835186,5.060937096295197,23.0,23.3,23.150000000000002
789,215,18,0.53,1077.4921333333334,484.48069676299207,1561.9728300963254,33.970972894788844,5.072840377331382,23.0,23.3,23.150000000000002
789,216,18,0.53,1077.4921333333334,484.4802352381059,1561.9723685714393,33.970972894788844,5.074268125433894,23.0,23.3,23.150000000000002
789,217,18,0.54,1083.4067333333335,461.9098410079193,1545.3165743412526,34.054242835186,4.966994167747561,23.0,23.3,23.150000000000002
789,218,18,0.56,1095.2359333333334,475.3758555746219,1570.611788907955,34.219811004591435,4.864249800135228,23.0,23.3,23.150000000000002
789,219,18,0.56,1095.2359333333334,475.54103079020115,1570.7769641235345,34.219811004591435,4.769620650861074,23.0,23.3,23.150000000000002
789,220,18,0.5700000000000001,1101.1505333333334,482.43874271435857,1583.589276047692,34.302114036113764,4.675895391749075,23.0,23.3,23.150000000000002
789,221,18,0.5700000000000001,1101.1505333333334,482.4775061902714,1583.6280395236047,34.302114036113764,4.65352990749085,23.0,23.3,23.150000000000002
789,222,18,0.58,1107.0651333333333,489.31628566274566,1596.381418996079,34.384099525554774,4.628456787695609,23.0,23.3,23.150000000000002
789,223,18,0.58,1107.0651333333333,489.3621789915883,1596.4273123249216,34.384099525554774,4.602235398971609,23.0,23.3,23.150000000000002
789,224,18,0.59,1112.9797333333333,496.2506397442194,1609.2303730775527,34.46576981220285,4.582784350473921,23.0,23.3,23.150000000000002
789,225,18,0.61,1124.808933333333,510.03635839944394,1634.8452917327772,34.62817401353699,4.635452135312016,23.0,23.3,23.150000000000002
789,226,18,0.63,1136.6381333333334,524.0354596110026,1660.673592944336,34.78934487583022,4.694327379892869,23.0,23.3,23.150000000000002
789,227,18,0.64,1142.5527333333334,531.0752591083055,1673.6279924416388,34.86947340135755,4.746095451205016,23.0,23.3,23.150000000000002
789,228,18,0.64,1142.5527333333334,530.9838177046589,1673.5365510379922,34.86947340135755,4.791861294294069,23.0,23.3,23.150000000000002
789,229,18,0.66,1154.3819333333329,545.4916429707754,1699.8735763041084,35.02882763464227,4.7664498342544475,23.0,23.3,23.150000000000002
789,230,18,0.67,1160.2965333333334,552.862526762221,1713.1590600955544,35.10805767276037,4.741028049414727,23.0,23.3,23.150000000000002
789,231,18,0.67,1160.2965333333334,552.9058739837686,1713.202407317102,35.10805767276037,4.720296880157757,23.0,23.3,23.150000000000002
789,232,18,0.67,1160.2965333333334,552.9502607911119,1713.2467941244454,35.10805767276037,4.698993865747171,23.0,23.3,23.150000000000002
789,233,18,0.66,1154.3819333333329,545.5215940026567,1699.9035273359896,35.02882763464227,4.751946492798733,23.0,23.3,23.150000000000002
789,234,18,0.64,1142.5527333333334,530.9638543680653,1673.516587701399,34.86947340135755,4.801806958255898,23.0,23.3,23.150000000000002
789,235,18,0.64,1142.5527333333334,530.88462984878,1673.4373631821136,34.86947340135755,4.841116931617111,23.0,23.3,23.150000000000002
789,236,18,0.63,1136.6381333333334,523.6371154379426,1660.2752487712758,34.78934487583022,4.896332486636141,23.0,23.3,23.150000000000002
789,237,18,0.62,1130.7235333333333,556.2250657532181,1686.9485990865512,34.708912486998386,5.218572219699367,23.0,23.3,23.150000000000002
789,238,18,0.61,1124.808933333333,547.8198016622447,1672.628734995578,34.62817401353699,5.546528290986366,23.0,23.3,23.150000000000002
789,239,18,0.58,1107.0651333333333,523.2213027445997,1630.2864360779329,34.384099525554774,5.87140561279378,23.0,23.3,23.150000000000002
789,240,18,0.54,1083.4067333333335,491.64648171823234,1575.0532150515655,34.054242835186,6.1979249743423255,23.0,23.3,23.150000000000002
789,241,18,0.51,1065.6629333333333,468.9821616159808,1534.6450949493142,33.8034491054765,6.200509014002838,23.0,23.3,23.150000000000002
789,242,18,0.48,1047.9191333333333,447.084565429778,1495.0036987631113,33.54966627710388,6.199589156268036,23.0,23.3,23.150000000000002
789,243,18,0.48,1047.9191333333333,447.0947250308608,1495.0138583641942,33.54966627710388,6.182236169461886,23.0,23.3,23.150000000000002
789,244,18,0.49,1053.8337333333334,454.3101417252297,1508.143875058563,33.63459687210719,6.182448030738007,23.0,23.3,23.150000000000002
789,245,18,0.52,1071.5775333333331,476.3768144203704,1547.9543477537036,33.88737580662169,6.3355184330834025,23.0,23.3,23.150000000000002
789,246,18,0.54,1083.4067333333335,491.4929309230621,1574.8996642563955,34.054242835186,6.490176876554264,23.0,23.3,23.150000000000002
789,247,18,0.56,1095.2359333333334,506.9671704937349,1602.2031038270684,34.219811004591435,6.644185041179912,23.0,23.3,23.150000000000002
789,248,18,0.56,1095.2359333333334,506.8874278870012,1602.1233612203343,34.219811004591435,6.789185225443314,23.0,23.3,23.150000000000002
789,249,18,0.56,1095.2359333333334,506.88158482904106,1602.1175181623744,34.219811004591435,6.7995754551040255,23.0,23.3,23.150000000000002
789,250,18,0.56,1095.2359333333334,506.87848137327757,1602.114414706611,34.219811004591435,6.805081714681126,23.0,23.3,23.150000000000002
789,251,18,0.56,1095.2359333333334,506.87843274896534,1602.1143660822988,34.219811004591435,6.805167917747275,23.0,23.3,23.150000000000002
789,252,18,0.5700000000000001,1101.1505333333334,514.7998261185099,1615.9503594518435,34.302114036113764,6.798186157944094,23.0,23.3,23.150000000000002
789,253,18,0.58,1107.0651333333333,522.8876244285076,1629.952757761841,34.384099525554774,6.642186256282121,23.0,23.3,23.150000000000002
789,254,18,0.59,1112.9797333333333,531.0516664152562,1644.0313997485896,34.46576981220285,6.496256273132037,23.0,23.3,23.150000000000002
789,255,18,0.61,1124.808933333333,547.5765823419346,1672.3855156752677,34.62817401353699,6.339167500257304,23.0,23.3,23.150000000000002
789,256,18,0.62,1130.7235333333333,555.9951281302011,1686.7186614635343,34.708912486998386,6.1900223975359125,23.0,23.3,23.150000000000002
789,257,18,0.62,1130.7235333333333,556.0789451624462,1686.8024784957795,34.708912486998386,5.9107829527000195,23.0,23.3,23.150000000000002
789,258,18,0.63,1136.6381333333334,564.5926390689431,1701.2307724022764,34.78934487583022,5.6275348479251495,23.0,23.3,23.150000000000002
789,259,18,0.62,1130.7235333333333,556.2049965661787,1686.928529899512,34.708912486998386,5.345733677117374,23.0,23.3,23.150000000000002
789,260,18,0.61,1124.808933333333,547.9100155973949,1672.718948930728,34.62817401353699,5.071768787386235,23.0,23.3,23.150000000000002
789,261,18,0.59,1112.9797333333333,531.5157042262028,1644.4954375595362,34.46576981220285,5.077783270137918,23.0,23.3,23.150000000000002
789,262,18,0.5700000000000001,1101.1505333333334,515.4855628403166,1616.6360961736502,34.302114036113764,5.0713602648370415,23.0,23.3,23.150000000000002
789,263,18,0.5700000000000001,1101.1505333333334,515.485830514298,1616.6363638476314,34.302114036113764,5.070256113386827,23.0,23.3,23.150000000000002
789,264,18,0.56,1095.2359333333334,507.60283606643065,1602.838769399764,34.219811004591435,5.073504454310647,23.0,23.3,23.150000000000002
789,265,18,0.54,1083.4067333333335,461.98061036277755,1545.387343696111,34.054242835186,4.925800112224843,23.0,23.3,23.150000000000002
789,266,18,0.54,1083.4067333333335,462.232315675016,1545.6390490083495,34.054242835186,4.777014396924014,23.0,23.3,23.150000000000002
789,267,18,0.52,1071.5775333333331,449.4029842287011,1520.9805175620343,33.88737580662169,4.625924179247851,23.0,23.3,23.150000000000002
789,268,18,0.51,1065.6629333333333,443.1788107286678,1508.8417440620012,33.8034491054765,4.474108402707268,23.0,23.3,23.150000000000002
789,269,18,0.47,1042.0045333333335,418.0747708682736,1460.079304201607,33.46439594285133,4.346164295330502,23.0,23.3,23.150000000000002
789,270,18,0.45999999999999996,1036.0899333333336,412.0445057046346,1448.1344390379681,33.37878326963981,4.228605581685094,23.0,23.3,23.150000000000002
789,271,18,0.45999999999999996,1036.0899333333336,412.1995817340168,1448.2895150673503,33.37878326963981,4.108257138013608,23.0,23.3,23.150000000000002
789,272,18,0.48,1047.9191333333333,424.80270888904386,1472.7218422223773,33.54966627710388,3.981854448576163,23.0,23.3,23.150000000000002
789,273,18,0.51,1065.6629333333333,443.8872054377299,1509.550138771063,33.8034491054765,3.9803997567081852,23.0,23.3,23.150000000000002
789,274,18,0.53,1077.4921333333334,456.8837104777388,1534.3758438110722,33.970972894788844,3.9843784603229473,23.0,23.3,23.150000000000002
789,275,18,0.54,1083.4067333333335,463.47623587014084,1546.8829692034742,34.054242835186,3.9797469766221014,23.0,23.3,23.150000000000002
789,276,18,0.56,1095.2359333333334,476.84236711639073,1572.078300449724,34.219811004591435,3.964159297171271,23.0,23.3,23.150000000000002
789,277,18,0.5700000000000001,1101.1505333333334,483.825596232665,1584.9761295659985,34.302114036113764,3.814218715623482,23.0,23.3,23.150000000000002
789,278,18,0.5700000000000001,1101.1505333333334,484.05675889590873,1585.207292229242,34.302114036113764,3.65568346156658,23.0,23.3,23.150000000000002
789,279,18,0.5700000000000001,1101.1505333333334,484.27003573224187,1585.4205690655754,34.302114036113764,3.5046204599951043,23.0,23.3,23.150000000000002
789,280,18,0.58,1107.0651333333333,491.3126226488442,1598.3777559821776,34.384099525554774,3.3500753655231654,23.0,23.3,23.150000000000002
789,281,18,0.58,1107.0651333333333,491.3738008044993,1598.4389341378326,34.384099525554774,3.3051117547217763,23.0,23.3,23.150000000000002
789,282,18,0.59,1112.9797333333333,498.32196473179437,1611.3016980651278,34.46576981220285,3.2631577752492484,23.0,23.3,23.150000000000002
789,283,18,0.59,1112.9797333333333,498.38033962711035,1611.3600729604439,34.46576981220285,3.22019212107555,23.0,23.3,23.150000000000002
789,284,18,0.61,1124.808933333333,512.3971292596173,1637.2060625929505,34.62817401353699,3.179828912773032,23.0,23.3,23.150000000000002
789,285,18,0.62,1130.7235333333333,519.6438218624579,1650.3673551957913,34.708912486998386,3.0523892480814454,23.0,23.3,23.150000000000002
789,286,18,0.62,1130.7235333333333,519.8185355803602,1650.5420689136934,34.708912486998386,2.922931717081687,23.0,23.3,23.150000000000002
789,287,18,0.62,1130.7235333333333,519.981878217861,1650.7054115511942,34.708912486998386,2.7980035525708122,23.0,23.3,23.150000000000002
789,288,18,0.61,1124.808933333333,513.0525716767856,1637.8615050101187,34.62817401353699,2.678246309549391,23.0,23.3,23.150000000000002
789,289,18,0.58,1107.0651333333333,492.2177718317996,1599.282905165133,34.384099525554774,2.629915415085131,23.0,23.3,23.150000000000002
789,290,18,0.5700000000000001,1101.1505333333334,485.4175089939165,1586.56804232725,34.302114036113764,2.5874192693880844,23.0,23.3,23.150000000000002
789,291,18,0.56,1095.2359333333334,478.6640631352461,1573.8999964685795,34.219811004591435,2.5531468434418665,23.0,23.3,23.150000000000002
789,292,18,0.54,1083.4067333333335,465.3077412018045,1548.714474535138,34.054242835186,2.501508971479355,23.0,23.3,23.150000000000002
789,293,18,0.54,1083.4067333333335,465.41119526859586,1548.8179286019292,34.054242835186,2.3993699070963066,23.0,23.3,23.150000000000002
789,294,18,0.53,1077.4921333333334,458.8897366209245,1536.3818699542578,33.970972894788844,2.2954124247589274,23.0,23.3,23.150000000000002
789,295,18,0.53,1077.4921333333334,458.98433203876687,1536.4764653721002,33.970972894788844,2.1943339045107013,23.0,23.3,23.150000000000002
789,296,18,0.52,1071.5775333333331,452.50149691761004,1524.0790302509433,33.88737580662169,2.0983590443941496,23.0,23.3,23.150000000000002
789,297,18,0.49,1053.8337333333334,433.20621403759367,1487.0399473709272,33.63459687210719,2.0074255556764706,23.0,23.3,23.150000000000002
789,298,18,0.49,1053.8337333333334,433.2803483654224,1487.1140816987556,33.63459687210719,1.913867407907397,23.0,23.3,23.150000000000002
789,299,18,0.48,1047.9191333333333,427.0012366172864,1474.9203699506197,33.54966627710388,1.8241514034654374,23.0,23.3,23.150000000000002
789,300,18,0.49,1053.8337333333334,433.42515392008397,1487.2588872534175,33.63459687210719,1.7219969027006736,23.0,23.3,23.150000000000002
789,301,18,0.49,1053.8337333333334,433.39373128461415,1487.2274646179476,33.63459687210719,1.764748757194178,23.0,23.3,23.150000000000002
789,302,18,0.51,1065.6629333333333,446.22223069106445,1511.8851640243977,33.8034491054765,1.8139512118388543,23.0,23.3,23.150000000000002
789,303,18,0.52,1071.5775333333331,452.707235024183,1524.2847683575162,33.88737580662169,1.8544563758247532,23.0,23.3,23.150000000000002
789,304,18,0.53,1077.4921333333334,459.23955003500083,1536.7316833683342,33.970972894788844,1.9044204377339862,23.0,23.3,23.150000000000002
789,305,18,0.56,1095.2359333333334,479.3542356015944,1574.5901689349278,34.219811004591435,1.8458889804367542,23.0,23.3,23.150000000000002
789,306,18,0.5700000000000001,1101.1505333333334,486.20118720085077,1587.3517205341843,34.302114036113764,1.7971637528148618,23.0,23.3,23.150000000000002
789,307,18,0.5700000000000001,1101.1505333333334,486.23770297048384,1587.3882363038172,34.302114036113764,1.7549116548012402,23.0,23.3,23.150000000000002
789,308,18,0.5700000000000001,1101.1505333333334,486.26993270942876,1587.4204660427622,34.302114036113764,1.7170804651183955,23.0,23.3,23.150000000000002
789,309,18,0.5700000000000001,1101.1505333333334,486.2958265379905,1587.446359871324,34.302114036113764,1.6863055612323636,23.0,23.3,23.150000000000002
789,310,18,0.5700000000000001,1101.1505333333334,486.3156828591335,1587.4662161924668,34.302114036113764,1.6624684535394567,23.0,23.3,23.150000000000002
789,311,18,0.5700000000000001,1101.1505333333334,486.33103691956603,1587.4815702528995,34.302114036113764,1.6438907904791218,23.0,23.3,23.150000000000002
789,312,18,0.58,1107.0651333333333,493.21641467177363,1600.281548005107,34.384099525554774,1.6200563401458625,23.0,23.3,23.150000000000002
789,313,18,0.59,1112.9797333333333,500.4216678807303,1613.4014012140635,34.46576981220285,1.264219640912028,23.0,23.3,23.150000000000002
789,314,18,0.61,1124.808933333333,514.6945866055638,1639.503519938897,34.62817401353699,0.9259902769737312,23.0,23.3,23.150000000000002
789,315,18,0.61,1124.808933333333,514.9058882154101,1639.7148215487432,34.62817401353699,0.566212194520233,23.0,23.3,23.150000000000002
789,316,18,0.62,1130.7235333333333,522.1876623213277,1652.911195654661,34.708912486998386,0.21513979573158754,23.0,23.3,23.150000000000002
789,317,18,0.62,1130.7235333333333,522.1981567105355,1652.9216900438687,34.708912486998386,0.1897426456014082,23.0,23.3,23.150000000000002
789,318,18,0.62,1130.7235333333333,522.2023828132743,1652.9259161466075,34.708912486998386,0.1793623262042561,23.0,23.3,23.150000000000002
789,319,18,0.61,1124.808933333333,515.095515478234,1639.9044488115671,34.62817401353699,0.1524727721547684,23.0,23.3,23.150000000000002
789,320,18,0.61,1124.808933333333,515.1040589559638,1639.9129922892969,34.62817401353699,0.1303123442539204,23.0,23.3,23.150000000000002
789,321,18,0.61,1124.808933333333,515.0949142224042,1639.9038475557372,34.62817401353699,0.1540164728236307,23.0,23.3,23.150000000000002
789,322,18,0.59,1112.9797333333333,501.02593068752304,1614.0056640208563,34.46576981220285,0.18415985584243252,23.0,23.3,23.150000000000002
789,323,18,0.58,1107.0651333333333,494.0749085431145,1601.1400418764479,34.384099525554774,0.21252870852059097,23.0,23.3,23.150000000000002
789,324,18,0.5700000000000001,1101.1505333333334,487.18181900808145,1588.332352341415,34.302114036113764,0.2429890935645918,23.0,23.3,23.150000000000002
789,325,18,0.56,1095.2359333333334,480.3465390642639,1575.5824723975973,34.219811004591435,0.27521933405969584,23.0,23.3,23.150000000000002
789,326,18,0.54,1083.4067333333335,466.8638447586765,1550.27057809201,34.054242835186,0.30577814011947746,23.0,23.3,23.150000000000002
789,327,18,0.54,1083.4067333333335,466.85392253888057,1550.2606558722139,34.054242835186,0.3311305436155524,23.0,23.3,23.150000000000002
789,328,18,0.54,1083.4067333333335,466.84507729285366,1550.251810626187,34.054242835186,0.35333465387133334,23.0,23.3,23.150000000000002
789,329,18,0.56,1095.2359333333334,480.2326488558821,1575.4685821892153,34.219811004591435,0.5382023308191454,23.0,23.3,23.150000000000002
789,330,18,0.56,1095.2359333333334,480.12819913809193,1575.3641324714251,34.219811004591435,0.7451703936916392,23.0,23.3,23.150000000000002
789,331,18,0.56,1095.2359333333334,480.01819569481216,1575.2541290281454,34.219811004591435,0.93961397670005,23.0,23.3,23.150000000000002
789,332,18,0.56,1095.2359333333334,479.8970332949596,1575.132966628293,34.219811004591435,1.1335550784233355,23.0,23.3,23.150000000000002
789,333,18,0.5700000000000001,1101.1505333333334,486.2571938376357,1587.407727170969,34.302114036113764,1.7320950983271675,23.0,23.3,23.150000000000002
789,334,18,0.5700000000000001,1101.1505333333334,485.69757236753094,1586.8481057008644,34.302114036113764,2.326285511298858,23.0,23.3,23.150000000000002
789,335,18,0.5700000000000001,1101.1505333333334,485.0282499808542,1586.1787833141875,34.302114036113764,2.9221094542241626,23.0,23.3,23.150000000000002
789,336,18,0.56,1095.2359333333334,477.48321286914614,1572.7191462024796,34.219811004591435,3.517039326252277,23.0,23.3,23.150000000000002
789,337,18,0.56,1095.2359333333334,477.1344081619852,1572.3703414953186,34.219811004591435,3.765447835181468,23.0,23.3,23.150000000000002
789,338,18,0.56,1095.2359333333334,476.77243082721344,1572.0083641605468,34.219811004591435,4.010613505222293,23.0,23.3,23.150000000000002
789,339,18,0.56,1095.2359333333334,476.3764650650296,1571.612398398363,34.219811004591435,4.266163360625258,23.0,23.3,23.150000000000002
789,340,18,0.54,1083.4067333333335,462.67511339163343,1546.0818467249667,34.054242835186,4.505956082969409,23.0,23.3,23.150000000000002
789,341,18,0.54,1083.4067333333335,462.29963005511024,1545.7063633884436,34.054242835186,4.736599245964538,23.0,23.3,23.150000000000002
789,342,18,0.54,1083.4067333333335,461.93121196479046,1545.337945298124,34.054242835186,4.954583031893676,23.0,23.3,23.150000000000002
789,343,18,0.56,1095.2359333333334,507.5753565075159,1602.8112898408492,34.219811004591435,5.173819174311068,23.0,23.3,23.150000000000002
789,344,18,0.56,1095.2359333333334,507.50784608734585,1602.7437794206792,34.219811004591435,5.396143508911752,23.0,23.3,23.150000000000002
789,345,18,0.5700000000000001,1101.1505333333334,515.2287403607316,1616.3792736940652,34.302114036113764,5.881456475550656,23.0,23.3,23.150000000000002
789,346,18,0.58,1107.0651333333333,523.0257177433333,1630.0908510766665,34.384099525554774,6.350583520180031,23.0,23.3,23.150000000000002
789,347,18,0.58,1107.0651333333333,522.7861638626883,1629.8512971960215,34.384099525554774,6.839708883380278,23.0,23.3,23.150000000000002
789,348,18,0.5700000000000001,1101.1505333333334,514.5046630392613,1615.6551963725947,34.302114036113764,7.304314955789075,23.0,23.3,23.150000000000002
789,349,18,0.5700000000000001,1101.1505333333334,514.589544869742,1615.7400782030754,34.302114036113764,7.165514436205939,23.0,23.3,23.150000000000002
789,350,18,0.56,1095.2359333333334,506.76261153811765,1601.998544871451,34.219811004591435,7.004925557348354,23.0,23.3,23.150000000000002
789,351,18,0.54,1083.4067333333335,491.2780844062219,1574.6848177395555,34.054242835186,6.861273173118541,23.0,23.3,23.150000000000002
789,352,18,0.54,1083.4067333333335,491.3706465405218,1574.7773798738554,34.054242835186,6.705987879735354,23.0,23.3,23.150000000000002
789,353,18,0.53,1077.4921333333334,483.4446928070207,1560.936826140354,33.970972894788844,7.142920175405179,23.0,23.3,23.150000000000002
789,354,18,0.53,1077.4921333333334,483.1518274169726,1560.6439607503057,33.970972894788844,7.562368771471356,23.0,23.3,23.150000000000002
789,355,18,0.53,1077.4921333333334,482.8219982086642,1560.3141315419975,33.970972894788844,7.996749383179155,23.0,23.3,23.150000000000002
789,356,18,0.54,1083.4067333333335,490.1549338917276,1573.561667225061,34.054242835186,8.41584427020909,23.0,23.3,23.150000000000002
789,357,18,0.56,1095.2359333333334,505.7741989948786,1601.0101323282117,34.219811004591435,8.41890786017959,23.0,23.3,23.150000000000002
789,358,18,0.56,1095.2359333333334,505.7828246388442,1601.0187579721776,34.219811004591435,8.408066338974793,23.0,23.3,23.150000000000002
789,359,18,0.5700000000000001,1101.1505333333334,513.7278832930564,1614.87841662639,34.302114036113764,8.411799879398009,23.0,23.3,23.150000000000002
789,360,18,0.5700000000000001,1101.1505333333334,513.7244503569476,1614.8749836902812,34.302114036113764,8.416218165220865,23.0,23.3,23.150000000000002
789,361,18,0.5700000000000001,1101.1505333333334,513.8229171452223,1614.9734504785558,34.302114036113764,8.288171051849366,23.0,23.3,23.150000000000002
789,362,18,0.5700000000000001,1101.1505333333334,513.9164142943899,1615.0669476277235,34.302114036113764,8.163915369498651,23.0,23.3,23.150000000000002
789,363,18,0.5700000000000001,1101.1505333333334,514.0024010355584,1615.1529343688917,34.302114036113764,8.047143049584452,23.0,23.3,23.150000000000002
789,364,18,0.5700000000000001,1101.1505333333334,514.101345340607,1615.2518786739404,34.302114036113764,7.909539050698781,23.0,23.3,23.150000000000002
789,365,18,0.5700000000000001,1101.1505333333334,514.1030096048888,1615.2535429382222,34.302114036113764,7.9071930568383575,23.0,23.3,23.150000000000002
789,366,18,0.5700000000000001,1101.1505333333334,514.100444634726,1615.2509779680595,34.302114036113764,7.910808262455722,23.0,23.3,23.150000000000002
789,367,18,0.5700000000000001,1101.1505333333334,514.0995780635845,1615.250111396918,34.302114036113764,7.912029076865963,23.0,23.3,23.150000000000002
789,368,18,0.5700000000000001,1101.1505333333334,514.0993387730744,1615.2498721064078,34.302114036113764,7.912366135002361,23.0,23.3,23.150000000000002
789,369,18,0.56,1095.2359333333334,506.1551618002386,1601.391095133572,34.219811004591435,7.919906717384773,23.0,23.3,23.150000000000002
789,370,18,0.56,1095.2359333333334,506.14648568165,1601.3824190149833,34.219811004591435,7.931782153786936,23.0,23.3,23.150000000000002
789,371,18,0.54,1083.4067333333335,490.5439760862058,1573.9507094195392,34.054242835186,7.928041798442926,23.0,23.3,23.150000000000002
789,372,18,0.54,1083.4067333333335,490.5461365725833,1573.9528699059165,34.054242835186,7.925216105880759,23.0,23.3,23.150000000000002
789,373,18,0.54,1083.4067333333335,490.6602471630671,1574.0669804964004,34.054242835186,7.773861243365972,23.0,23.3,23.150000000000002
789,374,18,0.54,1083.4067333333335,490.7711761498851,1574.1779094832186,34.054242835186,7.622467633724352,23.0,23.3,23.150000000000002
789,375,18,0.53,1077.4921333333334,483.22141731635844,1560.7135506496918,33.970972894788844,7.465959631398163,23.0,23.3,23.150000000000002
789,376,18,0.52,1071.5775333333331,475.75578584962994,1547.3333191829634,33.88737580662169,7.316510745554204,23.0,23.3,23.150000000000002
789,377,18,0.51,1065.6629333333333,468.47365941223615,1534.1365927455695,33.8034491054765,7.028175088629507,23.0,23.3,23.150000000000002
789,378,18,0.49,1053.8337333333334,453.95797881211,1507.7917121454434,33.63459687210719,6.753057030084571,23.0,23.3,23.150000000000002
789,379,18,0.49,1053.8337333333334,454.13524129800425,1507.9689746313377,33.63459687210719,6.476103796274123,23.0,23.3,23.150000000000002
789,380,18,0.49,1053.8337333333334,454.29480819117515,1508.1285415245086,33.63459687210719,6.209139543266109,23.0,23.3,23.150000000000002
789,381,18,0.51,1065.6629333333333,469.0328277109565,1534.6957610442898,33.8034491054765,6.10689526705302,23.0,23.3,23.150000000000002
789,382,18,0.52,1071.5775333333331,476.55090432208283,1548.128437655416,33.88737580662169,6.006598998126958,23.0,23.3,23.150000000000002
789,383,18,0.53,1077.4921333333334,484.14704765503944,1561.6391809883728,33.970972894788844,5.912192090684619,23.0,23.3,23.150000000000002
789,384,18,0.54,1083.4067333333335,491.8256221664178,1575.232355499751,34.054242835186,5.8160858192589,23.0,23.3,23.150000000000002
789,385,18,0.56,1095.2359333333334,507.385163753415,1602.6210970867483,34.219811004591435,5.741698894748109,23.0,23.3,23.150000000000002
789,386,18,0.5700000000000001,1101.1505333333334,515.30384628542,1616.4543796187534,34.302114036113764,5.679559649244117,23.0,23.3,23.150000000000002
789,387,18,0.58,1107.0651333333333,523.3113663065994,1630.3764996399327,34.384099525554774,5.608856922869623,23.0,23.3,23.150000000000002
789,388,18,0.59,1112.9797333333333,531.4030707065037,1644.382804039837,34.46576981220285,5.544924375181687,23.0,23.3,23.150000000000002
789,389,18,0.61,1124.808933333333,547.802227622858,1672.611160956191,34.62817401353699,5.619251343197135,23.0,23.3,23.150000000000002
789,390,18,0.61,1124.808933333333,547.7825369656174,1672.5914702989505,34.62817401353699,5.696315030422164,23.0,23.3,23.150000000000002
789,391,18,0.62,1130.7235333333333,556.1163003383873,1686.8398336717205,34.708912486998386,5.768323104112355,23.0,23.3,23.150000000000002
789,392,18,0.62,1130.7235333333333,556.0953736681264,1686.8189070014598,34.708912486998386,5.849855270972012,23.0,23.3,23.150000000000002
789,393,18,0.62,1130.7235333333333,556.1002694287228,1686.823802762056,34.708912486998386,5.831198244271182,23.0,23.3,23.150000000000002
789,394,18,0.61,1124.808933333333,547.755484352312,1672.5644176856451,34.62817401353699,5.7958766677147215,23.0,23.3,23.150000000000002
789,395,18,0.59,1112.9797333333333,531.3296747474227,1644.309408080756,34.46576981220285,5.784437887059376,23.0,23.3,23.150000000000002
789,396,18,0.5700000000000001,1101.1505333333334,515.2715711125511,1616.4221044458845,34.302114036113764,5.768713117517629,23.0,23.3,23.150000000000002
789,397,18,0.54,1083.4067333333335,491.84671441229284,1575.2534477456263,34.054242835186,5.767309162464721,23.0,23.3,23.150000000000002
789,398,18,0.52,1071.5775333333331,476.6578750384814,1548.2354083718146,33.88737580662169,5.785408668335045,23.0,23.3,23.150000000000002
789,399,18,0.51,1065.6629333333333,469.1940587516653,1534.8569920849986,33.8034491054765,5.78910139782542,23.0,23.3,23.150000000000002
789,400,18,0.49,1053.8337333333334,454.52246462570304,1508.3561979590363,33.63459687210719,5.789729078601835,23.0,23.3,23.150000000000002
789,401,18,0.48,1047.9191333333333,447.3104803711942,1495.2296137045275,33.54966627710388,5.792017785353232,23.0,23.3,23.150000000000002
789,402,18,0.47,1042.0045333333335,440.1794769813866,1482.18401031472,33.46439594285133,5.796447483945482,23.0,23.3,23.150000000000002
789,403,18,0.45999999999999996,1036.0899333333336,433.13206462161855,1469.221997954952,33.37878326963981,5.796660453929108,23.0,23.3,23.150000000000002
789,404,18,0.44,1024.2607333333333,419.28149725145437,1443.5422305847876,33.2065203671808,5.79140441601746,23.0,23.3,23.150000000000002
789,405,18,0.43,1018.3461333333333,412.46925627407717,1430.8153896074105,33.11986479706046,5.799319576790364,23.0,23.3,23.150000000000002
789,406,18,0.42000000000000004,1012.4315333333334,405.74117280892716,1418.1727061422607,33.03285620546629,5.796923383870401,23.0,23.3,23.150000000000002
789,407,18,0.41000000000000003,1006.5169333333331,399.09090544168805,1405.6078387750213,32.94549184892777,5.794147587565131,23.0,23.3,23.150000000000002
789,408,18,0.42000000000000004,1012.4315333333334,405.7441937643373,1418.1757270976705,33.03285620546629,5.791696406920952,23.0,23.3,23.150000000000002
789,409,18,0.42000000000000004,1012.4315333333334,405.74294251339467,1418.174475846728,33.03285620546629,5.793862245846336,23.0,23.3,23.150000000000002
789,410,18,0.43,1018.3461333333333,412.47328428951306,1430.8194176228462,33.11986479706046,5.792263697516731,23.0,23.3,23.150000000000002
789,411,18,0.44,1024.2607333333333,419.2753489070183,1443.5360822403518,33.2065203671808,5.802326191250873,23.0,23.3,23.150000000000002
789,412,18,0.45999999999999996,1036.0899333333336,433.1238174047623,1469.213750738096,33.37878326963981,5.811780127380234,23.0,23.3,23.150000000000002
789,413,18,0.47,1042.0045333333335,440.1723145620813,1482.1768478954148,33.46439594285133,5.809842794820315,23.0,23.3,23.150000000000002
789,414,18,0.48,1047.9191333333333,447.29490097473985,1495.2140343080732,33.54966627710388,5.821759311499607,23.0,23.3,23.150000000000002
789,415,18,0.49,1053.8337333333334,454.5016587887239,1508.3353921220573,33.63459687210719,5.830368278515099,23.0,23.3,23.150000000000002
789,416,18,0.51,1065.6629333333333,469.1735783777713,1534.8365117111048,33.8034491054765,5.8313794321085,23.0,23.3,23.150000000000002
789,417,18,0.53,1077.4921333333334,484.181112474648,1561.6732458079814,33.970972894788844,5.8387810364037955,23.0,23.3,23.150000000000002
789,418,18,0.54,1083.4067333333335,491.816686405624,1575.2234197389573,34.054242835186,5.836469136735991,23.0,23.3,23.150000000000002
789,419,18,0.54,1083.4067333333335,491.81373083239816,1575.2204641657315,34.054242835186,5.843175438769582,23.0,23.3,23.150000000000002
789,420,18,0.54,1083.4067333333335,491.8112992940212,1575.2180326273547,34.054242835186,5.848679583855295,23.0,23.3,23.150000000000002
789,421,18,0.54,1083.4067333333335,491.68150778247656,1575.08824111581,34.054242835186,6.12722326714353,23.0,23.3,23.150000000000002
789,422,18,0.53,1077.4921333333334,483.8968447347717,1561.388978068105,33.970972894788844,6.401708679872551,23.0,23.3,23.150000000000002
789,423,18,0.52,1071.5775333333331,476.17435744954514,1547.7518907828783,33.88737580662169,6.682255296717778,23.0,23.3,23.150000000000002
789,424,18,0.51,1065.6629333333333,468.5313584320768,1534.1942917654103,33.8034491054765,6.942283579207309,23.0,23.3,23.150000000000002
789,425,18,0.49,1053.8337333333334,453.8250811777194,1507.6588145110527,33.63459687210719,6.9496246192884135,23.0,23.3,23.150000000000002
789,426,18,0.48,1047.9191333333333,446.603681900833,1494.5228152341663,33.54966627710388,6.945676183839982,23.0,23.3,23.150000000000002
789,427,18,0.47,1042.0045333333335,439.4566748327312,1481.4612081660648,33.46439594285133,6.954291357571244,23.0,23.3,23.150000000000002
789,428,18,0.47,1042.0045333333335,439.45958836556065,1481.4641216988941,33.46439594285133,6.950197971196522,23.0,23.3,23.150000000000002
789,429,18,0.47,1042.0045333333335,439.46058879430836,1481.4651221276417,33.46439594285133,6.948791615765659,23.0,23.3,23.150000000000002
789,430,18,0.47,1042.0045333333335,439.4647297616907,1481.4692630950242,33.46439594285133,6.942966095923053,23.0,23.3,23.150000000000002
789,431,18,0.45999999999999996,1036.0899333333336,432.39766551755736,1468.487598850891,33.37878326963981,6.954967200817021,23.0,23.3,23.150000000000002
789,432,18,0.43,1018.3461333333333,411.7130252865599,1430.0591586198932,33.11986479706046,6.949104078026151,23.0,23.3,23.150000000000002
789,433,18,0.41000000000000003,1006.5169333333331,398.2170568874404,1404.7339902207734,32.94549184892777,7.081777726028457,23.0,23.3,23.150000000000002
789,434,18,0.39,994.6877333333334,385.03175498764097,1379.7194883209745,32.76968471709681,7.209335915239015,23.0,23.3,23.150000000000002
789,435,18,0.39,994.6877333333334,384.93315795461973,1379.620891287953,32.76968471709681,7.332330406333571,23.0,23.3,23.150000000000002
789,436,18,0.39,994.6877333333334,384.8388625363873,1379.5265958697207,32.76968471709681,7.44770401669925,23.0,23.3,23.150000000000002
789,437,18,0.41000000000000003,1006.5169333333331,397.92833825909497,1404.445271592428,32.94549184892777,7.445161216517879,23.0,23.3,23.150000000000002
789,438,18,0.42000000000000004,1012.4315333333334,404.5868627616104,1417.018396094944,33.03285620546629,7.447483551135469,23.0,23.3,23.150000000000002
789,439,18,0.43,1018.3461333333333,411.3349179013866,1429.68105123472,33.11986479706046,7.436661319523811,23.0,23.3,23.150000000000002
789,440,18,0.43,1018.3461333333333,411.3366749981116,1429.682808331445,33.11986479706046,7.434489019754243,23.0,23.3,23.150000000000002
789,441,18,0.44,1024.2607333333333,418.1544220343633,1442.4151553676966,33.2065203671808,7.435895324740545,23.0,23.3,23.150000000000002
789,442,18,0.44,1024.2607333333333,418.15781321794293,1442.4185465512764,33.2065203671808,7.43167209913751,23.0,23.3,23.150000000000002
789,443,18,0.44,1024.2607333333333,418.16350586249524,1442.4242391958285,33.2065203671808,7.4245759029791,23.0,23.3,23.150000000000002
789,444,18,0.45999999999999996,1036.0899333333336,432.0411670961811,1468.1311004295146,33.37878326963981,7.427240509073572,23.0,23.3,23.150000000000002
789,445,18,0.45999999999999996,1036.0899333333336,432.0403463503152,1468.130279683649,33.37878326963981,7.428281731844979,23.0,23.3,23.150000000000002
789,446,18,0.45999999999999996,1036.0899333333336,432.0308976597437,1468.1208309930773,33.37878326963981,7.440254892308306,23.0,23.3,23.150000000000002
789,447,18,0.45999999999999996,1036.0899333333336,432.0290040401112,1468.1189373734449,33.37878326963981,7.4426514133607355,23.0,23.3,23.150000000000002
789,448,18,0.45999999999999996,1036.0899333333336,432.0269788084064,1468.1169121417402,33.37878326963981,7.4452133840415575,23.0,23.3,23.150000000000002
789,449,18,0.44,1024.2607333333333,418.0240742696002,1442.2848076029336,33.2065203671808,7.595997634314565,23.0,23.3,23.150000000000002
789,450,18,0.43,1018.3461333333333,411.0795222911462,1429.4256556244795,33.11986479706046,7.744495013681133,23.0,23.3,23.150000000000002
789,451,18,0.41000000000000003,1006.5169333333331,397.5426706082799,1404.059603941613,32.94549184892777,7.899590414277892,23.0,23.3,23.150000000000002
789,452,18,0.39,994.6877333333334,384.31928594411295,1379.0070192774465,32.76968471709681,8.049529959137574,23.0,23.3,23.150000000000002
789,453,18,0.37,982.8585333333334,371.66300625559927,1354.5215395889327,32.59242084792707,7.908444085468467,23.0,23.3,23.150000000000002
789,454,18,0.36,976.9439333333336,365.51856892840505,1342.4625022617388,32.503235452851136,7.756207178296611,23.0,23.3,23.150000000000002
789,455,18,0.36,976.9439333333336,365.6511791091119,1342.5951124424455,32.503235452851136,7.601386876573427,23.0,23.3,23.150000000000002
789,456,18,0.36,976.9439333333336,365.7749422987737,1342.7188756321073,32.503235452851136,7.453648424495376,23.0,23.3,23.150000000000002
789,457,18,0.36,976.9439333333336,365.8086651184717,1342.7525984518054,32.503235452851136,7.412815698060452,23.0,23.3,23.150000000000002
789,458,18,0.37,982.8585333333334,372.12492249148164,1354.9834558248149,32.59242084792707,7.365826625168617,23.0,23.3,23.150000000000002
789,459,18,0.37,982.8585333333334,372.1659849402675,1355.0245182736007,32.59242084792707,7.31536548070458,23.0,23.3,23.150000000000002
789,460,18,0.36,976.9439333333336,365.93722595665844,1342.881159289992,32.503235452851136,7.25473731817639,23.0,23.3,23.150000000000002
789,461,18,0.36,976.9439333333336,365.8972822625359,1342.8412155958692,32.503235452851136,7.304272637327282,23.0,23.3,23.150000000000002
789,462,18,0.36,976.9439333333336,365.8597841788045,1342.803717512138,32.503235452851136,7.350426121867267,23.0,23.3,23.150000000000002
789,463,18,0.37,982.8585333333334,372.10024317544145,1354.958776508775,32.59242084792707,7.395963214732896,23.0,23.3,23.150000000000002
789,464,18,0.39,994.6877333333334,384.84537399583064,1379.533107329164,32.76968471709681,7.439804864493669,23.0,23.3,23.150000000000002
789,465,18,0.42000000000000004,1012.4315333333334,404.5842240006917,1417.015757334025,33.03285620546629,7.450719408998099,23.0,23.3,23.150000000000002
789,466,18,0.43,1018.3461333333333,411.3303883102697,1429.6765216436029,33.11986479706046,7.442257617272973,23.0,23.3,23.150000000000002
789,467,18,0.45999999999999996,1036.0899333333336,432.0257122006871,1468.1156455340206,33.37878326963981,7.446815090432814,23.0,23.3,23.150000000000002
789,468,18,0.45999999999999996,1036.0899333333336,432.0266152465634,1468.116548579897,33.37878326963981,7.445673177277106,23.0,23.3,23.150000000000002
789,469,18,0.45999999999999996,1036.0899333333336,432.0316473392909,1468.1215806726245,33.37878326963981,7.439305836396464,23.0,23.3,23.150000000000002
789,470,18,0.45999999999999996,1036.0899333333336,432.03939981305956,1468.129333146393,33.37878326963981,7.429482300085209,23.0,23.3,23.150000000000002
789,471,18,0.45999999999999996,1036.0899333333336,432.03784302101167,1468.1277763543453,33.37878326963981,7.431456350609919,23.0,23.3,23.150000000000002
789,472,18,0.45999999999999996,1036.0899333333336,432.0497926188575,1468.1397259521914,33.37878326963981,7.416286324706212,23.0,23.3,23.150000000000002
789,473,18,0.44,1024.2607333333333,418.1675455701335,1442.428278903467,33.2065203671808,7.419534969575524,23.0,23.3,23.150000000000002
789,474,18,0.43,1018.3461333333333,411.3531056776918,1429.6992390110252,33.11986479706046,7.414137362739903,23.0,23.3,23.150000000000002
789,475,18,0.42000000000000004,1012.4315333333334,404.60806182474175,1417.0395951580751,33.03285620546629,7.421424793886673,23.0,23.3,23.150000000000002
789,476,18,0.41000000000000003,1006.5169333333331,397.9549629090463,1404.4718962423794,32.94549184892777,7.412562897392788,23.0,23.3,23.150000000000002
789,477,18,0.39,994.6877333333334,385.2802501566375,1379.967983489971,32.76968471709681,6.887429713812048,23.0,23.3,23.150000000000002
789,478,18,0.38,988.7731333333332,379.22824767498724,1368.0013810083205,32.68123630360168,6.363926251879359,23.0,23.3,23.150000000000002
789,479,18,0.36,976.9439333333336,366.94033060310284,1343.8842639364366,32.503235452851136,5.841230642239644,23.0,23.3,23.150000000000002
789,480,18,0.34,965.1147333333334,354.9101208920921,1320.0248542254255,32.32374309508319,5.322582980861897,23.0,23.3,23.150000000000002
789,481,18,0.32,953.2855333333332,342.8059402175302,1296.0914735508634,32.142735404251184,5.432462250137381,23.0,23.3,23.150000000000002
789,482,18,0.29,935.5417333333334,325.1966828016593,1260.7384161349926,31.868329182103643,5.552797221997239,23.0,23.3,23.150000000000002
789,483,18,0.29,935.5417333333334,325.1237930832199,1260.6655264165531,31.868329182103643,5.676778491118287,23.0,23.3,23.150000000000002
789,484,18,0.28,929.6271333333332,319.3419725260079,1248.9691058593412,31.77607603614474,5.797241326918655,23.0,23.3,23.150000000000002
789,485,18,0.29,935.5417333333334,325.2703150755127,1260.8120484088458,31.868329182103643,5.423981555296428,23.0,23.3,23.150000000000002
789,486,18,0.29,935.5417333333334,325.47270163714865,1261.014434970482,31.868329182103643,5.048319461115618,23.0,23.3,23.150000000000002
789,487,18,0.31,947.3709333333334,325.2212782843953,1272.5922116177287,32.05165571777475,4.6895651161825676,23.0,23.3,23.150000000000002
789,488,18,0.32,953.2855333333332,330.975506661379,1284.2610399947123,32.142735404251184,4.323207180770542,23.0,23.3,23.150000000000002
789,489,18,0.33,959.2001333333333,336.45700718115705,1295.6571405144905,32.23343017610334,4.280845303797725,23.0,23.3,23.150000000000002
789,490,18,0.34,965.1147333333334,342.00299054615186,1307.1177238794853,32.32374309508319,4.227584087912407,23.0,23.3,23.150000000000002
789,491,18,0.37,982.8585333333334,358.8421253820565,1341.7006587153899,32.59242084792707,4.183596553437139,23.0,23.3,23.150000000000002
789,492,18,0.38,988.7731333333332,364.61423121261697,1353.3873645459503,32.68123630360168,4.120791062770468,23.0,23.3,23.150000000000002
789,493,18,0.39,994.6877333333334,370.476963053745,1365.1646963870785,32.76968471709681,4.025462526878447,23.0,23.3,23.150000000000002
789,494,18,0.42000000000000004,1012.4315333333334,388.2004347915263,1400.6319681248597,33.03285620546629,3.9188805601558934,23.0,23.3,23.150000000000002
789,495,18,0.42000000000000004,1012.4315333333334,388.3220081364263,1400.7535414697597,33.03285620546629,3.810517406473303,23.0,23.3,23.150000000000002
789,496,18,0.43,1018.3461333333333,394.4168930149726,1412.7630263483059,33.11986479706046,3.7078524064115124,23.0,23.3,23.150000000000002
789,497,18,0.43,1018.3461333333333,394.39766963466604,1412.7438029679993,33.11986479706046,3.72515607767145,23.0,23.3,23.150000000000002
789,498,18,0.43,1018.3461333333333,394.3956778381258,1412.741811171459,33.11986479706046,3.726945449764243,23.0,23.3,23.150000000000002
789,499,18,0.43,1018.3461333333333,394.4110447180309,1412.7571780513642,33.11986479706046,3.7131232032737116,23.0,23.3,23.150000000000002
789,500,18,0.43,1018.3461333333333,394.4196688600894,1412.7658021934228,33.11986479706046,3.7053486600519743,23.0,23.3,23.150000000000002
789,501,18,0.43,1018.3461333333333,394.4290110132179,1412.7751443465513,33.11986479706046,3.6969127369850328,23.0,23.3,23.150000000000002
789,502,18,0.42000000000000004,1012.4315333333334,388.45224993694995,1400.8837832702834,33.03285620546629,3.6917359709710262,23.0,23.3,23.150000000000002
789,503,18,0.39,994.6877333333334,370.82157613057103,1365.5093094639044,32.76968471709681,3.698627768804685,23.0,23.3,23.150000000000002
789,504,18,0.38,988.7731333333332,365.0626139320151,1353.8357472653483,32.68123630360168,3.6903230807846175,23.0,23.3,23.150000000000002
789,505,18,0.36,976.9439333333336,353.6610898306938,1330.6050231640274,32.503235452851136,3.7174415819907094,23.0,23.3,23.150000000000002
789,506,18,0.33,959.2001333333333,336.9645990404558,1296.164732373789,32.23343017610334,3.7502226138176966,23.0,23.3,23.150000000000002
789,507,18,0.31,947.3709333333334,326.08462184552764,1273.455555178861,32.05165571777475,3.785199575527448,23.0,23.3,23.150000000000002
789,508,18,0.28,929.6271333333332,310.1778504057088,1239.804983739042,31.77607603614474,3.810229026790242,23.0,23.3,23.150000000000002
789,509,18,0.26,917.7979333333334,299.79887430330785,1217.5968076366412,31.590373978963164,3.865536993832099,23.0,23.3,23.150000000000002
789,510,18,0.23,900.0541333333333,284.6254826071538,1184.679615940487,31.308782357757288,3.9335571803030174,23.0,23.3,23.150000000000002
789,511,18,0.22,894.1395333333334,279.6291458443028,1173.7686791776362,31.214094846670463,4.009858367211151,23.0,23.3,23.150000000000002
789,512,18,0.22,894.1395333333334,279.5716241312796,1173.711157464613,31.214094846670463,4.0866696346858635,23.0,23.3,23.150000000000002
789,513,18,0.22,894.1395333333334,279.5160678277058,1173.6556011610392,31.214094846670463,4.159802742288978,23.0,23.3,23.150000000000002
789,514,18,0.22,894.1395333333334,279.4611789707781,1173.6007123041115,31.214094846670463,4.231083384014613,23.0,23.3,23.150000000000002
789,515,18,0.23,900.0541333333333,284.32866362694244,1184.3827969602755,31.308782357757288,4.314996163515191,23.0,23.3,23.150000000000002
789,516,18,0.24000000000000002,905.9687333333334,289.24552767536477,1195.214261008698,31.403055798001724,4.39405985599196,23.0,23.3,23.150000000000002
789,517,18,0.26,917.7979333333334,299.25304454292353,1217.0509778762569,31.590373978963164,4.511529628432112,23.0,23.3,23.150000000000002
789,518,18,0.27,923.7125333333333,304.2632505240018,1227.975783857335,31.683425381067543,4.6392937378019,23.0,23.3,23.150000000000002
789,519,18,0.28,929.6271333333332,309.3087850022573,1238.9359183355905,31.77607603614474,4.774152347361841,23.0,23.3,23.150000000000002
789,520,18,0.29,935.5417333333334,314.39804291151034,1249.9397762448439,31.868329182103643,4.906932800787667,23.0,23.3,23.150000000000002
789,521,18,0.29,935.5417333333334,325.4276051845939,1260.9693385179273,31.868329182103643,5.135076759768771,23.0,23.3,23.150000000000002
789,522,18,0.31,947.3709333333334,336.93192044298615,1284.3028537763194,32.05165571777475,5.35723884898622,23.0,23.3,23.150000000000002
789,523,18,0.32,953.2855333333332,342.719517867854,1296.0050512011871,32.142735404251184,5.583060117622512,23.0,23.3,23.150000000000002
789,524,18,0.33,959.2001333333333,348.5660069369631,1307.7661402702965,32.23343017610334,5.8167596908362675,23.0,23.3,23.150000000000002
789,525,18,0.34,965.1147333333334,354.17688863852385,1319.2916219718572,32.32374309508319,6.494297665435115,23.0,23.3,23.150000000000002
789,526,18,0.36,976.9439333333336,366.00281154605926,1342.946744879393,32.503235452851136,7.172543318079261,23.0,23.3,23.150000000000002
789,527,18,0.36,976.9439333333336,365.44131984953526,1342.3852531828686,32.503235452851136,7.8448434944321574,23.0,23.3,23.150000000000002
789,528,18,0.37,982.8585333333334,371.09822124774826,1353.9567545810817,32.59242084792707,8.521065460972702,23.0,23.3,23.150000000000002
789,529,18,0.36,976.9439333333336,364.8266815024379,1341.7706148357715,32.503235452851136,8.515085818153501,23.0,23.3,23.150000000000002
789,530,18,0.36,976.9439333333336,364.82761995736684,1341.7715532907002,32.503235452851136,8.51410445584517,23.0,23.3,23.150000000000002
789,531,18,0.34,965.1147333333334,352.48862787744906,1317.6033612107826,32.32374309508319,8.523217312876652,23.0,23.3,23.150000000000002
789,532,18,0.33,959.2001333333333,346.43076331387294,1305.6308966472063,32.23343017610334,8.526714502170421,23.0,23.3,23.150000000000002
789,533,18,0.32,953.2855333333332,340.1893904792401,1293.4749238125733,32.142735404251184,8.796736210183937,23.0,23.3,23.150000000000002
789,534,18,0.29,935.5417333333334,322.40326173154784,1257.9449950648811,31.868329182103643,9.077697683723702,23.0,23.3,23.150000000000002
789,535,18,0.28,929.6271333333332,316.4336860994879,1246.060819432821,31.77607603614474,9.353651799067045,23.0,23.3,23.150000000000002
789,536,18,0.27,923.7125333333333,310.5429233029962,1234.2554566363294,31.683425381067543,9.61723344422461,23.0,23.3,23.150000000000002
789,537,18,0.26,917.7979333333334,304.9990644972026,1222.796997830536,31.590373978963164,9.60893079616684,23.0,23.3,23.150000000000002
789,538,18,0.24000000000000002,905.9687333333334,294.0927884481617,1200.061521781495,31.403055798001724,9.614362685453628,23.0,23.3,23.150000000000002
789,539,18,0.24000000000000002,905.9687333333334,294.09163199585686,1200.0603653291903,31.403055798001724,9.615518673700429,23.0,23.3,23.150000000000002
789,540,18,0.24000000000000002,905.9687333333334,294.08483307407,1200.0535664074034,31.403055798001724,9.622312394448919,23.0,23.3,23.150000000000002
789,541,18,0.23,900.0541333333333,288.8551885704679,1188.9093219038011,31.308782357757288,9.500463238118225,23.0,23.3,23.150000000000002
789,542,18,0.24000000000000002,905.9687333333334,294.3180531056865,1200.2867864390198,31.403055798001724,9.386789176892245,23.0,23.3,23.150000000000002
789,543,18,0.24000000000000002,905.9687333333334,294.4397857655853,1200.4085190989188,31.403055798001724,9.26173415789905,23.0,23.3,23.150000000000002
789,544,18,0.26,917.7979333333334,305.468633190874,1223.2665665242073,31.590373978963164,9.137346320516176,23.0,23.3,23.150000000000002
789,545,18,0.27,923.7125333333333,311.2851351057332,1234.9976684390665,31.683425381067543,8.868317025712392,23.0,23.3,23.150000000000002
789,546,18,0.28,929.6271333333332,317.1745128408721,1246.8016461742052,31.77607603614474,8.591011297296486,23.0,23.3,23.150000000000002
789,547,18,0.29,935.5417333333334,323.1105093158582,1258.6522426491917,31.868329182103643,8.333502666376917,23.0,23.3,23.150000000000002
789,548,18,0.29,935.5417333333334,323.362031965419,1258.9037652987527,31.868329182103643,8.052660250927316,23.0,23.3,23.150000000000002
789,549,18,0.31,947.3709333333334,334.96429369696904,1282.3352270303023,32.05165571777475,8.06284192795484,23.0,23.3,23.150000000000002
789,550,18,0.32,953.2855333333332,340.8804730824118,1294.166006415745,32.142735404251184,8.05785105333324,23.0,23.3,23.150000000000002
789,551,18,0.33,959.2001333333333,346.86101495159386,1306.061148284927,32.23343017610334,8.061074713965585,23.0,23.3,23.150000000000002
789,552,18,0.34,965.1147333333334,352.9302842726299,1318.0450176059635,32.32374309508319,8.046157118501451,23.0,23.3,23.150000000000002
789,553,18,0.36,976.9439333333336,365.86407763841584,1342.8080109717494,32.503235452851136,7.345158486018488,23.0,23.3,23.150000000000002
789,554,18,0.36,976.9439333333336,366.40549649041634,1343.34942982375,32.503235452851136,6.641311001056023,23.0,23.3,23.150000000000002
789,555,18,0.37,982.8585333333334,373.1556957916511,1356.0142291249845,32.59242084792707,5.9383319818838585,23.0,23.3,23.150000000000002
789,556,18,0.37,982.8585333333334,373.5560853355792,1356.4146186689127,32.59242084792707,5.240471379936986,23.0,23.3,23.150000000000002
789,557,18,0.37,982.8585333333334,357.9449058745897,1340.803439207923,32.59242084792707,4.961350486731128,23.0,23.3,23.150000000000002
789,558,18,0.37,982.8585333333334,358.27708597429137,1341.135619307625,32.59242084792707,4.685347783015283,23.0,23.3,23.150000000000002
789,559,18,0.36,976.9439333333336,352.94520275012957,1329.8891360834632,32.503235452851136,4.412461818065202,23.0,23.3,23.150000000000002
789,560,18,0.34,965.1147333333334,342.08866360033335,1307.2033969336667,32.32374309508319,4.142724361672249,23.0,23.3,23.150000000000002
789,561,18,0.33,959.2001333333333,336.5892317783607,1295.789365111694,32.23343017610334,4.147730537135701,23.0,23.3,23.150000000000002
789,562,18,0.32,953.2855333333332,331.1381074299077,1284.4236407632409,32.142735404251184,4.156688525794865,23.0,23.3,23.150000000000002
789,563,18,0.31,947.3709333333334,325.74150925443405,1273.1124425877672,32.05165571777475,4.162992611362705,23.0,23.3,23.150000000000002
789,564,18,0.29,935.5417333333334,315.11698698217907,1250.6587203155125,31.868329182103643,4.160236360343722,23.0,23.3,23.150000000000002
789,565,18,0.28,929.6271333333332,310.05420538429365,1239.6813387176269,31.77607603614474,3.958437989172774,23.0,23.3,23.150000000000002
789,566,18,0.27,923.7125333333333,305.0198578345401,1228.7323911678736,31.683425381067543,3.766513719693611,23.0,23.3,23.150000000000002
789,567,18,0.27,923.7125333333333,305.1782467656687,1228.8907800990019,31.683425381067543,3.563397105878567,23.0,23.3,23.150000000000002
789,568,18,0.27,923.7125333333333,305.3371001703915,1229.0496335037249,31.683425381067543,3.350420789730226,23.0,23.3,23.150000000000002
789,569,18,0.28,929.6271333333332,310.7833145896949,1240.4104479230282,31.77607603614474,3.008374167966258,23.0,23.3,23.150000000000002
789,570,18,0.29,935.5417333333334,316.28262047194664,1251.82435380528,31.868329182103643,2.6491765771598024,23.0,23.3,23.150000000000002
789,571,18,0.29,935.5417333333334,316.49511408305466,1252.0368474163881,31.868329182103643,2.301811772362753,23.0,23.3,23.150000000000002
789,572,18,0.31,947.3709333333334,327.3863225212578,1274.7572558545912,32.05165571777475,1.9529924619680754,23.0,23.3,23.150000000000002
789,573,18,0.32,953.2855333333332,332.93416466386856,1286.2196979972016,32.142735404251184,1.7279834116064818,23.0,23.3,23.150000000000002
789,574,18,0.32,953.2855333333332,333.0421339948445,1286.3276673281778,32.142735404251184,1.5097510590580554,23.0,23.3,23.150000000000002
789,575,18,0.33,959.2001333333333,338.6241745832884,1297.8243079166216,32.23343017610334,1.299780907182218,23.0,23.3,23.150000000000002
789,576,18,0.33,959.2001333333333,338.72164011573403,1297.9217734490674,32.23343017610334,1.0691768647051176,23.0,23.3,23.150000000000002
789,577,18,0.32,953.2855333333332,333.2650192951003,1286.5505526284335,32.142735404251184,0.9857202539603548,23.0,23.3,23.150000000000002
789,578,18,0.32,953.2855333333332,333.2952457725297,1286.5807791058628,32.142735404251184,0.9037007476495272,23.0,23.3,23.150000000000002
789,579,18,0.33,959.2001333333333,338.81313159262635,1298.0132649259594,32.23343017610334,0.8266931905655663,23.0,23.3,23.150000000000002
789,580,18,0.33,959.2001333333333,338.8387527589771,1298.0388860923103,32.23343017610334,0.7528469249724314,23.0,23.3,23.150000000000002
789,581,18,0.34,965.1147333333334,344.4222011569373,1309.5369344902706,32.32374309508319,0.63465931421538,23.0,23.3,23.150000000000002
789,582,18,0.34,965.1147333333334,344.45878919012637,1309.5735225234598,32.32374309508319,0.5176232825781697,23.0,23.3,23.150000000000002
789,583,18,0.34,965.1147333333334,344.4973072228801,1309.6120405562135,32.32374309508319,0.38386690299508636,23.0,23.3,23.150000000000002
789,584,18,0.33,959.2001333333333,338.9843424350861,1298.1844757684194,32.23343017610334,0.254104522407431,23.0,23.3,23.150000000000002
789,585,18,0.33,959.2001333333333,339.02213947865096,1298.222272811984,32.23343017610334,0.08829396506207535,23.0,23.3,23.150000000000002
789,586,18,0.32,953.2855333333332,333.5445270875372,1286.8300604208703,32.142735404251184,0.0,23.0,23.3,23.150000000000002
789,587,18,0.32,953.2855333333332,333.5445270875372,1286.8300604208703,32.142735404251184,0.0,23.0,23.3,23.150000000000002
789,588,18,0.31,947.3709333333334,328.10133126827907,1275.4722646016126,32.05165571777475,0.0,23.0,23.3,23.150000000000002
789,589,18,0.31,947.3709333333334,328.10133126827907,1275.4722646016126,32.05165571777475,0.0,23.0,23.3,23.150000000000002
789,590,18,0.31,947.3709333333334,328.10133126827907,1275.4722646016126,32.05165571777475,0.0,23.0,23.3,23.150000000000002
789,591,18,0.31,947.3709333333334,328.10133126827907,1275.4722646016126,32.05165571777475,0.0,23.0,23.3,23.150000000000002
789,592,18,0.31,947.3709333333334,328.10133126827907,1275.4722646016126,32.05165571777475,0.0,23.0,23.3,23.150000000000002
789,593,18,0.31,947.3709333333334,328.10133126827907,1275.4722646016126,32.05165571777475,0.0,23.0,23.3,23.150000000000002
789,594,18,0.31,947.3709333333334,328.10133126827907,1275.4722646016126,32.05165571777475,0.0,23.0,23.3,23.150000000000002
789,595,18,0.31,947.3709333333334,328.10133126827907,1275.4722646016126,32.05165571777475,0.0,23.0,23.3,23.150000000000002
789,596,18,0.29,935.5417333333334,317.3711428631206,1252.9128761964541,31.868329182103643,0.0,23.0,23.3,23.150000000000002
789,597,18,0.29,935.5417333333334,317.3711428631206,1252.9128761964541,31.868329182103643,0.0,23.0,23.3,23.150000000000002
789,598,18,0.28,929.6271333333332,312.08368052204776,1241.710813855381,31.77607603614474,0.0,23.0,23.3,23.150000000000002
789,599,18,0.29,935.5417333333334,317.3711428631206,1252.9128761964541,31.868329182103643,0.0,23.0,23.3,23.150000000000002
789,600,18,0.29,935.5417333333334,317.3711428631206,1252.9128761964541,31.868329182103643,0.0,23.0,23.3,23.150000000000002
789,601,18,0.29,935.5417333333334,317.3711428631206,1252.9128761964541,31.868329182103643,0.0,23.0,23.3,23.150000000000002
789,602,18,0.29,935.5417333333334,317.3711428631206,1252.9128761964541,31.868329182103643,0.0,23.0,23.3,23.150000000000002
789,603,18,0.29,935.5417333333334,317.3711428631206,1252.9128761964541,31.868329182103643,0.0,23.0,23.3,23.150000000000002
789,604,18,0.28,929.6271333333332,312.08368052204776,1241.710813855381,31.77607603614474,0.0,23.0,23.3,23.150000000000002
789,605,18,0.27,923.7125333333333,306.8476603964343,1230.5601937297677,31.683425381067543,0.0,23.0,23.3,23.150000000000002
789,606,18,0.26,917.7979333333334,301.6628488531564,1219.4607821864897,31.590373978963164,0.0,23.0,23.3,23.150000000000002
789,607,18,0.26,917.7979333333334,301.6628488531564,1219.4607821864897,31.590373978963164,0.0,23.0,23.3,23.150000000000002
789,608,18,0.26,917.7979333333334,301.6628488531564,1219.4607821864897,31.590373978963164,0.0,23.0,23.3,23.150000000000002
789,609,18,0.26,917.7979333333334,301.6628488531564,1219.4607821864897,31.590373978963164,0.0,23.0,23.3,23.150000000000002
789,610,18,0.26,917.7979333333334,301.6628488531564,1219.4607821864897,31.590373978963164,0.0,23.0,23.3,23.150000000000002
789,611,18,0.26,917.7979333333334,301.6628488531564,1219.4607821864897,31.590373978963164,0.0,23.0,23.3,23.150000000000002
789,612,18,0.26,917.7979333333334,301.6628488531564,1219.4607821864897,31.590373978963164,0.0,23.0,23.3,23.150000000000002
789,613,18,0.24000000000000002,905.9687333333334,291.445919658494,1197.4146529918273,31.403055798001724,0.0,23.0,23.3,23.150000000000002
789,614,18,0.24000000000000002,905.9687333333334,291.445919658494,1197.4146529918273,31.403055798001724,0.0,23.0,23.3,23.150000000000002
789,615,18,0.24000000000000002,905.9687333333334,291.445919658494,1197.4146529918273,31.403055798001724,0.0,23.0,23.3,23.150000000000002
789,616,18,0.24000000000000002,905.9687333333334,291.445919658494,1197.4146529918273,31.403055798001724,0.0,23.0,23.3,23.150000000000002
789,617,18,0.26,917.7979333333334,301.6628488531564,1219.4607821864897,31.590373978963164,0.0,23.0,23.3,23.150000000000002
789,618,18,0.26,917.7979333333334,301.6628488531564,1219.4607821864897,31.590373978963164,0.0,23.0,23.3,23.150000000000002
789,619,18,0.26,917.7979333333334,301.6628488531564,1219.4607821864897,31.590373978963164,0.0,23.0,23.3,23.150000000000002
789,620,18,0.26,917.7979333333334,301.6628488531564,1219.4607821864897,31.590373978963164,0.0,23.0,23.3,23.150000000000002
789,621,18,0.26,917.7979333333334,301.6628488531564,1219.4607821864897,31.590373978963164,0.0,23.0,23.3,23.150000000000002
789,622,18,0.26,917.7979333333334,301.6628488531564,1219.4607821864897,31.590373978963164,0.0,23.0,23.3,23.150000000000002
789,623,18,0.24000000000000002,905.9687333333334,291.445919658494,1197.4146529918273,31.403055798001724,0.0,23.0,23.3,23.150000000000002
789,624,18,0.24000000000000002,905.9687333333334,291.445919658494,1197.4146529918273,31.403055798001724,0.0,23.0,23.3,23.150000000000002
789,625,18,0.23,900.0541333333333,286.4133374773088,1186.467470810642,31.308782357757288,0.0,23.0,23.3,23.150000000000002
789,626,18,0.23,900.0541333333333,286.4133374773088,1186.467470810642,31.308782357757288,0.0,23.0,23.3,23.150000000000002
789,627,18,0.23,900.0541333333333,286.4133374773088,1186.467470810642,31.308782357757288,0.0,23.0,23.3,23.150000000000002
789,628,18,0.24000000000000002,905.9687333333334,291.445919658494,1197.4146529918273,31.403055798001724,0.0,23.0,23.3,23.150000000000002
789,629,18,0.24000000000000002,905.9687333333334,291.445919658494,1197.4146529918273,31.403055798001724,0.0,23.0,23.3,23.150000000000002
789,630,18,0.24000000000000002,905.9687333333334,291.445919658494,1197.4146529918273,31.403055798001724,0.0,23.0,23.3,23.150000000000002
789,631,18,0.24000000000000002,905.9687333333334,291.445919658494,1197.4146529918273,31.403055798001724,0.0,23.0,23.3,23.150000000000002
789,632,18,0.23,900.0541333333333,286.4133374773088,1186.467470810642,31.308782357757288,0.0,23.0,23.3,23.150000000000002
789,633,18,0.22,894.1395333333334,281.4310348594129,1175.5705681927464,31.214094846670463,0.0,23.0,23.3,23.150000000000002
789,634,18,0.21000000000000002,888.2249333333336,276.4987810298241,1164.7237143631578,31.118989838140998,0.0,23.0,23.3,23.150000000000002
789,635,18,0.21000000000000002,888.2249333333336,276.4987810298241,1164.7237143631578,31.118989838140998,0.0,23.0,23.3,23.150000000000002
789,636,18,0.19,876.3957333333333,266.7834998293895,1143.1792331627228,30.92751342517267,0.0,23.0,23.3,23.150000000000002
789,637,18,0.21000000000000002,888.2249333333336,276.4987810298241,1164.7237143631578,31.118989838140998,0.0,23.0,23.3,23.150000000000002
789,638,18,0.21000000000000002,888.2249333333336,276.4987810298241,1164.7237143631578,31.118989838140998,0.0,23.0,23.3,23.150000000000002
789,639,18,0.21000000000000002,888.2249333333336,276.4987810298241,1164.7237143631578,31.118989838140998,0.0,23.0,23.3,23.150000000000002
789,640,18,0.19,876.3957333333333,266.7834998293895,1143.1792331627228,30.92751342517267,0.0,23.0,23.3,23.150000000000002
789,641,18,0.19,876.3957333333333,266.7834998293895,1143.1792331627228,30.92751342517267,0.0,23.0,23.3,23.150000000000002
789,642,18,0.19,876.3957333333333,266.7834998293895,1143.1792331627228,30.92751342517267,0.0,23.0,23.3,23.150000000000002
789,643,18,0.21000000000000002,888.2249333333336,276.4987810298241,1164.7237143631578,31.118989838140998,0.0,23.0,23.3,23.150000000000002
789,644,18,0.21000000000000002,888.2249333333336,276.4987810298241,1164.7237143631578,31.118989838140998,0.0,23.0,23.3,23.150000000000002
789,645,18,0.22,894.1395333333334,281.4310348594129,1175.5705681927464,31.214094846670463,0.0,23.0,23.3,23.150000000000002
789,646,18,0.23,900.0541333333333,286.4133374773088,1186.467470810642,31.308782357757288,0.0,23.0,23.3,23.150000000000002
789,647,18,0.23,900.0541333333333,286.4133374773088,1186.467470810642,31.308782357757288,0.0,23.0,23.3,23.150000000000002
789,648,18,0.24000000000000002,905.9687333333334,291.445919658494,1197.4146529918273,31.403055798001724,0.0,23.0,23.3,23.150000000000002
789,649,18,0.24000000000000002,905.9687333333334,291.445919658494,1197.4146529918273,31.403055798001724,0.0,23.0,23.3,23.150000000000002
789,650,18,0.24000000000000002,905.9687333333334,291.445919658494,1197.4146529918273,31.403055798001724,0.0,23.0,23.3,23.150000000000002
789,651,18,0.24000000000000002,905.9687333333334,291.42113255574844,1197.3898658890816,31.403055798001724,0.1454959103242231,23.0,23.3,23.150000000000002
789,652,18,0.24000000000000002,905.9687333333334,291.3934141944644,1197.3621475277978,31.403055798001724,0.28906432915948604,23.0,23.3,23.150000000000002
789,653,18,0.24000000000000002,905.9687333333334,291.4221111588301,1197.3908444921635,31.403055798001724,0.140100264843913,23.0,23.3,23.150000000000002
789,654,18,0.26,917.7979333333334,301.66283680187576,1219.460770135209,31.590373978963164,7.235594143761848e-05,23.0,23.3,23.150000000000002
789,655,18,0.26,917.7979333333334,301.6628488531564,1219.4607821864897,31.590373978963164,0.0,23.0,23.3,23.150000000000002
789,656,18,0.27,923.7125333333333,306.8476603964343,1230.5601937297677,31.683425381067543,0.0,23.0,23.3,23.150000000000002
789,657,18,0.28,929.6271333333332,312.08368052204776,1241.710813855381,31.77607603614474,0.0,23.0,23.3,23.150000000000002
789,658,18,0.29,935.5417333333334,317.3711428631206,1252.9128761964541,31.868329182103643,0.0,23.0,23.3,23.150000000000002
789,659,18,0.29,935.5417333333334,317.3711428631206,1252.9128761964541,31.868329182103643,0.0,23.0,23.3,23.150000000000002
789,660,18,0.31,947.3709333333334,328.10133126827907,1275.4722646016126,32.05165571777475,0.0,23.0,23.3,23.150000000000002
789,661,18,0.32,953.2855333333332,333.5445270875372,1286.8300604208703,32.142735404251184,0.0,23.0,23.3,23.150000000000002
789,662,18,0.33,959.2001333333333,339.0401045968564,1298.2402379301898,32.23343017610334,0.0,23.0,23.3,23.150000000000002
789,663,18,0.33,959.2001333333333,339.0115554585783,1298.2116887919117,32.23343017610334,0.13713911095276105,23.0,23.3,23.150000000000002
789,664,18,0.34,965.1147333333334,344.52189462137824,1309.6366279547117,32.32374309508319,0.2913344907254476,23.0,23.3,23.150000000000002
789,665,18,0.34,965.1147333333334,344.48214138993563,1309.5968747232691,32.32374309508319,0.4380029476570405,23.0,23.3,23.150000000000002
789,666,18,0.34,965.1147333333334,344.4387689634965,1309.5535022968297,32.32374309508319,0.5827256440425603,23.0,23.3,23.150000000000002
789,667,18,0.34,965.1147333333334,344.3889822877662,1309.5037156210997,32.32374309508319,0.7341495685920478,23.0,23.3,23.150000000000002
789,668,18,0.34,965.1147333333334,344.3360902814927,1309.4508236148263,32.32374309508319,0.8818298839991817,23.0,23.3,23.150000000000002
789,669,18,0.33,959.2001333333333,338.8380840146785,1298.0382173480116,32.23343017610334,0.7548135303612304,23.0,23.3,23.150000000000002
789,670,18,0.33,959.2001333333333,338.8798257801745,1298.0799591135078,32.23343017610334,0.6275572846605653,23.0,23.3,23.150000000000002
789,671,18,0.34,965.1147333333334,344.46502953797375,1309.5797628713071,32.32374309508319,0.49675745802000437,23.0,23.3,23.150000000000002
1011,0,18,0.51,1065.6629333333333,443.12629883657087,1508.7892321699044,33.8034491054765,4.509007666515106,23.0,23.3,23.150000000000002
1011,1,18,0.49,1053.8337333333334,430.30737254097704,1484.1411058743104,33.63459687210719,4.556971832236076,23.0,23.3,23.150000000000002
1011,2,18,0.48,1047.9191333333333,423.9649577736436,1471.884091106977,33.54966627710388,4.5935132911905185,23.0,23.3,23.150000000000002
1011,3,18,0.47,1042.0045333333335,417.6708454243552,1459.6753787576886,33.46439594285134,4.636126439503759,23.0,23.3,23.150000000000002
1011,4,18,0.47,1042.0045333333335,417.5723973458475,1459.5769306791808,33.46439594285134,4.7046508322492695,23.0,23.3,23.150000000000002
1011,5,18,0.47,1042.0045333333335,440.5384609292277,1482.542994262561,33.46439594285134,5.034245646353063,23.0,23.3,23.150000000000002
1011,6,18,0.47,1042.0045333333335,440.3994763053196,1482.404009638653,33.46439594285134,5.354287150531738,23.0,23.3,23.150000000000002
1011,7,18,0.45999999999999996,1036.0899333333334,433.1934541091149,1469.2833874424482,33.37878326963981,5.681929402184597,23.0,23.3,23.150000000000002
1011,8,18,0.43,1018.3461333333333,412.34778916150987,1430.693922494843,33.11986479706046,6.006143102562635,23.0,23.3,23.150000000000002
1011,9,18,0.41000000000000003,1006.5169333333331,398.96861825753297,1405.4855515908662,32.94549184892777,5.99803936848272,23.0,23.3,23.150000000000002
1011,10,18,0.39,994.6877333333334,385.89097180803407,1380.5787051413674,32.76968471709681,6.000377643875137,23.0,23.3,23.150000000000002
1011,11,18,0.39,994.6877333333334,385.8892358623931,1380.5769691957266,32.76968471709681,6.0031522794920225,23.0,23.3,23.150000000000002
1011,12,18,0.39,994.6877333333334,385.89420392258853,1380.581937255922,32.76968471709681,5.995206856562863,23.0,23.3,23.150000000000002
1011,13,18,0.41000000000000003,1006.5169333333331,398.88497316650887,1405.401906499842,32.94549184892777,6.131891506825898,23.0,23.3,23.150000000000002
1011,14,18,0.42000000000000004,1012.4315333333334,405.44005960702,1417.8715929403536,33.03285620546629,6.286333866560451,23.0,23.3,23.150000000000002
1011,15,18,0.43,1018.3461333333333,412.07451081037766,1430.420644143711,33.11986479706046,6.436187452889052,23.0,23.3,23.150000000000002
1011,16,18,0.43,1018.3461333333333,411.97289811895706,1430.3190314522903,33.11986479706046,6.5859534726285585,23.0,23.3,23.150000000000002
1011,17,18,0.44,1024.2607333333333,418.78178288622087,1443.0425162195543,33.2065203671808,6.592891922486232,23.0,23.3,23.150000000000002
1011,18,18,0.44,1024.2607333333333,418.78588213838196,1443.0466154717153,33.2065203671808,6.586891973149593,23.0,23.3,23.150000000000002
1011,19,18,0.44,1024.2607333333333,418.7829755672459,1443.0437089005793,33.2065203671808,6.5911470310730085,23.0,23.3,23.150000000000002
1011,20,18,0.45999999999999996,1036.0899333333334,432.65679077614504,1468.7467241094782,33.37878326963981,6.581366026304753,23.0,23.3,23.150000000000002
1011,21,18,0.45999999999999996,1036.0899333333334,432.75764572413215,1468.8475790574655,33.37878326963981,6.427205619801213,23.0,23.3,23.150000000000002
1011,22,18,0.45999999999999996,1036.0899333333334,432.8541436399632,1468.9440769732964,33.37878326963981,6.274246276396054,23.0,23.3,23.150000000000002
1011,23,18,0.45999999999999996,1036.0899333333334,432.94727121127386,1469.037204544607,33.37878326963981,6.120898604082695,23.0,23.3,23.150000000000002
1011,24,18,0.45999999999999996,1036.0899333333334,433.0376192116345,1469.127552544968,33.37878326963981,5.966003275233747,23.0,23.3,23.150000000000002
1011,25,18,0.44,1024.2607333333333,419.3380036810036,1443.598737014337,33.2065203671808,5.689427278144562,23.0,23.3,23.150000000000002
1011,26,18,0.43,1018.3461333333333,412.67462472443464,1431.020758057768,33.11986479706046,5.420362744001607,23.0,23.3,23.150000000000002
1011,27,18,0.41000000000000003,1006.5169333333331,399.43863550968155,1405.9555688430146,32.94549184892777,5.143933161913651,23.0,23.3,23.150000000000002
1011,28,18,0.39,994.6877333333334,369.4852582412183,1364.1729915745516,32.76968471709681,4.868260325011845,23.0,23.3,23.150000000000002
1011,29,18,0.37,982.8585333333334,358.0609749107773,1340.9195082441108,32.59242084792707,4.86632635400432,23.0,23.3,23.150000000000002
1011,30,18,0.36,976.9439333333336,352.42310438817856,1329.3670377215121,32.503235452851136,4.869290189940277,23.0,23.3,23.150000000000002
1011,31,18,0.36,976.9439333333336,352.42616976360017,1329.3701030969337,32.503235452851136,4.8667078542335975,23.0,23.3,23.150000000000002
1011,32,18,0.36,976.9439333333336,352.4245146226353,1329.3684479559688,32.503235452851136,4.868102314543241,23.0,23.3,23.150000000000002
1011,33,18,0.36,976.9439333333336,352.5947235243085,1329.538656857642,32.503235452851136,4.722995689305558,23.0,23.3,23.150000000000002
1011,34,18,0.37,982.8585333333334,358.39615522121807,1341.2546885545514,32.59242084792707,4.583230648325716,23.0,23.3,23.150000000000002
1011,35,18,0.37,982.8585333333334,358.5693956030735,1341.427928936407,32.59242084792707,4.431359482107088,23.0,23.3,23.150000000000002
1011,36,18,0.36,976.9439333333336,353.0796585531892,1330.0235918865228,32.503235452851136,4.288675485151911,23.0,23.3,23.150000000000002
1011,37,18,0.36,976.9439333333336,353.2229542284018,1330.1668875617354,32.503235452851136,4.153593469923903,23.0,23.3,23.150000000000002
1011,38,18,0.36,976.9439333333336,353.35719399113145,1330.301127324465,32.503235452851136,4.023864745426526,23.0,23.3,23.150000000000002
1011,39,18,0.37,982.8585333333334,359.13992422880216,1341.9984575621356,32.59242084792707,3.8992660865985793,23.0,23.3,23.150000000000002
1011,40,18,0.39,994.6877333333334,370.7303046924982,1365.4180380258315,32.76968471709681,3.7872983293806635,23.0,23.3,23.150000000000002
1011,41,18,0.42000000000000004,1012.4315333333334,388.34368110214376,1400.7752144354772,33.03285620546629,3.7909498306706553,23.0,23.3,23.150000000000002
1011,42,18,0.43,1018.3461333333333,394.32351202255023,1412.6696453558836,33.11986479706046,3.791339443303906,23.0,23.3,23.150000000000002
1011,43,18,0.44,1024.2607333333333,400.35761192781405,1424.6183452611474,33.2065203671808,3.791768042179781,23.0,23.3,23.150000000000002
1011,44,18,0.45999999999999996,1036.0899333333334,412.5843177604706,1448.6742510938038,33.37878326963981,3.797106962715769,23.0,23.3,23.150000000000002
1011,45,18,0.45999999999999996,1036.0899333333334,412.76695996365606,1448.8568932969895,33.37878326963981,3.6423359551217853,23.0,23.3,23.150000000000002
1011,46,18,0.45999999999999996,1036.0899333333334,412.95361942705705,1449.0435527603904,33.37878326963981,3.4787998546630567,23.0,23.3,23.150000000000002
1011,47,18,0.45999999999999996,1036.0899333333334,413.1291380111207,1449.219071344454,33.37878326963981,3.3195358849209096,23.0,23.3,23.150000000000002
1011,48,18,0.45999999999999996,1036.0899333333334,413.27564237589456,1449.3655757092279,33.37878326963981,3.1820780608619215,23.0,23.3,23.150000000000002
1011,49,18,0.44,1024.2607333333333,401.0588256439024,1425.3195589772358,33.2065203671808,3.139284010720014,23.0,23.3,23.150000000000002
1011,50,18,0.43,1018.3461333333333,395.05622067465265,1413.4023540079859,33.11986479706046,3.092098736429896,23.0,23.3,23.150000000000002
1011,51,18,0.42000000000000004,1012.4315333333334,389.1123749160099,1401.5439082493433,33.03285620546629,3.037872826518568,23.0,23.3,23.150000000000002
1011,52,18,0.41000000000000003,1006.5169333333331,383.21591877053345,1389.7328521038667,32.94549184892777,2.988264067190637,23.0,23.3,23.150000000000002
1011,53,18,0.39,994.6877333333334,371.5916273249152,1366.2793606582486,32.76968471709681,2.872824532178838,23.0,23.3,23.150000000000002
1011,54,18,0.38,988.7731333333332,365.9157353457105,1354.688868679044,32.68123630360168,2.7409814741417384,23.0,23.3,23.150000000000002
1011,55,18,0.36,976.9439333333336,354.59693605663495,1331.5408693899685,32.503235452851136,2.6190670036009465,23.0,23.3,23.150000000000002
1011,56,18,0.34,965.1147333333334,343.4863125279,1308.6010458612334,32.32374309508319,2.4870088587746833,23.0,23.3,23.150000000000002
1011,57,18,0.32,953.2855333333332,332.51891253634733,1285.8044458696804,32.142735404251184,2.442036045624819,23.0,23.3,23.150000000000002
1011,58,18,0.29,935.5417333333334,316.4350067894373,1251.9767401227707,31.868329182103643,2.4036076158060036,23.0,23.3,23.150000000000002
1011,59,18,0.29,935.5417333333334,316.45607633858214,1251.9978096719155,31.868329182103643,2.368269614884326,23.0,23.3,23.150000000000002
1011,60,18,0.28,929.6271333333332,311.217307248561,1240.8444405818943,31.77607603614474,2.319322269116963,23.0,23.3,23.150000000000002
1011,61,18,0.29,935.5417333333334,316.5480046719368,1252.0897380052702,31.868329182103643,2.209610776686947,23.0,23.3,23.150000000000002
1011,62,18,0.29,935.5417333333334,316.60478787544446,1252.1465212087778,31.868329182103643,2.1076267291659216,23.0,23.3,23.150000000000002
1011,63,18,0.31,947.3709333333334,327.35340620575494,1274.7243395390883,32.05165571777475,2.012806805993986,23.0,23.3,23.150000000000002
1011,64,18,0.32,953.2855333333332,332.83716677943767,1286.1227001127709,32.142735404251184,1.9102757301135949,23.0,23.3,23.150000000000002
1011,65,18,0.33,959.2001333333332,338.3684992162171,1297.5686325495503,32.23343017610334,1.8171746340559078,23.0,23.3,23.150000000000002
1011,66,18,0.34,965.1147333333334,343.95484862194445,1309.0695819552777,32.32374309508319,1.720272136106807,23.0,23.3,23.150000000000002
1011,67,18,0.37,982.8585333333334,360.93036358046305,1343.7888969137964,32.59242084792707,1.6227145569667634,23.0,23.3,23.150000000000002
1011,68,18,0.38,988.7731333333332,366.73747035867797,1355.5106036920113,32.68123630360168,1.5153732104862787,23.0,23.3,23.150000000000002
1011,69,18,0.39,994.6877333333334,372.51182673868794,1367.1995600720213,32.76968471709681,1.5662234360971379,23.0,23.3,23.150000000000002
1011,70,18,0.42000000000000004,1012.4315333333334,390.2084201553273,1402.6399534886607,33.03285620546629,1.622371287619556,23.0,23.3,23.150000000000002
1011,71,18,0.42000000000000004,1012.4315333333334,390.17719839155563,1402.608731724889,33.03285620546629,1.6729079193217962,23.0,23.3,23.150000000000002
1011,72,18,0.43,1018.3461333333333,396.1599309207132,1414.5060642540464,33.11986479706046,1.7273452113072272,23.0,23.3,23.150000000000002
1011,73,18,0.43,1018.3461333333333,396.1987324996177,1414.544865832951,33.11986479706046,1.6669136555963824,23.0,23.3,23.150000000000002
1011,74,18,0.43,1018.3461333333333,396.22812461642013,1414.5742579497535,33.11986479706046,1.6202210069909957,23.0,23.3,23.150000000000002
1011,75,18,0.43,1018.3461333333333,396.2646550931904,1414.6107884265239,33.11986479706046,1.561016706259339,23.0,23.3,23.150000000000002
1011,76,18,0.43,1018.3461333333333,396.29384584275886,1414.639979176092,33.11986479706046,1.512717424942138,23.0,23.3,23.150000000000002
1011,77,18,0.43,1018.3461333333333,396.3040397508659,1414.6501730841992,33.11986479706046,1.495632889481707,23.0,23.3,23.150000000000002
1011,78,18,0.42000000000000004,1012.4315333333334,390.3002170232317,1402.7317503565653,33.03285620546629,1.4678734313252289,23.0,23.3,23.150000000000002
1011,79,18,0.41000000000000003,1006.5169333333331,384.3445388141367,1390.8614721474698,32.94549184892777,1.450177611353868,23.0,23.3,23.150000000000002
1011,80,18,0.38,988.7731333333332,366.78920558096024,1355.5623389142936,32.68123630360168,1.4178341906546503,23.0,23.3,23.150000000000002
1011,81,18,0.36,976.9439333333336,355.50710317893396,1332.4510365122676,32.503235452851136,1.0612993569311866,23.0,23.3,23.150000000000002
1011,82,18,0.33,959.2001333333332,338.85648834205193,1298.0566216753853,32.23343017610334,0.6998688756245882,23.0,23.3,23.150000000000002
1011,83,18,0.31,947.3709333333334,328.02386146659575,1275.394794799929,32.05165571777475,0.353495810248166,23.0,23.3,23.150000000000002
1011,84,18,0.28,929.6271333333332,312.08066460887636,1241.7077979422095,31.77607603614474,0.017148971359498097,23.0,23.3,23.150000000000002
1011,85,18,0.26,917.7979333333336,301.66284885315645,1219.46078218649,31.590373978963164,0.0,23.0,23.3,23.150000000000002
1011,86,18,0.23,900.0541333333332,286.4133374773087,1186.467470810642,31.308782357757288,0.0,23.0,23.3,23.150000000000002
1011,87,18,0.22,894.1395333333334,281.431034859413,1175.5705681927464,31.214094846670463,0.0,23.0,23.3,23.150000000000002
1011,88,18,0.22,894.1395333333334,281.431034859413,1175.5705681927464,31.214094846670463,0.0,23.0,23.3,23.150000000000002
1011,89,18,0.22,894.1395333333334,281.431034859413,1175.5705681927464,31.214094846670463,0.0,23.0,23.3,23.150000000000002
1011,90,18,0.22,894.1395333333334,281.431034859413,1175.5705681927464,31.214094846670463,0.0,23.0,23.3,23.150000000000002
1011,91,18,0.23,900.0541333333332,286.40941352734103,1186.4635468606741,31.308782357757288,0.02497435902538085,23.0,23.3,23.150000000000002
1011,92,18,0.24000000000000002,905.9687333333334,291.438237851927,1197.4069711852605,31.403055798001724,0.04723125799906812,23.0,23.3,23.150000000000002
1011,93,18,0.26,917.7979333333336,301.65118592795466,1219.4491192612884,31.590373978963164,0.06775688897792483,23.0,23.3,23.150000000000002
1011,94,18,0.27,923.7125333333333,306.83122566685785,1230.5437590001911,31.683425381067543,0.09222026580153683,23.0,23.3,23.150000000000002
1011,95,18,0.28,929.6271333333332,312.06284801490233,1241.6899813482357,31.77607603614474,0.11313368986099707,23.0,23.3,23.150000000000002
1011,96,18,0.29,935.5417333333334,317.34638526455444,1252.888118597888,31.868329182103643,0.13038074672463293,23.0,23.3,23.150000000000002
1011,97,18,0.29,935.5417333333334,317.3052755922882,1252.8470089256216,31.868329182103643,0.31895370093394126,23.0,23.3,23.150000000000002
1011,98,18,0.31,947.3709333333334,327.9806673352037,1275.351600668537,32.05165571777475,0.5154852804146963,23.0,23.3,23.150000000000002
1011,99,18,0.32,953.2855333333332,333.35758689313946,1286.6431202264725,32.142735404251184,0.722371427665831,23.0,23.3,23.150000000000002
1011,100,18,0.33,959.2001333333332,338.7778500139797,1297.9779833473128,32.23343017610334,0.9237905591604209,23.0,23.3,23.150000000000002
1011,101,18,0.34,965.1147333333334,344.05709051847623,1309.1718238518097,32.32374309508319,1.5226326395030925,23.0,23.3,23.150000000000002
1011,102,18,0.36,976.9439333333336,354.9391718310805,1331.883105164414,32.503235452851136,2.1246075975228513,23.0,23.3,23.150000000000002
1011,103,18,0.36,976.9439333333336,354.51650547581477,1331.4604388091482,32.503235452851136,2.7259136648055975,23.0,23.3,23.150000000000002
1011,104,18,0.37,982.8585333333334,359.68564423058484,1342.5441775639183,32.59242084792707,3.3315827579135244,23.0,23.3,23.150000000000002
1011,105,18,0.36,976.9439333333336,353.80403314142393,1330.7479664747575,32.503235452851136,3.5664152829901012,23.0,23.3,23.150000000000002
1011,106,18,0.36,976.9439333333336,353.56217457171545,1330.506107905049,32.503235452851136,3.819255358750616,23.0,23.3,23.150000000000002
1011,107,18,0.34,965.1147333333334,342.15341765037914,1307.2681509837125,32.32374309508319,4.077674923526052,23.0,23.3,23.150000000000002
1011,108,18,0.33,959.2001333333332,336.40244311134836,1295.6025764446815,32.23343017610334,4.3348404947085255,23.0,23.3,23.150000000000002
1011,109,18,0.32,953.2855333333332,330.74253645010754,1284.0280697834407,32.142735404251184,4.55338197812762,23.0,23.3,23.150000000000002
1011,110,18,0.29,935.5417333333334,314.5338805558169,1250.0756138891504,31.868329182103643,4.772990914209165,23.0,23.3,23.150000000000002
1011,111,18,0.28,929.6271333333332,319.784950282139,1249.412083615472,31.77607603614474,5.005429280856168,23.0,23.3,23.150000000000002
1011,112,18,0.27,923.7125333333333,314.01871173081395,1237.7312450641473,31.683425381067543,5.242190186631522,23.0,23.3,23.150000000000002
1011,113,18,0.26,917.7979333333336,308.17392866396784,1225.9718619973014,31.590373978963164,5.717808087926745,23.0,23.3,23.150000000000002
1011,114,18,0.24000000000000002,905.9687333333334,296.9194692965424,1202.8882026298759,31.403055798001724,6.209335374919337,23.0,23.3,23.150000000000002
1011,115,18,0.24000000000000002,905.9687333333334,296.60455355460334,1202.5732868879368,31.403055798001724,6.6769867342344025,23.0,23.3,23.150000000000002
1011,116,18,0.24000000000000002,905.9687333333334,296.2707374683422,1202.2394708016755,31.403055798001724,7.137161107411365,23.0,23.3,23.150000000000002
1011,117,18,0.23,900.0541333333332,291.0111001504737,1191.0652334838069,31.308782357757288,6.987013978377664,23.0,23.3,23.150000000000002
1011,118,18,0.24000000000000002,905.9687333333334,296.48843535317917,1202.4571686865127,31.403055798001724,6.840767189167053,23.0,23.3,23.150000000000002
1011,119,18,0.24000000000000002,905.9687333333334,296.5955314381823,1202.5642647715158,31.403055798001724,6.689865263479041,23.0,23.3,23.150000000000002
1011,120,18,0.26,917.7979333333336,307.63715866052337,1225.435091993857,31.590373978963164,6.5493755043494755,23.0,23.3,23.150000000000002
1011,121,18,0.27,923.7125333333333,312.89667155328243,1236.6092048866158,31.683425381067543,6.980863235880699,23.0,23.3,23.150000000000002
1011,122,18,0.28,929.6271333333332,318.19682342900256,1247.8239567623357,31.77607603614474,7.414358888500503,23.0,23.3,23.150000000000002
1011,123,18,0.28,929.6271333333332,317.8464074878022,1247.4735408211354,31.77607603614474,7.837851656824447,23.0,23.3,23.150000000000002
1011,124,18,0.29,935.5417333333334,323.1863465817745,1258.7280799151079,31.868329182103643,8.24983078567988,23.0,23.3,23.150000000000002
1011,125,18,0.31,947.3709333333334,334.79475446489954,1282.1656877982327,32.05165571777475,8.250969050064324,23.0,23.3,23.150000000000002
1011,126,18,0.32,953.2855333333332,340.709526007183,1293.9950593405163,32.142735404251184,8.246829407563805,23.0,23.3,23.150000000000002
1011,127,18,0.33,959.2001333333332,346.69584093671614,1305.8959742700492,32.23343017610334,8.243013818652598,23.0,23.3,23.150000000000002
1011,128,18,0.34,965.1147333333334,352.7505558977595,1317.865289231093,32.32374309508319,8.24372602962046,23.0,23.3,23.150000000000002
1011,129,18,0.36,976.9439333333336,365.18985148674244,1342.133784820076,32.503235452851136,8.126138727164793,23.0,23.3,23.150000000000002
1011,130,18,0.36,976.9439333333336,365.30058466250404,1342.2445179958377,32.503235452851136,8.00358198866589,23.0,23.3,23.150000000000002
1011,131,18,0.37,982.8585333333334,371.7024448523861,1354.5609781857195,32.59242084792707,7.863744680416382,23.0,23.3,23.150000000000002
1011,132,18,0.37,982.8585333333334,371.80359491003173,1354.662128243365,32.59242084792707,7.747800465406375,23.0,23.3,23.150000000000002
1011,133,18,0.37,982.8585333333334,371.791926445544,1354.6504597788773,32.59242084792707,7.761273534798609,23.0,23.3,23.150000000000002
1011,134,18,0.37,982.8585333333334,371.78705081440626,1354.6455841477398,32.59242084792707,7.766895518595536,23.0,23.3,23.150000000000002
1011,135,18,0.36,976.9439333333336,365.5055528603133,1342.4494861936469,32.503235452851136,7.771219633494588,23.0,23.3,23.150000000000002
1011,136,18,0.34,965.1147333333334,353.177207271393,1318.2919406047263,32.32374309508319,7.766074538159534,23.0,23.3,23.150000000000002
1011,137,18,0.33,959.2001333333332,347.12563086853123,1306.3257642018643,32.23343017610334,7.760302054578742,23.0,23.3,23.150000000000002
1011,138,18,0.32,953.2855333333332,341.1325231428506,1294.4180564761837,32.142735404251184,7.770522381904403,23.0,23.3,23.150000000000002
1011,139,18,0.31,947.3709333333334,335.2200974680503,1282.5910308013836,32.05165571777475,7.770127481084373,23.0,23.3,23.150000000000002
1011,140,18,0.29,935.5417333333334,323.60898531395344,1259.1507186472868,31.868329182103643,7.76693052196182,23.0,23.3,23.150000000000002
1011,141,18,0.28,929.6271333333332,318.0299979301661,1247.6571312634994,31.77607603614474,7.619017927566396,23.0,23.3,23.150000000000002
1011,142,18,0.27,923.7125333333333,312.5288113965826,1236.241344729916,31.683425381067543,7.454760476429459,23.0,23.3,23.150000000000002
1011,143,18,0.27,923.7125333333333,312.6515166623112,1236.3640499956446,31.683425381067543,7.300296684990348,23.0,23.3,23.150000000000002
1011,144,18,0.27,923.7125333333333,312.7753494586852,1236.4878827920186,31.683425381067543,7.140845316830263,23.0,23.3,23.150000000000002
1011,145,18,0.28,929.6271333333332,318.61950597555057,1248.246639308884,31.77607603614474,6.866789057112749,23.0,23.3,23.150000000000002
1011,146,18,0.29,935.5417333333334,324.52180295303043,1260.0635362863638,31.868329182103643,6.597389680543312,23.0,23.3,23.150000000000002
1011,147,18,0.29,935.5417333333334,324.7091814094958,1260.2509147428293,31.868329182103643,6.3275646718794,23.0,23.3,23.150000000000002
1011,148,18,0.31,947.3709333333334,336.52282665871854,1283.8937599920519,32.05165571777475,6.039469628086974,23.0,23.3,23.150000000000002
1011,149,18,0.32,953.2855333333332,342.5056140374108,1295.791147370744,32.142735404251184,5.935084251570322,23.0,23.3,23.150000000000002
1011,150,18,0.32,953.2855333333332,342.57686279718865,1295.8623961305218,32.142735404251184,5.820812975865762,23.0,23.3,23.150000000000002
1011,151,18,0.33,959.2001333333332,348.63244466839575,1307.832578001729,32.23343017610334,5.707382121945701,23.0,23.3,23.150000000000002
1011,152,18,0.33,959.2001333333332,348.6893016281787,1307.889434961512,32.23343017610334,5.6115774983998365,23.0,23.3,23.150000000000002
1011,153,18,0.32,953.2855333333332,342.74188303309165,1296.0274163664249,32.142735404251184,5.54459566318823,23.0,23.3,23.150000000000002
1011,154,18,0.32,953.2855333333332,342.78441655362593,1296.069949886959,32.142735404251184,5.470474299059641,23.0,23.3,23.150000000000002
1011,155,18,0.33,959.2001333333332,348.8052085221326,1308.0053418554658,32.23343017610334,5.4093154683205835,23.0,23.3,23.150000000000002
1011,156,18,0.33,959.2001333333332,348.84538793796224,1308.0455212712955,32.23343017610334,5.3368036386320865,23.0,23.3,23.150000000000002
1011,157,18,0.34,965.1147333333334,354.8699580502913,1319.9846913836247,32.32374309508319,5.395590629039337,23.0,23.3,23.150000000000002
1011,158,18,0.34,965.1147333333334,354.82593795307145,1319.9406712864047,32.32374309508319,5.474092541361633,23.0,23.3,23.150000000000002
1011,159,18,0.34,965.1147333333334,354.78118447415005,1319.8959178074836,32.32374309508319,5.552372563982118,23.0,23.3,23.150000000000002
1011,160,18,0.33,959.2001333333332,348.682953668835,1307.8830870021682,32.23343017610334,5.622379438624323,23.0,23.3,23.150000000000002
1011,161,18,0.33,959.2001333333332,348.69926475807864,1307.8993980914117,32.23343017610334,5.594568810978885,23.0,23.3,23.150000000000002
1011,162,18,0.32,953.2855333333332,342.72813125660724,1296.0136645899406,32.142735404251184,5.568287124531156,23.0,23.3,23.150000000000002
1011,163,18,0.32,953.2855333333332,342.7414840605585,1296.0270173938918,32.142735404251184,5.545284855271032,23.0,23.3,23.150000000000002
1011,164,18,0.31,947.3709333333334,336.8366433068308,1284.2075766401642,32.05165571777475,5.525686755586073,23.0,23.3,23.150000000000002
1011,165,18,0.31,947.3709333333334,336.84078025929335,1284.2117135926267,32.05165571777475,5.518509468725329,23.0,23.3,23.150000000000002
1011,166,18,0.31,947.3709333333334,336.8369212135507,1284.2078545468842,32.05165571777475,5.525204982215811,23.0,23.3,23.150000000000002
1011,167,18,0.31,947.3709333333334,336.8395736616871,1284.2105069950205,32.05165571777475,5.520604051442038,23.0,23.3,23.150000000000002
1011,168,18,0.31,947.3709333333334,336.84310258535993,1284.2140359186933,32.05165571777475,5.514475185922407,23.0,23.3,23.150000000000002
1011,169,18,0.31,947.3709333333334,336.84263680916456,1284.213570142498,32.05165571777475,5.515284622154457,23.0,23.3,23.150000000000002
1011,170,18,0.31,947.3709333333334,336.8382923112879,1284.2092256446213,32.05165571777475,5.522827290066882,23.0,23.3,23.150000000000002
1011,171,18,0.31,947.3709333333334,336.8427185927562,1284.2136519260896,32.05165571777475,5.515142507796351,23.0,23.3,23.150000000000002
1011,172,18,0.29,935.5417333333334,325.21802262538694,1260.7597559587202,31.868329182103643,5.515848266499011,23.0,23.3,23.150000000000002
1011,173,18,0.29,935.5417333333334,325.21562230929555,1260.757355642629,31.868329182103643,5.520019587542748,23.0,23.3,23.150000000000002
1011,174,18,0.28,929.6271333333332,319.5071507749186,1249.134284108252,31.77607603614474,5.518299196999211,23.0,23.3,23.150000000000002
1011,175,18,0.29,935.5417333333334,325.21588248447154,1260.757615817805,31.868329182103643,5.519567638173755,23.0,23.3,23.150000000000002
1011,176,18,0.29,935.5417333333334,325.21542361736414,1260.7571569506974,31.868329182103643,5.520364703729441,23.0,23.3,23.150000000000002
1011,177,18,0.29,935.5417333333334,325.20481562068613,1260.7465489540195,31.868329182103643,5.538751548745304,23.0,23.3,23.150000000000002
1011,178,18,0.29,935.5417333333334,325.21433334562033,1260.7560666789536,31.868329182103643,5.522257966230331,23.0,23.3,23.150000000000002
1011,179,18,0.29,935.5417333333334,325.22228671591836,1260.764020049252,31.868329182103643,5.508428383639688,23.0,23.3,23.150000000000002
1011,180,18,0.28,929.6271333333332,319.5143339176983,1249.1414672510314,31.77607603614474,5.505778894321387,23.0,23.3,23.150000000000002
1011,181,18,0.27,923.7125333333333,313.8770014651437,1237.5895347984772,31.683425381067543,5.4977795153799605,23.0,23.3,23.150000000000002
1011,182,18,0.26,917.7979333333336,308.30069699951054,1226.098630332844,31.590373978963164,5.500091140550482,23.0,23.3,23.150000000000002
1011,183,18,0.26,917.7979333333336,308.30752805212677,1226.1054613854603,31.590373978963164,5.488068349421649,23.0,23.3,23.150000000000002
1011,184,18,0.26,917.7979333333336,308.305313682216,1226.1032470155496,31.590373978963164,5.491969116628567,23.0,23.3,23.150000000000002
1011,185,18,0.26,917.7979333333336,308.2976580128871,1226.0955913462205,31.590373978963164,5.505429782547537,23.0,23.3,23.150000000000002
1011,186,18,0.26,917.7979333333336,308.2988562132687,1226.0967895466022,31.590373978963164,5.503325617950501,23.0,23.3,23.150000000000002
1011,187,18,0.26,917.7979333333336,308.2997186207963,1226.0976519541298,31.590373978963164,5.501810548296526,23.0,23.3,23.150000000000002
1011,188,18,0.26,917.7979333333336,308.29729836812066,1226.0952317014542,31.590373978963164,5.506061169652286,23.0,23.3,23.150000000000002
1011,189,18,0.24000000000000002,905.9687333333334,297.1845925648989,1203.1533258982322,31.403055798001724,5.783154662012959,23.0,23.3,23.150000000000002
1011,190,18,0.24000000000000002,905.9687333333334,297.0071340002034,1202.9758673335368,31.403055798001724,6.072111897845629,23.0,23.3,23.150000000000002
1011,191,18,0.24000000000000002,905.9687333333334,296.8292871255648,1202.7980204588982,31.403055798001724,6.347093212308669,23.0,23.3,23.150000000000002
1011,192,18,0.24000000000000002,905.9687333333334,296.64677644582906,1202.6155097791625,31.403055798001724,6.61635918234452,23.0,23.3,23.150000000000002
1011,193,18,0.26,917.7979333333336,307.59201680578064,1225.3899501391143,31.590373978963164,6.614004982108228,23.0,23.3,23.150000000000002
1011,194,18,0.26,917.7979333333336,307.60140085633486,1225.3993341896685,31.590373978963164,6.6006269753948335,23.0,23.3,23.150000000000002
1011,195,18,0.26,917.7979333333336,307.6107995879239,1225.4087329212573,31.590373978963164,6.587198200963949,23.0,23.3,23.150000000000002
1011,196,18,0.26,917.7979333333336,307.60454087160315,1225.4024742049367,31.590373978963164,6.596143898779662,23.0,23.3,23.150000000000002
1011,197,18,0.26,917.7979333333336,307.6105527062668,1225.4084860396003,31.590373978963164,6.587551325738569,23.0,23.3,23.150000000000002
1011,198,18,0.26,917.7979333333336,307.61081368628,1225.4087470196137,31.590373978963164,6.587178034890906,23.0,23.3,23.150000000000002
1011,199,18,0.24000000000000002,905.9687333333334,296.6682389555263,1202.6369722888599,31.403055798001724,6.585311580781734,23.0,23.3,23.150000000000002
1011,200,18,0.24000000000000002,905.9687333333334,296.66301103786253,1202.6317443711957,31.403055798001724,6.592888753563637,23.0,23.3,23.150000000000002
1011,201,18,0.23,900.0541333333332,291.2116986596757,1191.265831993009,31.308782357757288,6.705635464835216,23.0,23.3,23.150000000000002
1011,202,18,0.23,900.0541333333332,291.115709829156,1191.169843162489,31.308782357757288,6.841793898841908,23.0,23.3,23.150000000000002
1011,203,18,0.23,900.0541333333332,291.02469647178185,1191.078829805115,31.308782357757288,6.968318002993234,23.0,23.3,23.150000000000002
1011,204,18,0.23,900.0541333333332,290.93717708472354,1190.9913104180569,31.308782357757288,7.0877680418999365,23.0,23.3,23.150000000000002
1011,205,18,0.24000000000000002,905.9687333333334,296.3073900962444,1202.2761234295779,31.403055798001724,7.088166335715765,23.0,23.3,23.150000000000002
1011,206,18,0.24000000000000002,905.9687333333334,296.3050432167201,1202.2737765500533,31.403055798001724,7.091314043734434,23.0,23.3,23.150000000000002
1011,207,18,0.24000000000000002,905.9687333333334,296.3061060373683,1202.2748393707018,31.403055798001724,7.089888735889072,23.0,23.3,23.150000000000002
1011,208,18,0.23,900.0541333333332,290.9260979277694,1190.9802312611025,31.308782357757288,7.102740959708989,23.0,23.3,23.150000000000002
1011,209,18,0.22,894.1395333333334,285.6213410166067,1179.7608743499402,31.214094846670463,7.101892372197346,23.0,23.3,23.150000000000002
1011,210,18,0.21000000000000002,888.2249333333336,280.38465233704005,1168.6095856703737,31.118989838140998,7.095971033873492,23.0,23.3,23.150000000000002
1011,211,18,0.21000000000000002,888.2249333333336,280.38853498883196,1168.6134683221655,31.118989838140998,7.090623518460442,23.0,23.3,23.150000000000002
1011,212,18,0.19,876.3957333333333,270.0992313861367,1146.4949647194699,30.92751342517267,7.087524803922708,23.0,23.3,23.150000000000002
1011,213,18,0.21000000000000002,888.2249333333336,280.39022006166306,1168.6151533949967,31.118989838140998,7.0883014154819755,23.0,23.3,23.150000000000002
1011,214,18,0.21000000000000002,888.2249333333336,280.39106775697155,1168.6160010903052,31.118989838140998,7.087132961797914,23.0,23.3,23.150000000000002
1011,215,18,0.21000000000000002,888.2249333333336,280.3950664921947,1168.6199998255283,31.118989838140998,7.081618501394287,23.0,23.3,23.150000000000002
1011,216,18,0.19,876.3957333333333,270.1016006202467,1146.4973339535802,30.92751342517267,7.0841886695897545,23.0,23.3,23.150000000000002
1011,217,18,0.19,876.3957333333333,269.9948712438086,1146.3906045771419,30.92751342517267,7.232944940075648,23.0,23.3,23.150000000000002
1011,218,18,0.19,876.3957333333333,269.8818115039557,1146.277544837289,30.92751342517267,7.387267017781479,23.0,23.3,23.150000000000002
1011,219,18,0.21000000000000002,888.2249333333336,280.05526992170763,1168.2802032550412,31.118989838140998,7.535689351192371,23.0,23.3,23.150000000000002
1011,220,18,0.21000000000000002,888.2249333333336,279.93831950145875,1168.1632528347923,31.118989838140998,7.685774279465952,23.0,23.3,23.150000000000002
1011,221,18,0.22,894.1395333333334,285.2975331314814,1179.4370664648147,31.214094846670463,7.529925974708241,23.0,23.3,23.150000000000002
1011,222,18,0.23,900.0541333333332,290.7230432815957,1190.777176614929,31.308782357757288,7.371630157219849,23.0,23.3,23.150000000000002
1011,223,18,0.23,900.0541333333332,290.8323680246205,1190.8865013579534,31.308782357757288,7.2281337213404075,23.0,23.3,23.150000000000002
1011,224,18,0.24000000000000002,905.9687333333334,296.31589990947225,1202.2846332428057,31.403055798001724,7.076740472270612,23.0,23.3,23.150000000000002
1011,225,18,0.24000000000000002,905.9687333333334,296.3598108029752,1202.3285441363087,31.403055798001724,7.017474021998934,23.0,23.3,23.150000000000002
1011,226,18,0.24000000000000002,905.9687333333334,296.3966088454621,1202.3653421787956,31.403055798001724,6.967401394578424,23.0,23.3,23.150000000000002
1011,227,18,0.24000000000000002,905.9687333333334,296.4274873991919,1202.3962207325255,31.403055798001724,6.925090305548219,23.0,23.3,23.150000000000002
1011,228,18,0.24000000000000002,905.9687333333334,296.4583769017182,1202.4271102350515,31.403055798001724,6.882490151693275,23.0,23.3,23.150000000000002
1011,229,18,0.24000000000000002,905.9687333333334,296.4172995017635,1202.386032835097,31.403055798001724,6.9390801770005375,23.0,23.3,23.150000000000002
1011,230,18,0.26,917.7979333333336,307.3217974867278,1225.1197308200615,31.590373978963164,6.987354855732305,23.0,23.3,23.150000000000002
1011,231,18,0.26,917.7979333333336,307.2828313146711,1225.0807646480046,31.590373978963164,7.039440790999756,23.0,23.3,23.150000000000002
1011,232,18,0.27,923.7125333333333,312.814041303646,1236.5265746369791,31.683425381067543,7.090243342928211,23.0,23.3,23.150000000000002
1011,233,18,0.28,929.6271333333332,318.4541024564536,1248.081235789787,31.77607603614474,7.0864856252673425,23.0,23.3,23.150000000000002
1011,234,18,0.29,935.5417333333334,324.15435232984817,1259.6960856631815,31.868329182103643,7.093362855796674,23.0,23.3,23.150000000000002
1011,235,18,0.29,935.5417333333334,324.1641259507678,1259.7058592841013,31.868329182103643,7.080665203034902,23.0,23.3,23.150000000000002
1011,236,18,0.31,947.3709333333334,335.7831687791079,1283.154102112441,32.05165571777475,7.080495839141019,23.0,23.3,23.150000000000002
1011,237,18,0.32,953.2855333333332,341.69676899216364,1294.982302325497,32.142735404251184,7.081952879144532,23.0,23.3,23.150000000000002
1011,238,18,0.33,959.2001333333332,347.6803993873254,1306.8805327206585,32.23343017610334,7.084804719564106,23.0,23.3,23.150000000000002
1011,239,18,0.33,959.2001333333332,347.68118648846104,1306.8813198217942,32.23343017610334,7.083795267335756,23.0,23.3,23.150000000000002
1011,240,18,0.34,965.1147333333334,353.7499677072102,1318.8647010405437,32.32374309508319,7.069571732852148,23.0,23.3,23.150000000000002
1011,241,18,0.34,965.1147333333334,353.74886986828125,1318.8636032016148,32.32374309508319,7.070980853110169,23.0,23.3,23.150000000000002
1011,242,18,0.34,965.1147333333334,353.7538262499376,1318.8685595832712,32.32374309508319,7.064616577253437,23.0,23.3,23.150000000000002
1011,243,18,0.34,965.1147333333334,353.7516193162713,1318.8663526496048,32.32374309508319,7.067451218568739,23.0,23.3,23.150000000000002
1011,244,18,0.34,965.1147333333334,353.7637790101798,1318.8785123435132,32.32374309508319,7.051816727428454,23.0,23.3,23.150000000000002
1011,245,18,0.33,959.2001333333332,348.0911055344692,1307.2912388678023,32.23343017610334,6.533488361512248,23.0,23.3,23.150000000000002
1011,246,18,0.33,959.2001333333332,348.44715156549387,1307.6472848988271,32.23343017610334,6.006147299914868,23.0,23.3,23.150000000000002
1011,247,18,0.34,965.1147333333334,354.8206691880959,1319.9354025214293,32.32374309508319,5.483386599888602,23.0,23.3,23.150000000000002
1011,248,18,0.34,965.1147333333334,341.1992656411869,1306.3139989745202,32.32374309508319,4.967093646663452,23.0,23.3,23.150000000000002
1011,249,18,0.36,976.9439333333336,367.3650170706305,1344.3089504039642,32.503235452851136,5.08117527315179,23.0,23.3,23.150000000000002
1011,250,18,0.36,976.9439333333336,367.3014485601597,1344.2453818934932,32.503235452851136,5.205149842169414,23.0,23.3,23.150000000000002
1011,251,18,0.36,976.9439333333336,367.2355948095912,1344.179528142925,32.503235452851136,5.329200377856067,23.0,23.3,23.150000000000002
1011,252,18,0.34,965.1147333333334,354.84683317221715,1319.9615665055503,32.32374309508319,5.437021521971118,23.0,23.3,23.150000000000002
1011,253,18,0.33,959.2001333333332,348.9915932114923,1308.1917265448253,32.23343017610334,5.060867659462773,23.0,23.3,23.150000000000002
1011,254,18,0.32,953.2855333333332,330.6144949503267,1283.9000282836598,32.142735404251184,4.676053823318295,23.0,23.3,23.150000000000002
1011,255,18,0.32,953.2855333333332,330.99970031795914,1284.2852336512922,32.142735404251184,4.2987510297931815,23.0,23.3,23.150000000000002
1011,256,18,0.32,953.2855333333332,331.3539366755238,1284.6394700088572,32.142735404251184,3.927261614172905,23.0,23.3,23.150000000000002
1011,257,18,0.32,953.2855333333332,331.4089058570783,1284.6944391904115,32.142735404251184,3.8671550129405845,23.0,23.3,23.150000000000002
1011,258,18,0.33,959.2001333333332,336.90124107033614,1296.1013744036693,32.23343017610334,3.819549039652008,23.0,23.3,23.150000000000002
1011,259,18,0.34,965.1147333333334,342.4609529543218,1307.5756862876553,32.32374309508319,3.7569959822264334,23.0,23.3,23.150000000000002
1011,260,18,0.34,965.1147333333334,342.50472494569743,1307.6194582790308,32.32374309508319,3.709631497305183,23.0,23.3,23.150000000000002
1011,261,18,0.36,976.9439333333336,353.7635765539035,1330.7075098872372,32.503235452851136,3.6096479686127525,23.0,23.3,23.150000000000002
1011,262,18,0.37,982.8585333333334,359.524496205983,1342.3830295393163,32.59242084792707,3.50646130892078,23.0,23.3,23.150000000000002
1011,263,18,0.37,982.8585333333334,359.61879615551,1342.4773294888435,32.59242084792707,3.404948170795649,23.0,23.3,23.150000000000002
1011,264,18,0.39,994.6877333333334,371.20697811492835,1365.8947114482617,32.76968471709681,3.304692809871329,23.0,23.3,23.150000000000002
1011,265,18,0.41000000000000003,1006.5169333333331,382.91071174114154,1389.4276450744746,32.94549184892777,3.312334136055665,23.0,23.3,23.150000000000002
1011,266,18,0.42000000000000004,1012.4315333333334,388.8423847410611,1401.2739180743945,33.03285620546629,3.3169863412507423,23.0,23.3,23.150000000000002
1011,267,18,0.43,1018.3461333333333,394.82582701361514,1413.1719603469483,33.11986479706046,3.323855864113365,23.0,23.3,23.150000000000002
1011,268,18,0.43,1018.3461333333333,394.83265252263266,1413.178785855966,33.11986479706046,3.3171645675465493,23.0,23.3,23.150000000000002
1011,269,18,0.43,1018.3461333333333,394.83571461523064,1413.181847948564,33.11986479706046,3.3141593971977406,23.0,23.3,23.150000000000002
1011,270,18,0.42000000000000004,1012.4315333333334,388.84257759867546,1401.2741109320089,33.03285620546629,3.3167932579297825,23.0,23.3,23.150000000000002
1011,271,18,0.42000000000000004,1012.4315333333334,388.82077834090796,1401.2523116742414,33.03285620546629,3.33856496028419,23.0,23.3,23.150000000000002
1011,272,18,0.42000000000000004,1012.4315333333334,388.81967807569026,1401.2512114090237,33.03285620546629,3.339661010742369,23.0,23.3,23.150000000000002
1011,273,18,0.41000000000000003,1006.5169333333331,382.8533603164929,1389.370293649826,32.94549184892777,3.3706103206182045,23.0,23.3,23.150000000000002
1011,274,18,0.41000000000000003,1006.5169333333331,382.8284513583448,1389.345384691678,32.94549184892777,3.395686235778392,23.0,23.3,23.150000000000002
1011,275,18,0.41000000000000003,1006.5169333333331,382.80283554904304,1389.3197688823761,32.94549184892777,3.4213291439569122,23.0,23.3,23.150000000000002
1011,276,18,0.41000000000000003,1006.5169333333331,382.7798940857264,1389.2968274190596,32.94549184892777,3.444172475556376,23.0,23.3,23.150000000000002
1011,277,18,0.39,994.6877333333334,371.01512895682504,1365.7028622901585,32.76968471709681,3.5049848561846395,23.0,23.3,23.150000000000002
1011,278,18,0.39,994.6877333333334,370.94986595494026,1365.6375992882736,32.76968471709681,3.5711700798155954,23.0,23.3,23.150000000000002
1011,279,18,0.38,988.7731333333332,365.10007447528744,1353.8732078086207,32.68123630360168,3.652611514849559,23.0,23.3,23.150000000000002
1011,280,18,0.37,982.8585333333334,359.32739237210717,1342.1859257054405,32.59242084792707,3.711762864582201,23.0,23.3,23.150000000000002
1011,281,18,0.36,976.9439333333336,353.59737296583364,1330.5413062991672,32.503235452851136,3.7832668506876526,23.0,23.3,23.150000000000002
1011,282,18,0.36,976.9439333333336,353.52480465816103,1330.4687379914947,32.503235452851136,3.8571807153857836,23.0,23.3,23.150000000000002
1011,283,18,0.34,965.1147333333334,342.28773690455273,1307.402470237886,32.32374309508319,3.9400998263631624,23.0,23.3,23.150000000000002
1011,284,18,0.36,976.9439333333336,353.37484833280865,1330.318781666142,32.503235452851136,4.006561563119809,23.0,23.3,23.150000000000002
1011,285,18,0.37,982.8585333333334,358.8945203471713,1341.7530536805048,32.59242084792707,4.134676702210245,23.0,23.3,23.150000000000002
1011,286,18,0.37,982.8585333333334,358.75797113152265,1341.616504464856,32.59242084792707,4.261248631548808,23.0,23.3,23.150000000000002
1011,287,18,0.38,988.7731333333332,364.3058357210045,1353.078969054338,32.68123630360168,4.397572045294873,23.0,23.3,23.150000000000002
1011,288,18,0.37,982.8585333333334,358.47027301810795,1341.3288063514415,32.59242084792707,4.518747903604878,23.0,23.3,23.150000000000002
1011,289,18,0.37,982.8585333333334,358.2165713430617,1341.075104676395,32.59242084792707,4.73657705646425,23.0,23.3,23.150000000000002
1011,290,18,0.37,982.8585333333334,357.9351592325885,1340.793692565922,32.59242084792707,4.969263988018852,23.0,23.3,23.150000000000002
1011,291,18,0.37,982.8585333333334,373.5841219183524,1356.442655251686,32.59242084792707,5.186434294310134,23.0,23.3,23.150000000000002
1011,292,18,0.37,982.8585333333334,373.4578972854076,1356.3164306187412,32.59242084792707,5.423547768860253,23.0,23.3,23.150000000000002
1011,293,18,0.38,988.7731333333332,379.40384372026426,1368.1769770535975,32.68123630360168,6.0987658572091785,23.0,23.3,23.150000000000002
1011,294,18,0.39,994.6877333333334,385.36442281534244,1380.0521561486757,32.76968471709681,6.7740618548418245,23.0,23.3,23.150000000000002
1011,295,18,0.39,994.6877333333334,384.84009190180416,1379.5278252351375,32.76968471709681,7.4462134088947565,23.0,23.3,23.150000000000002
1011,296,18,0.39,994.6877333333334,384.2605776636841,1378.9483109970174,32.76968471709681,8.11439096147844,23.0,23.3,23.150000000000002
1011,297,18,0.39,994.6877333333334,384.2604371594525,1378.948170492786,32.76968471709681,8.114545508831318,23.0,23.3,23.150000000000002
1011,298,18,0.38,988.7731333333332,377.8257065290944,1366.5988398624277,32.68123630360168,8.120465590958919,23.0,23.3,23.150000000000002
1011,299,18,0.37,982.8585333333334,371.4727295756381,1354.3312629089714,32.59242084792707,8.120343852285009,23.0,23.3,23.150000000000002
1011,300,18,0.37,982.8585333333334,371.4664979248275,1354.3250312581608,32.59242084792707,8.127182860340636,23.0,23.3,23.150000000000002
1011,301,18,0.36,976.9439333333336,364.93166331712035,1341.8755966504539,32.503235452851136,8.404574688861457,23.0,23.3,23.150000000000002
1011,302,18,0.34,965.1147333333334,352.33906055577035,1317.4537938891037,32.32374309508319,8.678735397896212,23.0,23.3,23.150000000000002
1011,303,18,0.34,965.1147333333334,352.0774949296887,1317.1922282630221,32.32374309508319,8.944279594007899,23.0,23.3,23.150000000000002
1011,304,18,0.36,976.9439333333336,364.12591060904356,1341.0698439423772,32.503235452851136,9.21879372635667,23.0,23.3,23.150000000000002
1011,305,18,0.37,982.8585333333334,370.4000363507592,1353.2585696840927,32.59242084792707,9.220874650915825,23.0,23.3,23.150000000000002
1011,306,18,0.37,982.8585333333334,370.4027029114188,1353.2612362447524,32.59242084792707,9.218301190992975,23.0,23.3,23.150000000000002
1011,307,18,0.38,988.7731333333332,376.7488811185174,1365.5220144518507,32.68123630360168,9.224472130323033,23.0,23.3,23.150000000000002
1011,308,18,0.38,988.7731333333332,376.75219443158045,1365.5253277649138,32.68123630360168,9.221278502323514,23.0,23.3,23.150000000000002
1011,309,18,0.38,988.7731333333332,376.8837181654562,1365.6568514987896,32.68123630360168,9.093629172054106,23.0,23.3,23.150000000000002
1011,310,18,0.38,988.7731333333332,377.0146099892789,1365.7877433226122,32.68123630360168,8.964830595226744,23.0,23.3,23.150000000000002
1011,311,18,0.38,988.7731333333332,377.1397497117542,1365.9128830450873,32.68123630360168,8.839954109837452,23.0,23.3,23.150000000000002
1011,312,18,0.38,988.7731333333332,377.25988530543754,1366.0330186387707,32.68123630360168,8.718381602535615,23.0,23.3,23.150000000000002
1011,313,18,0.38,988.7731333333332,377.5262368341913,1366.2993701675246,32.68123630360168,8.442456798017194,23.0,23.3,23.150000000000002
1011,314,18,0.38,988.7731333333332,377.78321467927736,1366.556348012611,32.68123630360168,8.166979854882706,23.0,23.3,23.150000000000002
1011,315,18,0.38,988.7731333333332,378.0263950698121,1366.7995284031456,32.68123630360168,7.8967390459197295,23.0,23.3,23.150000000000002
1011,316,18,0.38,988.7731333333332,378.26363837075223,1367.0367717040856,32.68123630360168,7.622831994729251,23.0,23.3,23.150000000000002
1011,317,18,0.38,988.7731333333332,378.25951250708647,1367.0326458404197,32.68123630360168,7.627690488752772,23.0,23.3,23.150000000000002
1011,318,18,0.38,988.7731333333332,378.2553430102405,1367.0284763435739,32.68123630360168,7.632596784980523,23.0,23.3,23.150000000000002
1011,319,18,0.38,988.7731333333332,378.2569139567235,1367.030047290057,32.68123630360168,7.630748655491798,23.0,23.3,23.150000000000002
1011,320,18,0.38,988.7731333333332,378.2662223691617,1367.039355702495,32.68123630360168,7.61978735709185,23.0,23.3,23.150000000000002
1011,321,18,0.38,988.7731333333332,378.8318040452,1367.6049373785331,32.68123630360168,6.915377349244693,23.0,23.3,23.150000000000002
1011,322,18,0.38,988.7731333333332,379.3268663320183,1368.0999996653516,32.68123630360168,6.216856038423642,23.0,23.3,23.150000000000002
1011,323,18,0.38,988.7731333333332,379.7532245024699,1368.526357835803,32.68123630360168,5.518064041128702,23.0,23.3,23.150000000000002
1011,324,18,0.37,982.8585333333334,358.1153312471887,1340.973864580522,32.59242084792707,4.821314798096481,23.0,23.3,23.150000000000002
1011,325,18,0.36,976.9439333333336,352.78760682725937,1329.7315401605929,32.503235452851136,4.554163831890778,23.0,23.3,23.150000000000002
1011,326,18,0.36,976.9439333333336,353.0889982696628,1330.0329316029963,32.503235452851136,4.279972880885941,23.0,23.3,23.150000000000002
1011,327,18,0.36,976.9439333333336,353.38006469451955,1330.3239980278531,32.503235452851136,4.001437859068931,23.0,23.3,23.150000000000002
1011,328,18,0.37,982.8585333333334,359.30625622233055,1342.164789555664,32.59242084792707,3.733263704846617,23.0,23.3,23.150000000000002
1011,329,18,0.38,988.7731333333332,365.02159778715617,1353.7947311204896,32.68123630360168,3.7312789047189643,23.0,23.3,23.150000000000002
1011,330,18,0.39,994.6877333333334,370.78209284446666,1365.4698261778,32.76968471709681,3.737183807236396,23.0,23.3,23.150000000000002
1011,331,18,0.41000000000000003,1006.5169333333331,382.4725110462803,1388.9894443796136,32.94549184892777,3.7399038280675154,23.0,23.3,23.150000000000002
1011,332,18,0.42000000000000004,1012.4315333333334,388.40691656258144,1400.838449895915,33.03285620546629,3.733408692073647,23.0,23.3,23.150000000000002
1011,333,18,0.44,1024.2607333333333,400.6514778094329,1424.9122111427662,33.2065203671808,3.5294780538458905,23.0,23.3,23.150000000000002
1011,334,18,0.45999999999999996,1036.0899333333334,413.10959593054974,1449.199529263883,33.37878326963981,3.337550007857462,23.0,23.3,23.150000000000002
1011,335,18,0.47,1042.0045333333335,419.5348542343757,1461.5393875677091,33.46439594285134,3.1382488371800905,23.0,23.3,23.150000000000002
1011,336,18,0.49,1053.8337333333334,432.34131830091394,1486.1750516342474,33.63459687210719,2.940189069996696,23.0,23.3,23.150000000000002
1011,337,18,0.51,1065.6629333333333,445.5284820693447,1511.191415402678,33.8034491054765,2.593596180017512,23.0,23.3,23.150000000000002
1011,338,18,0.52,1071.5775333333331,452.37054828978546,1523.9480816231187,33.88737580662169,2.244198564394772,23.0,23.3,23.150000000000002
1011,339,18,0.53,1077.4921333333334,459.25402629680474,1536.746159630138,33.970972894788844,1.8871171400226248,23.0,23.3,23.150000000000002
1011,340,18,0.56,1095.2359333333332,479.6038436654229,1574.839776998756,34.21981100459144,1.5429250030719364,23.0,23.3,23.150000000000002
1011,341,18,0.5700000000000001,1101.1505333333334,486.5830168013014,1587.733550134635,34.302114036113764,1.318114110825882,23.0,23.3,23.150000000000002
1011,342,18,0.58,1107.0651333333333,493.6195141349817,1600.684647468315,34.384099525554774,1.0801373461045038,23.0,23.3,23.150000000000002
1011,343,18,0.59,1112.9797333333333,500.6965106742689,1613.6762440076022,34.46576981220285,0.852010991320831,23.0,23.3,23.150000000000002
1011,344,18,0.59,1112.9797333333333,500.8228926882416,1613.802626021575,34.46576981220285,0.6282023122443844,23.0,23.3,23.150000000000002
1011,345,18,0.59,1112.9797333333333,500.8658603436646,1613.845593676998,34.46576981220285,0.544819380782668,23.0,23.3,23.150000000000002
1011,346,18,0.59,1112.9797333333333,500.90390530273953,1613.8836386360729,34.46576981220285,0.4670786668345033,23.0,23.3,23.150000000000002
1011,347,18,0.58,1107.0651333333333,494.0021873512682,1601.0673206846016,34.384099525554774,0.38756037336880245,23.0,23.3,23.150000000000002
1011,348,18,0.5700000000000001,1101.1505333333334,487.1556401122776,1588.306173445611,34.302114036113764,0.3083716476030751,23.0,23.3,23.150000000000002
1011,349,18,0.56,1095.2359333333332,480.38556153312487,1575.621494866458,34.21981100459144,0.17176244175938582,23.0,23.3,23.150000000000002
1011,350,18,0.54,1083.4067333333335,466.9530057952704,1550.359739128604,34.054242835186,0.051186523247846755,23.0,23.3,23.150000000000002
1011,351,18,0.53,1077.4921333333334,460.31797351357824,1537.8101068469116,33.970972894788844,0.0,23.0,23.3,23.150000000000002
1011,352,18,0.52,1071.5775333333331,453.724725062296,1525.3022583956292,33.88737580662169,0.0,23.0,23.3,23.150000000000002
1011,353,18,0.51,1065.6629333333333,447.1886423636004,1512.8515756969339,33.8034491054765,0.0,23.0,23.3,23.150000000000002
1011,354,18,0.49,1053.8337333333334,434.2870078757536,1488.1207412090869,33.63459687210719,0.0,23.0,23.3,23.150000000000002
1011,355,18,0.49,1053.8337333333334,434.2870078757536,1488.1207412090869,33.63459687210719,0.0,23.0,23.3,23.150000000000002
1011,356,18,0.48,1047.9191333333333,427.9209733833719,1475.8401067167053,33.54966627710388,0.0,23.0,23.3,23.150000000000002
1011,357,18,0.48,1047.9191333333333,427.9209733833719,1475.8401067167053,33.54966627710388,0.0,23.0,23.3,23.150000000000002
1011,358,18,0.47,1042.0045333333335,421.6111392588008,1463.6156725921342,33.46439594285134,0.0,23.0,23.3,23.150000000000002
1011,359,18,0.47,1042.0045333333335,421.6111392588008,1463.6156725921342,33.46439594285134,0.0,23.0,23.3,23.150000000000002
1011,360,18,0.47,1042.0045333333335,421.6111392588008,1463.6156725921342,33.46439594285134,0.0,23.0,23.3,23.150000000000002
1011,361,18,0.48,1047.9191333333333,427.9209733833719,1475.8401067167053,33.54966627710388,0.0,23.0,23.3,23.150000000000002
1011,362,18,0.48,1047.9191333333333,427.9209733833719,1475.8401067167053,33.54966627710388,0.0,23.0,23.3,23.150000000000002
1011,363,18,0.49,1053.8337333333334,434.2870078757536,1488.1207412090869,33.63459687210719,0.0,23.0,23.3,23.150000000000002
1011,364,18,0.51,1065.6629333333333,447.1886423636004,1512.8515756969339,33.8034491054765,0.0,23.0,23.3,23.150000000000002
1011,365,18,0.51,1065.6629333333333,447.1886423636004,1512.8515756969339,33.8034491054765,0.0,23.0,23.3,23.150000000000002
1011,366,18,0.52,1071.5775333333331,453.724725062296,1525.3022583956292,33.88737580662169,0.0,23.0,23.3,23.150000000000002
1011,367,18,0.53,1077.4921333333334,460.31797351357824,1537.8101068469116,33.970972894788844,0.0,23.0,23.3,23.150000000000002
1011,368,18,0.54,1083.4067333333335,466.9686295241387,1550.375362857472,34.054242835186,0.0,23.0,23.3,23.150000000000002
1011,369,18,0.56,1095.2359333333332,480.4431322570851,1575.679065590418,34.21981100459144,0.0,23.0,23.3,23.150000000000002
1011,370,18,0.56,1095.2359333333332,480.4431322570851,1575.679065590418,34.21981100459144,0.0,23.0,23.3,23.150000000000002
1011,371,18,0.5700000000000001,1101.1505333333334,487.2674633705034,1588.417996703837,34.302114036113764,0.0,23.0,23.3,23.150000000000002
1011,372,18,0.58,1107.0651333333333,494.15017080610846,1601.2153041394417,34.384099525554774,0.0,23.0,23.3,23.150000000000002
1011,373,18,0.59,1112.9797333333333,501.091497090763,1614.0712304240963,34.46576981220285,0.0,23.0,23.3,23.150000000000002
1011,374,18,0.59,1112.9797333333333,501.091497090763,1614.0712304240963,34.46576981220285,0.0,23.0,23.3,23.150000000000002
1011,375,18,0.59,1112.9797333333333,501.091497090763,1614.0712304240963,34.46576981220285,0.0,23.0,23.3,23.150000000000002
1011,376,18,0.58,1107.0651333333333,494.15017080610846,1601.2153041394417,34.384099525554774,0.0,23.0,23.3,23.150000000000002
1011,377,18,0.5700000000000001,1101.1505333333334,487.2674633705034,1588.417996703837,34.302114036113764,0.0,23.0,23.3,23.150000000000002
1011,378,18,0.56,1095.2359333333332,480.4431322570851,1575.679065590418,34.21981100459144,0.0,23.0,23.3,23.150000000000002
1011,379,18,0.54,1083.4067333333335,466.9686295241387,1550.375362857472,34.054242835186,0.0,23.0,23.3,23.150000000000002
1011,380,18,0.54,1083.4067333333335,466.9686295241387,1550.375362857472,34.054242835186,0.0,23.0,23.3,23.150000000000002
1011,381,18,0.54,1083.4067333333335,466.9686295241387,1550.375362857472,34.054242835186,0.0,23.0,23.3,23.150000000000002
1011,382,18,0.54,1083.4067333333335,466.9686295241387,1550.375362857472,34.054242835186,0.0,23.0,23.3,23.150000000000002
1011,383,18,0.54,1083.4067333333335,466.9686295241387,1550.375362857472,34.054242835186,0.0,23.0,23.3,23.150000000000002
1011,384,18,0.54,1083.4067333333335,466.9686295241387,1550.375362857472,34.054242835186,0.0,23.0,23.3,23.150000000000002
1011,385,18,0.54,1083.4067333333335,466.9686295241387,1550.375362857472,34.054242835186,0.0,23.0,23.3,23.150000000000002
1011,386,18,0.54,1083.4067333333335,466.9686295241387,1550.375362857472,34.054242835186,0.0,23.0,23.3,23.150000000000002
1011,387,18,0.56,1095.2359333333332,480.4431322570851,1575.679065590418,34.21981100459144,0.0,23.0,23.3,23.150000000000002
1011,388,18,0.5700000000000001,1101.1505333333334,487.2674633705034,1588.417996703837,34.302114036113764,0.0,23.0,23.3,23.150000000000002
1011,389,18,0.59,1112.9797333333333,501.091497090763,1614.0712304240963,34.46576981220285,0.0,23.0,23.3,23.150000000000002
1011,390,18,0.61,1124.808933333333,515.1509768864431,1639.9599102197762,34.62817401353699,0.0,23.0,23.3,23.150000000000002
1011,391,18,0.63,1136.6381333333334,529.4478451381106,1666.085978471444,34.78934487583022,0.0,23.0,23.3,23.150000000000002
1011,392,18,0.66,1154.3819333333329,551.3425033282685,1705.7244366616014,35.02882763464227,0.0,23.0,23.3,23.150000000000002
1011,393,18,0.68,1166.2111333333332,566.2413495074303,1732.4524828407637,35.18699250886368,0.0,23.0,23.3,23.150000000000002
1011,394,18,0.71,1183.9549333333337,580.5988143100851,1764.5537476434185,35.42204680636552,0.0,23.0,23.3,23.150000000000002
1011,395,18,0.73,1195.7841333333333,580.5988143100851,1776.3829476434182,35.577311795947004,0.0,23.0,23.3,23.150000000000002
1011,396,18,0.76,1213.5279333333333,580.5988143100851,1794.1267476434186,35.80809281254302,0.0,23.0,23.3,23.150000000000002
1011,397,18,0.78,1225.3571333333332,580.5988143100851,1805.9559476434183,35.960558798789044,0.0,23.0,23.3,23.150000000000002
1011,398,18,0.81,1243.1009333333338,580.5988143100851,1823.6997476434192,36.18721412604712,0.0,23.0,23.3,23.150000000000002
1011,399,18,0.8200000000000001,1249.0155333333332,580.5988143100851,1829.6143476434183,36.2622284361107,0.0,23.0,23.3,23.150000000000002
1011,400,18,0.8400000000000001,1260.8447333333336,580.5988143100851,1841.443547643419,36.41146190102101,0.0,23.0,23.3,23.150000000000002
1011,401,18,0.86,1272.6739333333335,580.5988143100851,1853.2727476434186,36.559647191963535,0.0,23.0,23.3,23.150000000000002
1011,402,18,0.86,1272.6739333333335,580.5988143100851,1853.2727476434186,36.559647191963535,0.0,23.0,23.3,23.150000000000002
1011,403,18,0.8400000000000001,1260.8447333333336,580.5988143100851,1841.443547643419,36.41146190102101,0.0,23.0,23.3,23.150000000000002
1011,404,18,0.8200000000000001,1249.0155333333332,580.5988143100851,1829.6143476434183,36.2622284361107,0.0,23.0,23.3,23.150000000000002
1011,405,18,0.78,1225.3571333333332,580.5988143100851,1805.9559476434183,35.960558798789044,0.0,23.0,23.3,23.150000000000002
1011,406,18,0.74,1201.6987333333336,580.5988143100851,1782.297547643419,35.65451901010065,0.0,23.0,23.3,23.150000000000002
1011,407,18,0.73,1195.7841333333333,580.5988143100851,1776.3829476434182,35.577311795947004,0.0,23.0,23.3,23.150000000000002
1011,408,18,0.72,1189.8695333333333,580.5988143100851,1770.4683476434182,35.4998217303693,0.0,23.0,23.3,23.150000000000002
1011,409,18,0.72,1189.8695333333333,580.5988143100851,1770.4683476434182,35.4998217303693,0.0,23.0,23.3,23.150000000000002
1011,410,18,0.72,1189.8695333333333,580.5988143100851,1770.4683476434182,35.4998217303693,0.0,23.0,23.3,23.150000000000002
1011,411,18,0.72,1189.8695333333333,580.5988143100851,1770.4683476434182,35.4998217303693,0.0,23.0,23.3,23.150000000000002
1011,412,18,0.72,1189.8695333333333,580.5988143100851,1770.4683476434182,35.4998217303693,0.0,23.0,23.3,23.150000000000002
1011,413,18,0.72,1189.8695333333333,580.5988143100851,1770.4683476434182,35.4998217303693,0.0,23.0,23.3,23.150000000000002
1011,414,18,0.72,1189.8695333333333,580.5988143100851,1770.4683476434182,35.4998217303693,0.0,23.0,23.3,23.150000000000002
1011,415,18,0.72,1189.8695333333333,580.5988143100851,1770.4683476434182,35.4998217303693,0.0,23.0,23.3,23.150000000000002
1011,416,18,0.72,1189.8695333333333,580.5988143100851,1770.4683476434182,35.4998217303693,0.0,23.0,23.3,23.150000000000002
1011,417,18,0.72,1189.8695333333333,580.5988143100851,1770.4683476434182,35.4998217303693,0.0,23.0,23.3,23.150000000000002
1011,418,18,0.73,1195.7841333333333,580.5988143100851,1776.3829476434182,35.577311795947004,0.0,23.0,23.3,23.150000000000002
1011,419,18,0.74,1201.6987333333336,580.5988143100851,1782.297547643419,35.65451901010065,0.0,23.0,23.3,23.150000000000002
1011,420,18,0.78,1225.3571333333332,580.5988143100851,1805.9559476434183,35.960558798789044,0.0,23.0,23.3,23.150000000000002
1011,421,18,0.8200000000000001,1249.0155333333332,580.5988143100851,1829.6143476434183,36.2622284361107,0.0,23.0,23.3,23.150000000000002
1011,422,18,0.8400000000000001,1260.8447333333336,580.5988143100851,1841.443547643419,36.41146190102101,0.0,23.0,23.3,23.150000000000002
1011,423,18,0.87,1278.5885333333333,580.5988143100851,1859.1873476434182,36.63335121927812,0.0,23.0,23.3,23.150000000000002
1011,424,18,0.87,1278.5885333333333,580.5988143100851,1859.1873476434182,36.63335121927812,0.0,23.0,23.3,23.150000000000002
1011,425,18,0.87,1278.5885333333333,580.5988143100851,1859.1873476434182,36.63335121927812,0.0,23.0,23.3,23.150000000000002
1011,426,18,0.87,1278.5885333333333,580.5988143100851,1859.1873476434182,36.63335121927812,0.0,23.0,23.3,23.150000000000002
1011,427,18,0.86,1272.6739333333335,580.5988143100851,1853.2727476434186,36.559647191963535,0.0,23.0,23.3,23.150000000000002
1011,428,18,0.86,1272.6739333333335,580.5988143100851,1853.2727476434186,36.559647191963535,0.0,23.0,23.3,23.150000000000002
1011,429,18,0.8400000000000001,1260.8447333333336,580.5988143100851,1841.443547643419,36.41146190102101,0.0,23.0,23.3,23.150000000000002
1011,430,18,0.8300000000000001,1254.9301333333333,580.5988143100851,1835.5289476434184,36.3369770883903,0.0,23.0,23.3,23.150000000000002
1011,431,18,0.8200000000000001,1249.0155333333332,580.5988143100851,1829.6143476434183,36.2622284361107,0.0,23.0,23.3,23.150000000000002
1011,432,18,0.78,1225.3571333333332,580.5988143100851,1805.9559476434183,35.960558798789044,0.0,23.0,23.3,23.150000000000002
1011,433,18,0.74,1201.6987333333336,580.5988143100851,1782.297547643419,35.65451901010065,0.0,23.0,23.3,23.150000000000002
1011,434,18,0.72,1189.8695333333333,580.6414833082467,1770.51101664158,35.4998217303693,0.13360888025243806,23.0,23.3,23.150000000000002
1011,435,18,0.6900000000000001,1172.1257333333333,573.6545772654646,1745.780310598798,35.26563425369287,0.28749837439369963,23.0,23.3,23.150000000000002
1011,436,18,0.67,1160.2965333333334,558.5611919681693,1718.8577253015028,35.10805767276037,0.4383012585582214,23.0,23.3,23.150000000000002
1011,437,18,0.67,1160.2965333333334,558.622385634853,1718.9189189681865,35.10805767276037,0.31979870148066636,23.0,23.3,23.150000000000002
1011,438,18,0.66,1154.3819333333329,551.2621400381644,1705.6440733714971,35.02882763464227,0.1982005730636322,23.0,23.3,23.150000000000002
1011,439,18,0.66,1154.3819333333329,551.3136793960595,1705.6956127293925,35.02882763464227,0.07525281234462305,23.0,23.3,23.150000000000002
1011,440,18,0.64,1142.5527333333334,536.6859073319846,1679.238640665318,34.86947340135755,0.0,23.0,23.3,23.150000000000002
1011,441,18,0.63,1136.6381333333334,529.4300302202037,1666.0681635535368,34.78934487583022,0.04961615712312695,23.0,23.3,23.150000000000002
1011,442,18,0.63,1136.6381333333334,529.3935167222809,1666.0316500556144,34.78934487583022,0.14467535670797674,23.0,23.3,23.150000000000002
1011,443,18,0.63,1136.6381333333334,529.352927809113,1665.9910611424464,34.78934487583022,0.24191559367736026,23.0,23.3,23.150000000000002
1011,444,18,0.63,1136.6381333333334,529.3068362630977,1665.944969596431,34.78934487583022,0.3439130311019342,23.0,23.3,23.150000000000002
1011,445,18,0.63,1136.6381333333334,529.2572683133857,1665.895401646719,34.78934487583022,0.4456674840371082,23.0,23.3,23.150000000000002
1011,446,18,0.63,1136.6381333333334,529.1937550519661,1665.8318883852996,34.78934487583022,0.5665041953415498,23.0,23.3,23.150000000000002
1011,447,18,0.64,1142.5527333333334,536.3686197842503,1678.9213531175837,34.86947340135755,0.6687403731345729,23.0,23.3,23.150000000000002
1011,448,18,0.66,1154.3819333333329,550.9470407678249,1705.3289741011579,35.02882763464227,0.7746133190501878,23.0,23.3,23.150000000000002
1011,449,18,0.68,1166.2111333333332,565.73488745351,1731.9460207868433,35.18699250886368,0.9133521849734735,23.0,23.3,23.150000000000002
1011,450,18,0.6900000000000001,1172.1257333333333,573.1753340700304,1745.301067403364,35.26563425369287,1.033739660775078,23.0,23.3,23.150000000000002
1011,451,18,0.6900000000000001,1172.1257333333333,573.0746851393615,1745.2004184726948,35.26563425369287,1.1581910866048772,23.0,23.3,23.150000000000002
1011,452,18,0.6900000000000001,1172.1257333333333,572.9724500452684,1745.098183378602,35.26563425369287,1.2777243809519852,23.0,23.3,23.150000000000002
1011,453,18,0.68,1166.2111333333332,565.3693366453263,1731.5804699786595,35.18699250886368,1.3640362851445977,23.0,23.3,23.150000000000002
1011,454,18,0.68,1166.2111333333332,565.2731317289422,1731.4842650622754,35.18699250886368,1.4691488060808657,23.0,23.3,23.150000000000002
1011,455,18,0.67,1160.2965333333334,557.7087614735615,1718.0052948068949,35.10805767276037,1.57671144283009,23.0,23.3,23.150000000000002
1011,456,18,0.67,1160.2965333333334,557.607473589586,1717.9040069229193,35.10805767276037,1.6803200682434232,23.0,23.3,23.150000000000002
1011,457,18,0.66,1154.3819333333329,550.1435625566551,1704.5254958899877,35.02882763464227,1.745484712424137,23.0,23.3,23.150000000000002
1011,458,18,0.64,1142.5527333333334,535.4552745580141,1678.0080078913477,34.86947340135755,1.8195032236155686,23.0,23.3,23.150000000000002
1011,459,18,0.63,1136.6381333333334,528.1526033868546,1664.790736720188,34.78934487583022,1.9062036970158276,23.0,23.3,23.150000000000002
1011,460,18,0.59,1112.9797333333333,499.81914319653066,1612.798876529864,34.46576981220285,1.976040888319842,23.0,23.3,23.150000000000002
1011,461,18,0.5700000000000001,1101.1505333333334,485.9954423522568,1587.1459756855902,34.302114036113764,2.0243619304020175,23.0,23.3,23.150000000000002
1011,462,18,0.54,1083.4067333333335,465.717192356979,1549.1239256903125,34.054242835186,2.077847052469795,23.0,23.3,23.150000000000002
1011,463,18,0.53,1077.4921333333334,459.04554847847555,1536.5376818118089,33.970972894788844,2.1272099226428143,23.0,23.3,23.150000000000002
1011,464,18,0.53,1077.4921333333334,458.99379520846975,1536.485928541803,33.970972894788844,2.1840485254758972,23.0,23.3,23.150000000000002
1011,465,18,0.54,1083.4067333333335,465.4542347357055,1548.8609680690388,34.054242835186,2.3559785183599633,23.0,23.3,23.150000000000002
1011,466,18,0.56,1095.2359333333332,478.69543511609197,1573.931368449425,34.21981100459144,2.5240299172640865,23.0,23.3,23.150000000000002
1011,467,18,0.56,1095.2359333333332,478.50776474302404,1573.743698076357,34.21981100459144,2.6948564603951235,23.0,23.3,23.150000000000002
1011,468,18,0.5700000000000001,1101.1505333333334,485.0836660059653,1586.2341993392988,34.302114036113764,2.87619024898169,23.0,23.3,23.150000000000002
1011,469,18,0.5700000000000001,1101.1505333333334,485.13915337382184,1586.2896867071554,34.302114036113764,2.8296724635964146,23.0,23.3,23.150000000000002
1011,470,18,0.58,1107.0651333333333,492.0403985325723,1599.1055318659055,34.384099525554774,2.781608388811942,23.0,23.3,23.150000000000002
1011,471,18,0.58,1107.0651333333333,492.09846460609725,1599.1635979394305,34.384099525554774,2.732614207571852,23.0,23.3,23.150000000000002
1011,472,18,0.59,1112.9797333333333,499.04732070140307,1612.0270540347365,34.46576981220285,2.6948811817817475,23.0,23.3,23.150000000000002
1011,473,18,0.61,1124.808933333333,512.9366920976813,1637.7456254310146,34.62817401353699,2.771671179244684,23.0,23.3,23.150000000000002
1011,474,18,0.63,1136.6381333333334,527.0600087847675,1663.698142118101,34.78934487583022,2.843065385272059,23.0,23.3,23.150000000000002
1011,475,18,0.64,1142.5527333333334,534.153991445877,1676.7067247792106,34.86947340135755,2.917875233581185,23.0,23.3,23.150000000000002
1011,476,18,0.64,1142.5527333333334,534.0632471694934,1676.6159805028267,34.86947340135755,2.983385478430988,23.0,23.3,23.150000000000002
1011,477,18,0.66,1154.3819333333329,548.5960550516508,1702.9779883849835,35.02882763464227,3.004799271181957,23.0,23.3,23.150000000000002
1011,478,18,0.67,1160.2965333333334,555.9295545686739,1716.2260879020073,35.10805767276037,3.030303170663004,23.0,23.3,23.150000000000002
1011,479,18,0.67,1160.2965333333334,555.8788362941331,1716.1753696274664,35.10805767276037,3.064254415891581,23.0,23.3,23.150000000000002
1011,480,18,0.67,1160.2965333333334,555.8597801755682,1716.1563135089018,35.10805767276037,3.076939433886064,23.0,23.3,23.150000000000002
1011,481,18,0.66,1154.3819333333329,548.257902115384,1702.6398354487167,35.02882763464227,3.2312305834845345,23.0,23.3,23.150000000000002
1011,482,18,0.64,1142.5527333333334,533.4747397946334,1676.0274731279667,34.86947340135755,3.385087622238004,23.0,23.3,23.150000000000002
1011,483,18,0.64,1142.5527333333334,533.2313945086984,1675.784127842032,34.86947340135755,3.5410772351749,23.0,23.3,23.150000000000002
1011,484,18,0.63,1136.6381333333334,525.8075885702527,1662.445721903586,34.78934487583022,3.6961695083116535,23.0,23.3,23.150000000000002
1011,485,18,0.62,1130.7235333333333,518.2265405247754,1648.9500738581087,34.708912486998386,3.9825059137988172,23.0,23.3,23.150000000000002
1011,486,18,0.61,1124.808933333333,510.67022472278563,1635.4791580561186,34.62817401353699,4.28284579621529,23.0,23.3,23.150000000000002
1011,487,18,0.58,1107.0651333333333,489.3700576111227,1596.435190944456,34.384099525554774,4.5977220724193435,23.0,23.3,23.150000000000002
1011,488,18,0.54,1083.4067333333335,462.04235982506225,1545.4490931583957,34.054242835186,4.8896318350578625,23.0,23.3,23.150000000000002
1011,489,18,0.51,1065.6629333333333,442.7687545331956,1508.431687866529,33.8034491054765,4.741213699174467,23.0,23.3,23.150000000000002
1011,490,18,0.48,1047.9191333333333,423.9658598529068,1471.88499318624,33.54966627710388,4.592889346294925,23.0,23.3,23.150000000000002
1011,491,18,0.48,1047.9191333333333,424.1853505943828,1472.104483927716,33.54966627710388,4.439031262802004,23.0,23.3,23.150000000000002
1011,492,18,0.49,1053.8337333333334,430.6841630998195,1484.517896433153,33.63459687210719,4.293743313589218,23.0,23.3,23.150000000000002
1011,493,18,0.52,1071.5775333333331,449.7896976378835,1521.3672309712167,33.88737580662169,4.374102283674775,23.0,23.3,23.150000000000002
1011,494,18,0.54,1083.4067333333335,462.7594240152564,1546.1661573485896,34.054242835186,4.452882075781449,23.0,23.3,23.150000000000002
1011,495,18,0.56,1095.2359333333332,475.95617909111985,1571.192112424453,34.21981100459144,4.524946849667396,23.0,23.3,23.150000000000002
1011,496,18,0.56,1095.2359333333332,475.8318271225865,1571.0677604559196,34.21981100459144,4.599310214048713,23.0,23.3,23.150000000000002
1011,497,18,0.56,1095.2359333333332,475.2286224032084,1570.4645557365416,34.21981100459144,4.94738700261669,23.0,23.3,23.150000000000002
1011,498,18,0.56,1095.2359333333332,507.53880219857933,1602.7747355319125,34.21981100459144,5.297875722532995,23.0,23.3,23.150000000000002
1011,499,18,0.56,1095.2359333333332,507.41365683298335,1602.6495901663163,34.21981100459144,5.666549752907116,23.0,23.3,23.150000000000002
1011,500,18,0.5700000000000001,1101.1505333333334,515.1782454817796,1616.328778815113,34.302114036113764,6.007434489480537,23.0,23.3,23.150000000000002
1011,501,18,0.58,1107.0651333333333,523.1771810437535,1630.242314377087,34.384099525554774,5.988513390256995,23.0,23.3,23.150000000000002
1011,502,18,0.59,1112.9797333333333,531.2667348599997,1644.2464681933332,34.46576981220285,5.967177529174306,23.0,23.3,23.150000000000002
1011,503,18,0.61,1124.808933333333,547.710240475782,1672.519173809115,34.62817401353699,5.949408291730994,23.0,23.3,23.150000000000002
1011,504,18,0.62,1130.7235333333333,556.0751880283354,1686.7987213616689,34.708912486998386,5.9243766148989,23.0,23.3,23.150000000000002
1011,505,18,0.62,1130.7235333333333,556.1599089137802,1686.8834422471134,34.708912486998386,5.580225535628943,23.0,23.3,23.150000000000002
1011,506,18,0.63,1136.6381333333334,564.6555367704958,1701.293670103829,34.78934487583022,5.227463142522524,23.0,23.3,23.150000000000002
1011,507,18,0.62,1130.7235333333333,516.6171934250666,1647.3407267583998,34.708912486998386,4.867443615939682,23.0,23.3,23.150000000000002
1011,508,18,0.61,1124.808933333333,510.25428757673563,1635.0632209100688,34.62817401353699,4.5166636939304885,23.0,23.3,23.150000000000002
1011,509,18,0.59,1112.9797333333333,495.9182004132997,1608.897933746633,34.46576981220285,4.767446221048288,23.0,23.3,23.150000000000002
1011,510,18,0.5700000000000001,1101.1505333333334,515.4964494412699,1616.6469827746034,34.302114036113764,5.025661832740931,23.0,23.3,23.150000000000002
1011,511,18,0.5700000000000001,1101.1505333333334,515.4278262184993,1616.5783595518326,34.302114036113764,5.290853033287491,23.0,23.3,23.150000000000002
1011,512,18,0.56,1095.2359333333332,507.46165011923017,1602.6975834525633,34.21981100459144,5.53347542329596,23.0,23.3,23.150000000000002
1011,513,18,0.54,1083.4067333333335,491.8230884770451,1575.2298218103786,34.054242835186,5.821882002247256,23.0,23.3,23.150000000000002
1011,514,18,0.54,1083.4067333333335,491.6965064360531,1575.1032397693864,34.054242835186,6.09641971773754,23.0,23.3,23.150000000000002
1011,515,18,0.52,1071.5775333333331,476.3629026778024,1547.9404360111357,33.88737580662169,6.360442701289291,23.0,23.3,23.150000000000002
1011,516,18,0.51,1065.6629333333333,468.7367827343612,1534.3997160676945,33.8034491054765,6.621680459886355,23.0,23.3,23.150000000000002
1011,517,18,0.47,1042.0045333333335,439.6934730329534,1481.6980063662868,33.46439594285134,6.6093650863131295,23.0,23.3,23.150000000000002
1011,518,18,0.45999999999999996,1036.0899333333334,432.64138438288427,1468.7313177162175,33.37878326963981,6.60444423991023,23.0,23.3,23.150000000000002
1011,519,18,0.45999999999999996,1036.0899333333334,432.63813705969187,1468.728070393025,33.37878326963981,6.609293406342942,23.0,23.3,23.150000000000002
1011,520,18,0.48,1047.9191333333333,446.8377067999219,1494.756840133255,33.54966627710388,6.599013085439082,23.0,23.3,23.150000000000002
1011,521,18,0.51,1065.6629333333333,468.75061907928244,1534.413552412616,33.8034491054765,6.599152579952495,23.0,23.3,23.150000000000002
1011,522,18,0.53,1077.4921333333334,483.77928842180773,1561.271421755141,33.970972894788844,6.608656510239873,23.0,23.3,23.150000000000002
1011,523,18,0.54,1083.4067333333335,491.4309591118832,1574.8376924452166,34.054242835186,6.6011903759404,23.0,23.3,23.150000000000002
1011,524,18,0.56,1095.2359333333332,506.9967108557404,1602.2326441890737,34.21981100459144,6.588847788205859,23.0,23.3,23.150000000000002
1011,525,18,0.5700000000000001,1101.1505333333334,515.088977444078,1616.2395107774116,34.302114036113764,6.215193832155324,23.0,23.3,23.150000000000002
1011,526,18,0.5700000000000001,1101.1505333333334,515.247935663496,1616.3984689968295,34.302114036113764,5.831655951809611,23.0,23.3,23.150000000000002
1011,527,18,0.5700000000000001,1101.1505333333334,515.3775851481606,1616.528118481494,34.302114036113764,5.458942648898055,23.0,23.3,23.150000000000002
1011,528,18,0.58,1107.0651333333333,523.4548829826028,1630.5200163159361,34.384099525554774,5.078570820799035,23.0,23.3,23.150000000000002
1011,529,18,0.58,1107.0651333333333,488.65411273117707,1595.7192460645103,34.384099525554774,4.994571288019564,23.0,23.3,23.150000000000002
1011,530,18,0.59,1112.9797333333333,495.6540093802069,1608.6337427135404,34.46576981220285,4.910260401952241,23.0,23.3,23.150000000000002
1011,531,18,0.59,1112.9797333333333,495.7842688915802,1608.7640022249136,34.46576981220285,4.8402626057393965,23.0,23.3,23.150000000000002
1011,532,18,0.61,1124.808933333333,509.8186381191656,1634.6275714524986,34.62817401353699,4.751779459125021,23.0,23.3,23.150000000000002
1011,533,18,0.62,1130.7235333333333,516.8064984253496,1647.5300317586828,34.708912486998386,4.770117461693513,23.0,23.3,23.150000000000002
1011,534,18,0.62,1130.7235333333333,516.7618488337146,1647.4853821670479,34.708912486998386,4.793213549361689,23.0,23.3,23.150000000000002
1011,535,18,0.62,1130.7235333333333,516.7270219284806,1647.4505552618139,34.708912486998386,4.811167738105777,23.0,23.3,23.150000000000002
1011,536,18,0.61,1124.808933333333,509.64664768339367,1634.4555810167267,34.62817401353699,4.842106927019593,23.0,23.3,23.150000000000002
1011,537,18,0.58,1107.0651333333333,488.9328885388683,1595.9980218722017,34.384099525554774,4.843108601849938,23.0,23.3,23.150000000000002
1011,538,18,0.5700000000000001,1101.1505333333334,482.14527546870386,1583.2958088020373,34.302114036113764,4.842558503573309,23.0,23.3,23.150000000000002
1011,539,18,0.56,1095.2359333333332,475.4075387629148,1570.643472096248,34.21981100459144,4.846211920064554,23.0,23.3,23.150000000000002
1011,540,18,0.54,1083.4067333333335,462.1179889749543,1545.5247223082877,34.054242835186,4.845042744829614,23.0,23.3,23.150000000000002
1011,541,18,0.54,1083.4067333333335,462.06457231152285,1545.4713056448563,34.054242835186,4.8765694227861855,23.0,23.3,23.150000000000002
1011,542,18,0.53,1077.4921333333334,455.44454359857644,1532.9366769319097,33.970972894788844,4.9125675348826645,23.0,23.3,23.150000000000002
1011,543,18,0.53,1077.4921333333334,455.3946488244925,1532.8867821578258,33.970972894788844,4.942247956315236,23.0,23.3,23.150000000000002
1011,544,18,0.52,1071.5775333333331,448.85324389740236,1520.4307772307357,33.88737580662169,4.966356618463163,23.0,23.3,23.150000000000002
1011,545,18,0.49,1053.8337333333334,454.86621532933674,1508.69994866267,33.63459687210719,5.014648511718084,23.0,23.3,23.150000000000002
1011,546,18,0.49,1053.8337333333334,454.84878206165297,1508.6825153949865,33.63459687210719,5.060387686052609,23.0,23.3,23.150000000000002
1011,547,18,0.48,1047.9191333333333,447.6254348420521,1495.5445681753852,33.54966627710388,5.1150883887787755,23.0,23.3,23.150000000000002
1011,548,18,0.49,1053.8337333333334,454.8055532875273,1508.6392866208607,33.63459687210719,5.169934458685538,23.0,23.3,23.150000000000002
1011,549,18,0.49,1053.8337333333334,454.59354564605155,1508.4272789793847,33.63459687210719,5.646647393358374,23.0,23.3,23.150000000000002
1011,550,18,0.51,1065.6629333333333,469.02070026203313,1534.6836335953665,33.8034491054765,6.129544894873361,23.0,23.3,23.150000000000002
1011,551,18,0.52,1071.5775333333331,476.2312027973356,1547.8087361306689,33.88737580662169,6.58813223095812,23.0,23.3,23.150000000000002
1011,552,18,0.53,1077.4921333333334,483.5025447459281,1560.9946780792613,33.970972894788844,7.0553437583839385,23.0,23.3,23.150000000000002
1011,553,18,0.56,1095.2359333333332,506.7301774860063,1601.9661108193395,34.21981100459144,7.0590170141709585,23.0,23.3,23.150000000000002
1011,554,18,0.5700000000000001,1101.1505333333334,514.6511906146658,1615.801723947999,34.302114036113764,7.061557263993794,23.0,23.3,23.150000000000002
1011,555,18,0.5700000000000001,1101.1505333333334,514.6494239088363,1615.7999572421697,34.302114036113764,7.06457621392052,23.0,23.3,23.150000000000002
1011,556,18,0.5700000000000001,1101.1505333333334,514.6476219520823,1615.7981552854158,34.302114036113764,7.067652918905445,23.0,23.3,23.150000000000002
1011,557,18,0.5700000000000001,1101.1505333333334,514.6489112254592,1615.7994445587929,34.302114036113764,7.065451836840841,23.0,23.3,23.150000000000002
1011,558,18,0.5700000000000001,1101.1505333333334,514.6449411946376,1615.7954745279708,34.302114036113764,7.072225486867614,23.0,23.3,23.150000000000002
1011,559,18,0.5700000000000001,1101.1505333333334,514.6411298187289,1615.7916631520623,34.302114036113764,7.078717072865497,23.0,23.3,23.150000000000002
1011,560,18,0.58,1107.0651333333333,522.6579778892856,1629.7231112226189,34.384099525554774,7.073590331725865,23.0,23.3,23.150000000000002
1011,561,18,0.59,1112.9797333333333,530.8347759502218,1643.8145092835555,34.46576981220285,6.940699070313336,23.0,23.3,23.150000000000002
1011,562,18,0.61,1124.808933333333,547.3787422239176,1672.187675557251,34.62817401353699,6.813731922426498,23.0,23.3,23.150000000000002
1011,563,18,0.61,1124.808933333333,547.4354555760696,1672.2443889094025,34.62817401353699,6.686510351988273,23.0,23.3,23.150000000000002
1011,564,18,0.62,1130.7235333333333,555.8602504553155,1686.5837837886486,34.708912486998386,6.567249029509904,23.0,23.3,23.150000000000002
1011,565,18,0.62,1130.7235333333333,555.8641785837325,1686.5877119170655,34.708912486998386,6.55714759077257,23.0,23.3,23.150000000000002
1011,566,18,0.62,1130.7235333333333,555.8655828733587,1686.5891162066919,34.708912486998386,6.553525619162693,23.0,23.3,23.150000000000002
1011,567,18,0.61,1124.808933333333,547.4930932058002,1672.3020265391333,34.62817401353699,6.550596798258252,23.0,23.3,23.150000000000002
1011,568,18,0.61,1124.808933333333,547.4895545094967,1672.29848784283,34.62817401353699,6.559155493937958,23.0,23.3,23.150000000000002
1011,569,18,0.61,1124.808933333333,547.6258857118008,1672.4348190451342,34.62817401353699,6.204171617721032,23.0,23.3,23.150000000000002
1011,570,18,0.59,1112.9797333333333,531.3097710432727,1644.2895043766061,34.46576981220285,5.8441264991982615,23.0,23.3,23.150000000000002
1011,571,18,0.58,1107.0651333333333,523.3464340352965,1630.41156736863,34.384099525554774,5.495414819315993,23.0,23.3,23.150000000000002
1011,572,18,0.5700000000000001,1101.1505333333334,515.4630073399323,1616.613540673266,34.302114036113764,5.161237414646349,23.0,23.3,23.150000000000002
1011,573,18,0.56,1095.2359333333332,507.47189475589676,1602.70782808923,34.21981100459144,5.503874778362711,23.0,23.3,23.150000000000002
1011,574,18,0.54,1083.4067333333335,491.81377384781223,1575.2205071811454,34.054242835186,5.843077960864625,23.0,23.3,23.150000000000002
1011,575,18,0.54,1083.4067333333335,491.63991664271043,1575.0466499760437,34.054242835186,6.210992644998597,23.0,23.3,23.150000000000002
1011,576,18,0.54,1083.4067333333335,491.4549692444881,1574.8617025778215,34.054242835186,6.5585997305382095,23.0,23.3,23.150000000000002
1011,577,18,0.56,1095.2359333333332,506.9437757749919,1602.179709108325,34.21981100459144,6.687366085342637,23.0,23.3,23.150000000000002
1011,578,18,0.56,1095.2359333333332,506.87630271580076,1602.1122360491338,34.21981100459144,6.808942073786464,23.0,23.3,23.150000000000002
1011,579,18,0.56,1095.2359333333332,506.80133710459364,1602.0372704379267,34.21981100459144,6.93932496711315,23.0,23.3,23.150000000000002
1011,580,18,0.56,1095.2359333333332,506.730224864971,1601.966158198304,34.21981100459144,7.058938544753177,23.0,23.3,23.150000000000002
1011,581,18,0.5700000000000001,1101.1505333333334,514.6546525657469,1615.8051858990805,34.302114036113764,7.055634464557984,23.0,23.3,23.150000000000002
1011,582,18,0.5700000000000001,1101.1505333333334,514.6541980709201,1615.8047314042535,34.302114036113764,7.056412557360872,23.0,23.3,23.150000000000002
1011,583,18,0.5700000000000001,1101.1505333333334,514.6523831225516,1615.802916455885,34.302114036113764,7.059518139195773,23.0,23.3,23.150000000000002
1011,584,18,0.56,1095.2359333333332,506.7275762717771,1601.9635096051104,34.21981100459144,7.063322755289558,23.0,23.3,23.150000000000002
1011,585,18,0.56,1095.2359333333332,506.7326958237674,1601.9686291571006,34.21981100459144,7.05484394049089,23.0,23.3,23.150000000000002
1011,586,18,0.56,1095.2359333333332,506.7277635129881,1601.9636968463212,34.21981100459144,7.063012976382763,23.0,23.3,23.150000000000002
1011,587,18,0.56,1095.2359333333332,506.7274902812191,1601.9634236145523,34.21981100459144,7.063465013104928,23.0,23.3,23.150000000000002
1011,588,18,0.54,1083.4067333333335,491.1503588226101,1574.5570921559436,34.054242835186,7.065936072373563,23.0,23.3,23.150000000000002
1011,589,18,0.54,1083.4067333333335,491.13836970318926,1574.5451030365227,34.054242835186,7.08463347578899,23.0,23.3,23.150000000000002
1011,590,18,0.54,1083.4067333333335,491.12685652918276,1574.5335898625162,34.054242835186,7.102511061902045,23.0,23.3,23.150000000000002
1011,591,18,0.56,1095.2359333333332,506.70568803063145,1601.9416213639645,34.21981100459144,7.0993686088819095,23.0,23.3,23.150000000000002
1011,592,18,0.56,1095.2359333333332,506.7059418766784,1601.9418752100116,34.21981100459144,7.098952448605893,23.0,23.3,23.150000000000002
1011,593,18,0.5700000000000001,1101.1505333333334,514.6249524870047,1615.7754858203384,34.302114036113764,7.106148092170392,23.0,23.3,23.150000000000002
1011,594,18,0.58,1107.0651333333333,522.6372626710339,1629.7023960043673,34.384099525554774,7.109980756067571,23.0,23.3,23.150000000000002
1011,595,18,0.58,1107.0651333333333,522.6440134601122,1629.7091467934456,34.384099525554774,7.098161188331961,23.0,23.3,23.150000000000002
1011,596,18,0.5700000000000001,1101.1505333333334,514.6309101788147,1615.7814435121481,34.302114036113764,7.096068845082921,23.0,23.3,23.150000000000002
1011,597,18,0.5700000000000001,1101.1505333333334,514.6294452373742,1615.7799785707075,34.302114036113764,7.098549698134362,23.0,23.3,23.150000000000002
1011,598,18,0.56,1095.2359333333332,506.7081098885244,1601.9440432218576,34.21981100459144,7.095396388988684,23.0,23.3,23.150000000000002
1011,599,18,0.54,1083.4067333333335,491.13077058082786,1574.537503914161,34.054242835186,7.096441801789456,23.0,23.3,23.150000000000002
1011,600,18,0.54,1083.4067333333335,491.13565406217174,1574.542387395505,34.054242835186,7.088857112235797,23.0,23.3,23.150000000000002
1011,601,18,0.53,1077.4921333333334,483.6567155565219,1561.1488488898551,33.970972894788844,6.812708952035143,23.0,23.3,23.150000000000002
1011,602,18,0.53,1077.4921333333334,483.82479722085037,1561.3169305541837,33.970972894788844,6.529966445707033,23.0,23.3,23.150000000000002
1011,603,18,0.53,1077.4921333333334,483.9690086985265,1561.46114203186,33.970972894788844,6.268202059369223,23.0,23.3,23.150000000000002
1011,604,18,0.54,1083.4067333333335,491.74149456490517,1575.1482278982387,34.054242835186,6.00198052286216,23.0,23.3,23.150000000000002
1011,605,18,0.56,1095.2359333333332,507.2817794909999,1602.517712824333,34.21981100459144,5.995118233450712,23.0,23.3,23.150000000000002
1011,606,18,0.56,1095.2359333333332,507.27971044829235,1602.5156437816254,34.21981100459144,5.999925848933455,23.0,23.3,23.150000000000002
1011,607,18,0.5700000000000001,1101.1505333333334,515.1840620515674,1616.3345953849007,34.302114036113764,5.99326694852808,23.0,23.3,23.150000000000002
1011,608,18,0.5700000000000001,1101.1505333333334,515.1838579360453,1616.3343912693788,34.302114036113764,5.993765556945056,23.0,23.3,23.150000000000002
1011,609,18,0.5700000000000001,1101.1505333333334,515.2888114157209,1616.4393447490545,34.302114036113764,5.721577143526229,23.0,23.3,23.150000000000002
1011,610,18,0.5700000000000001,1101.1505333333334,515.3804842234118,1616.5310175567454,34.302114036113764,5.449693212966175,23.0,23.3,23.150000000000002
1011,611,18,0.5700000000000001,1101.1505333333334,515.4599772511888,1616.6105105845222,34.302114036113764,5.172871239691622,23.0,23.3,23.150000000000002
1011,612,18,0.5700000000000001,1101.1505333333334,482.03744031308855,1583.1879736464218,34.302114036113764,4.902668603653736,23.0,23.3,23.150000000000002
1011,613,18,0.5700000000000001,1101.1505333333334,482.3037106867878,1583.4542440201212,34.302114036113764,4.753155029023711,23.0,23.3,23.150000000000002
1011,614,18,0.5700000000000001,1101.1505333333334,482.55350160511534,1583.7040349384488,34.302114036113764,4.609434769769981,23.0,23.3,23.150000000000002
1011,615,18,0.5700000000000001,1101.1505333333334,482.8137281563541,1583.9642614896875,34.302114036113764,4.455856587496931,23.0,23.3,23.150000000000002
1011,616,18,0.5700000000000001,1101.1505333333334,483.0759424739345,1584.226475807268,34.302114036113764,4.296785706440765,23.0,23.3,23.150000000000002
1011,617,18,0.56,1095.2359333333332,476.3254525718855,1571.5613859052185,34.21981100459144,4.298221391769723,23.0,23.3,23.150000000000002
1011,618,18,0.56,1095.2359333333332,476.3169242468634,1571.5528575801966,34.21981100459144,4.303562684274631,23.0,23.3,23.150000000000002
1011,619,18,0.54,1083.4067333333335,462.9758303261625,1546.3825636594959,34.054242835186,4.3143229304651145,23.0,23.3,23.150000000000002
1011,620,18,0.54,1083.4067333333335,463.0082163295837,1546.414949662917,34.054242835186,4.293286946185785,23.0,23.3,23.150000000000002
1011,621,18,0.54,1083.4067333333335,463.59512036758855,1547.0018537009219,34.054242835186,3.89701862640167,23.0,23.3,23.150000000000002
1011,622,18,0.54,1083.4067333333335,464.1482749114243,1547.5550082447578,34.054242835186,3.492759265608234,23.0,23.3,23.150000000000002
1011,623,18,0.53,1077.4921333333334,458.0523738542252,1535.5445071875586,33.970972894788844,3.0841735346897954,23.0,23.3,23.150000000000002
1011,624,18,0.52,1071.5775333333331,451.9237087743251,1523.5012421076585,33.88737580662169,2.699476763860954,23.0,23.3,23.150000000000002
1011,625,18,0.51,1065.6629333333333,445.5812689023591,1511.2442022356925,33.8034491054765,2.5402189755843394,23.0,23.3,23.150000000000002
1011,626,18,0.49,1053.8337333333334,432.87663208323664,1486.71036541657,33.63459687210719,2.392700669260025,23.0,23.3,23.150000000000002
1011,627,18,0.49,1053.8337333333334,433.0101072908226,1486.843840624156,33.63459687210719,2.242104331711863,23.0,23.3,23.150000000000002
1011,628,18,0.49,1053.8337333333334,433.1344260521096,1486.968159385443,33.63459687210719,2.095366857641546,23.0,23.3,23.150000000000002
1011,629,18,0.51,1065.6629333333333,445.9952873323699,1511.6582206657033,33.8034491054765,2.0903661705884895,23.0,23.3,23.150000000000002
1011,630,18,0.52,1071.5775333333331,452.5093132903904,1524.0868466237237,33.88737580662169,2.0894395617656754,23.0,23.3,23.150000000000002
1011,631,18,0.53,1077.4921333333334,459.0797398001836,1536.5718731335169,33.970972894788844,2.0890943471505103,23.0,23.3,23.150000000000002
1011,632,18,0.54,1083.4067333333335,465.7066733897982,1549.1134067231317,34.054242835186,2.0894459685003213,23.0,23.3,23.150000000000002
1011,633,18,0.56,1095.2359333333332,479.24909873995097,1574.485032073284,34.21981100459144,1.9643635280381309,23.0,23.3,23.150000000000002
1011,634,18,0.5700000000000001,1101.1505333333334,486.15805182699086,1587.3085851603244,34.302114036113764,1.8462782141315428,23.0,23.3,23.150000000000002
1011,635,18,0.58,1107.0651333333333,493.1383044180889,1600.2034377514221,34.384099525554774,1.7124104360729473,23.0,23.3,23.150000000000002
1011,636,18,0.59,1112.9797333333333,500.16218341888975,1613.141916752223,34.46576981220285,1.5945191545180957,23.0,23.3,23.150000000000002
1011,637,18,0.61,1124.808933333333,514.1916013258174,1639.0005346591506,34.62817401353699,1.590036354187012,23.0,23.3,23.150000000000002
1011,638,18,0.61,1124.808933333333,514.1981485391358,1639.007081872469,34.62817401353699,1.5824781570187936,23.0,23.3,23.150000000000002
1011,639,18,0.62,1130.7235333333333,521.3027798181015,1652.0263131514348,34.708912486998386,1.5789815138247243,23.0,23.3,23.150000000000002
1011,640,18,0.62,1130.7235333333333,521.3020420302892,1652.0255753636222,34.708912486998386,1.579820425607214,23.0,23.3,23.150000000000002
1011,641,18,0.62,1130.7235333333333,521.4360451494002,1652.1595784827334,34.708912486998386,1.4227510295843633,23.0,23.3,23.150000000000002
1011,642,18,0.61,1124.808933333333,514.4484910967716,1639.2574244301047,34.62817401353699,1.2749646280098135,23.0,23.3,23.150000000000002
1011,643,18,0.59,1112.9797333333333,500.5275516565561,1613.5072849898895,34.46576981220285,1.1148530497580662,23.0,23.3,23.150000000000002
1011,644,18,0.5700000000000001,1101.1505333333334,486.81159212463785,1587.9621254579713,34.302114036113764,0.9772866444134093,23.0,23.3,23.150000000000002
1011,645,18,0.54,1083.4067333333335,466.5395655953561,1549.9462989286894,34.054242835186,0.9734868163897608,23.0,23.3,23.150000000000002
1011,646,18,0.52,1071.5775333333331,453.3133706331311,1524.8909039664643,33.88737580662169,0.9701378134506935,23.0,23.3,23.150000000000002
1011,647,18,0.51,1065.6629333333333,446.7841924285164,1512.4471257618497,33.8034491054765,0.9716499236405229,23.0,23.3,23.150000000000002
1011,648,18,0.49,1053.8337333333334,433.89100675265075,1487.7247400859842,33.63459687210719,0.9843923299532914,23.0,23.3,23.150000000000002
1011,649,18,0.48,1047.9191333333333,427.5995769461813,1475.5187102795146,33.54966627710388,0.8519954515226736,23.0,23.3,23.150000000000002
1011,650,18,0.47,1042.0045333333335,421.3510679607145,1463.3556012940478,33.46439594285134,0.7332471558022239,23.0,23.3,23.150000000000002
1011,651,18,0.45999999999999996,1036.0899333333334,415.1550061848788,1451.244939518212,33.37878326963981,0.6089863580853122,23.0,23.3,23.150000000000002
1011,652,18,0.44,1024.2607333333333,402.873159765353,1427.1338930986863,33.2065203671808,0.473259890804449,23.0,23.3,23.150000000000002
1011,653,18,0.43,1018.3461333333333,396.78543384097674,1415.13156717431,33.11986479706046,0.48212943417446247,23.0,23.3,23.150000000000002
1011,654,18,0.42000000000000004,1012.4315333333334,390.7525800383038,1403.1841133716373,33.03285620546629,0.4915647846431596,23.0,23.3,23.150000000000002
1011,655,18,0.41000000000000003,1006.5169333333331,384.7787398682649,1391.295673201598,32.94549184892777,0.48884538796460686,23.0,23.3,23.150000000000002
1011,656,18,0.42000000000000004,1012.4315333333334,390.75468585881777,1403.1862191921512,33.03285620546629,0.4855374378648746,23.0,23.3,23.150000000000002
1011,657,18,0.42000000000000004,1012.4315333333334,390.76676687333935,1403.198300206673,33.03285620546629,0.45047947560133206,23.0,23.3,23.150000000000002
1011,658,18,0.43,1018.3461333333333,396.805406691135,1415.1515400244682,33.11986479706046,0.42476879199275436,23.0,23.3,23.150000000000002
1011,659,18,0.44,1024.2607333333333,402.8976958124247,1427.158429145758,33.2065203671808,0.4034795536509559,23.0,23.3,23.150000000000002
1011,660,18,0.45999999999999996,1036.0899333333334,415.23702750058374,1451.3269608339172,33.37878326963981,0.394160594253543,23.0,23.3,23.150000000000002
1011,661,18,0.47,1042.0045333333335,421.47319493278445,1463.4777282661178,33.46439594285134,0.43588292719033056,23.0,23.3,23.150000000000002
1011,662,18,0.48,1047.9191333333333,427.76004805005874,1475.679181383392,33.54966627710388,0.4882727000617879,23.0,23.3,23.150000000000002
1011,663,18,0.49,1053.8337333333334,434.1005852522534,1487.9343185855867,33.63459687210719,0.5429628655190866,23.0,23.3,23.150000000000002
1011,664,18,0.51,1065.6629333333333,446.9719104431486,1512.6348437764818,33.8034491054765,0.5953389629813127,23.0,23.3,23.150000000000002
1011,665,18,0.53,1077.4921333333334,460.0780386590217,1537.570171992355,33.970972894788844,0.6270203650844842,23.0,23.3,23.150000000000002
1011,666,18,0.54,1083.4067333333335,466.7137051341163,1550.1204384674497,34.054242835186,0.6485653280947277,23.0,23.3,23.150000000000002
1011,667,18,0.54,1083.4067333333335,466.6993981943677,1550.106131527701,34.054242835186,0.6776105231964143,23.0,23.3,23.150000000000002
1011,668,18,0.54,1083.4067333333335,466.68680757888944,1550.0935409122228,34.054242835186,0.7027653755038816,23.0,23.3,23.150000000000002
1011,669,18,0.54,1083.4067333333335,466.71276573557356,1550.119499068907,34.054242835186,0.6504879740697267,23.0,23.3,23.150000000000002
1011,670,18,0.53,1077.4921333333334,460.08758670738916,1537.5797200407226,33.970972894788844,0.6067107705889817,23.0,23.3,23.150000000000002
1011,671,18,0.52,1071.5775333333331,453.5206584459792,1525.0981917793124,33.88737580662169,0.5579582457965742,23.0,23.3,23.150000000000002
